model_family,tau,nonlinear_layers,hidden_dim,alpha,lambda,validation_loss,family,initial_fitted_variance,architecture_lambda_zero_fitted_variance,max_lambda_zero_fitted_variance,achieved_r,valid_complexity_reference
dnn,0.05,2,4,0.0,0.2444312127604942,0.0899209929604594,dnn,1.8935111725099096e-12,1.9324999933623133e-11,0.7851186394691467,2.4117516478658512e-12,True
dnn,0.05,2,2,0.0,2.0090311238977194,0.0899209931839768,dnn,1.4210854715202004e-14,1.5683493614915278e-08,0.7851186394691467,1.8100264088508442e-14,True
dnn,0.05,2,2,0.5,7.4013339421880975,0.0899209931839768,dnn,5.684341886080802e-14,1.6458682239317568e-07,0.7851186394691467,7.240105635403377e-14,True
dnn,0.05,2,8,0.0,7.4013339421880975,0.0899209931839768,dnn,0.0,1.0007839001957564e-08,0.7851186394691467,0.0,True
dnn,0.05,2,4,0.0,7.4013339421880975,0.0899209931839768,dnn,1.4210854715202004e-14,1.9324999933623133e-11,0.7851186394691467,1.8100264088508442e-14,True
dnn,0.05,2,4,0.0,6.69493964544323,0.0899209931839768,dnn,1.4210854715202004e-14,1.9324999933623133e-11,0.7851186394691467,1.8100264088508442e-14,True
dnn,0.05,2,4,0.0,2.455349570439492,0.0899209931839768,dnn,1.4210854715202004e-14,1.9324999933623133e-11,0.7851186394691467,1.8100264088508442e-14,True
dnn,0.05,2,4,0.0,8.182261084470007,0.0899209931839768,dnn,1.4210854715202004e-14,1.9324999933623133e-11,0.7851186394691467,1.8100264088508442e-14,True
dnn,0.05,2,4,0.0,2.0090311238977194,0.0899209933826589,dnn,1.4210854715202004e-14,1.9324999933623133e-11,0.7851186394691467,1.8100264088508442e-14,True
dnn,0.05,2,2,0.5,1.1005421090383831,0.0899209935068353,dnn,7.980815986373402e-13,1.6458682239317568e-07,0.7851186394691467,1.016510828448753e-12,True
dnn,0.05,2,4,1.0,0.3650984560060393,0.0899216872055594,dnn,1.1217332618329579e-10,8.723098687823949e-09,0.7851186394691467,1.428743638784848e-10,True
dnn,0.05,2,4,0.0,0.9955047366910889,0.0899451550939941,dnn,7.787548072222573e-15,1.9324999933623133e-11,0.7851186394691467,9.918944323482216e-15,True
dnn,0.05,2,4,0.0,1.4869510248216484,0.0899451587944491,dnn,1.4210854715202004e-14,1.9324999933623133e-11,0.7851186394691467,1.8100264088508442e-14,True
dnn,0.05,2,4,0.0,1.643841718255735,0.0899451594401661,dnn,1.4210854715202004e-14,1.9324999933623133e-11,0.7851186394691467,1.8100264088508442e-14,True
dnn,0.05,2,2,0.0,0.2211023350218148,0.0899451595643425,dnn,1.3851363389605353e-09,1.5683493614915278e-08,0.7851186394691467,1.7642382556311323e-09,True
dnn,0.05,2,2,0.0,1.2166621504910964,0.0899451595643425,dnn,6.79847278191141e-14,1.5683493614915278e-08,0.7851186394691467,8.659166194943681e-14,True
dnn,0.05,2,8,0.0,9.045585157672232,0.0899451595643425,dnn,0.0,1.0007839001957564e-08,0.7851186394691467,0.0,True
dnn,0.05,2,2,0.0,4.482221685612751,0.0899451595643425,dnn,1.4210854715202004e-14,1.5683493614915278e-08,0.7851186394691467,1.8100264088508442e-14,True
dnn,0.05,2,8,0.0,4.955148403871969,0.0899451595643425,dnn,0.0,1.0007839001957564e-08,0.7851186394691467,0.0,True
dnn,0.05,2,8,0.0,5.477974412378556,0.0899451595643425,dnn,0.0,1.0007839001957564e-08,0.7851186394691467,0.0,True
dnn,0.05,2,8,0.0,0.6028741513057392,0.0899457591125631,dnn,1.8929370224074482e-11,1.0007839001957564e-08,0.7851186394691467,2.411020356983686e-11,True
dnn,0.05,2,4,0.0,0.7368062997280775,0.0899633477800204,dnn,2.040678722195228e-14,1.9324999933623133e-11,0.7851186394691467,2.5991979041218798e-14,True
dnn,0.05,2,4,0.0,0.4932873707061831,0.089963349493654,dnn,1.8383161475270943e-13,1.9324999933623133e-11,0.7851186394691467,2.3414501390134626e-13,True
dnn,0.05,2,8,0.0,0.8145479666433055,0.0899633498910183,dnn,2.2128575014046525e-12,1.0007839001957564e-08,0.7851186394691467,2.8185007846723176e-12,True
dnn,0.05,2,8,0.5,1.817286211563076,0.0899633535169675,dnn,1.4722445674684656e-14,1.2262222526260302e-07,0.7851186394691467,1.8751873837359344e-14,True
dnn,0.05,2,4,0.0,0.6028741513057392,0.0899633539888376,dnn,7.01447770310934e-14,1.9324999933623133e-11,0.7851186394691467,8.934290119327872e-14,True
dnn,0.05,2,4,0.0,5.477974412378556,0.0899633540633434,dnn,1.4210854715202004e-14,1.9324999933623133e-11,0.7851186394691467,1.8100264088508442e-14,True
dnn,0.05,2,2,0.5,2.455349570439492,0.0899633540633434,dnn,1.4210854715202004e-14,1.6458682239317568e-07,0.7851186394691467,1.8100264088508442e-14,True
dnn,0.05,2,4,0.0,9.045585157672232,0.0899633540633434,dnn,1.4210854715202004e-14,1.9324999933623133e-11,0.7851186394691467,1.8100264088508442e-14,True
dnn,0.05,2,8,1.0,1.4869510248216484,0.0899665188640103,dnn,1.384705745248807e-13,0.00038994240458123386,0.7851186394691467,1.7636898114978745e-13,True
dnn,0.05,2,8,0.0,4.482221685612751,0.0899665190378572,dnn,0.0,1.0007839001957564e-08,0.7851186394691467,0.0,True
dnn,0.05,2,2,0.5,4.054431795277528,0.0899665190378572,dnn,1.4210854715202004e-14,1.6458682239317568e-07,0.7851186394691467,1.8100264088508442e-14,True
dnn,0.05,2,4,0.5,3.667470807015676,0.0899665190378572,dnn,1.4210854715202004e-14,2.447398950167212e-10,0.7851186394691467,1.8100264088508442e-14,True
dnn,0.05,2,4,0.5,7.4013339421880975,0.0899665190378572,dnn,1.4210854715202004e-14,2.447398950167212e-10,0.7851186394691467,1.8100264088508442e-14,True
dnn,0.05,2,2,0.5,10.000000000000002,0.0899665190378572,dnn,5.684341886080802e-14,1.6458682239317568e-07,0.7851186394691467,7.240105635403377e-14,True
dnn,0.05,2,8,0.0,3.000820366267417,0.0899665191371983,dnn,1.4210854715202004e-14,1.0007839001957564e-08,0.7851186394691467,1.8100264088508442e-14,True
dnn,0.05,2,2,0.0,0.3302529174737275,0.0899665194848921,dnn,4.3249184789040385e-10,1.5683493614915278e-08,0.7851186394691467,5.508617757219859e-10,True
dnn,0.05,2,4,0.0,0.4462072918927006,0.0899673767735308,dnn,2.821707440186366e-13,1.9324999933623133e-11,0.7851186394691467,3.593988600365222e-13,True
dnn,0.05,2,4,0.0,0.5453349474995434,0.0899795865191136,dnn,1.1021938976741794e-13,1.9324999933623133e-11,0.7851186394691467,1.403856490299888e-13,True
dnn,0.05,2,2,0.0,0.4462072918927006,0.0899795978936666,dnn,1.2889012079853046e-10,1.5683493614915278e-08,0.7851186394691467,1.6416642570819454e-10,True
dnn,0.05,2,8,1.0,0.9955047366910889,0.0899795998308175,dnn,2.8745148622499883e-11,0.00038994240458123386,0.7851186394691467,3.661249036443173e-11,True
dnn,0.05,2,8,0.5,1.1005421090383831,0.0899795999301586,dnn,6.344862244107852e-13,1.2262222526260302e-07,0.7851186394691467,8.081405694810522e-13,True
dnn,0.05,2,8,0.0,0.900492287060531,0.08997960144511,dnn,9.485461461428146e-13,1.0007839001957564e-08,0.7851186394691467,1.2081564472653055e-12,True
dnn,0.05,2,4,0.0,3.000820366267417,0.0899796019418154,dnn,1.4210854715202004e-14,1.9324999933623133e-11,0.7851186394691467,1.8100264088508442e-14,True
dnn,0.05,2,8,0.0,8.182261084470007,0.0899796019418154,dnn,0.0,1.0007839001957564e-08,0.7851186394691467,0.0,True
dnn,0.05,2,8,0.0,3.317441949813717,0.0899796019418154,dnn,1.4210854715202004e-14,1.0007839001957564e-08,0.7851186394691467,1.8100264088508442e-14,True
dnn,0.05,2,8,0.5,3.000820366267417,0.0899796019666507,dnn,1.4210854715202004e-14,1.2262222526260302e-07,0.7851186394691467,1.8100264088508442e-14,True
dnn,0.05,2,4,0.0,0.2702215594677964,0.0899796022150034,dnn,1.469857113627071e-12,1.9324999933623133e-11,0.7851186394691467,1.8721465008408233e-12,True
dnn,0.05,2,4,0.5,0.4932873707061831,0.0899796284658823,dnn,9.611085798749697e-13,2.447398950167212e-10,0.7851186394691467,1.2241571293286548e-12,True
dnn,0.05,2,8,0.0,0.3650984560060393,0.089987566362021,dnn,2.214435995684383e-10,1.0007839001957564e-08,0.7851186394691467,2.8205113015552153e-10,True
dnn,0.05,2,8,1.0,0.7368062997280775,0.0899893334907269,dnn,6.792297835289673e-10,0.00038994240458123386,0.7851186394691467,8.651301209562729e-10,True
dnn,0.05,2,2,0.0,9.045585157672232,0.0899893412144955,dnn,1.4210854715202004e-14,1.5683493614915278e-08,0.7851186394691467,1.8100264088508442e-14,True
dnn,0.05,2,2,0.0,0.7368062997280775,0.0899893412144955,dnn,6.7074666133815075e-12,1.5683493614915278e-08,0.7851186394691467,8.54325228849072e-12,True
dnn,0.05,2,4,0.0,0.2987330888578299,0.0899925428893268,dnn,1.1248743906830394e-12,1.9324999933623133e-11,0.7851186394691467,1.4327444721521532e-12,True
dnn,0.05,2,2,0.0,0.4036206056789731,0.0899925516313414,dnn,2.0046116155914007e-10,1.5683493614915278e-08,0.7851186394691467,2.5532594882052563e-10,True
dnn,0.05,2,4,0.0,1.1005421090383831,0.0899925558781723,dnn,1.1198153339396326e-14,1.9324999933623133e-11,0.7851186394691467,1.4263007877341812e-14,True
dnn,0.05,2,2,0.0,8.182261084470007,0.0899925563500424,dnn,1.4210854715202004e-14,1.5683493614915278e-08,0.7851186394691467,1.8100264088508442e-14,True
dnn,0.05,2,8,0.0,6.69493964544323,0.0899925563500424,dnn,0.0,1.0007839001957564e-08,0.7851186394691467,0.0,True
dnn,0.05,2,2,0.0,2.455349570439492,0.0899925563500424,dnn,1.4210854715202004e-14,1.5683493614915278e-08,0.7851186394691467,1.8100264088508442e-14,True
dnn,0.05,2,4,0.0,0.8145479666433055,0.089992556499054,dnn,1.2050804656189764e-14,1.9324999933623133e-11,0.7851186394691467,1.5349023765806712e-14,True
dnn,0.05,2,2,0.0,2.221007363126434,0.0899938753595114,dnn,1.4210854715202004e-14,1.5683493614915278e-08,0.7851186394691467,1.8100264088508442e-14,True
dnn,0.05,2,2,0.5,0.4036206056789731,0.0899943408137659,dnn,1.2661883763698256e-09,1.6458682239317568e-07,0.7851186394691467,1.6127350857775474e-09,True
dnn,0.05,2,4,0.0,0.2,0.0900028013463135,dnn,2.881165575216449e-12,1.9324999933623133e-11,0.7851186394691467,3.669720002017188e-12,True
dnn,0.05,2,8,0.5,0.5453349474995434,0.0900067072039898,dnn,2.2114346465151868e-10,1.2262222526260302e-07,0.7851186394691467,2.8166885045684753e-10,True
dnn,0.05,2,4,0.5,0.3302529174737275,0.0900111451300698,dnn,6.10634763240081e-12,2.447398950167212e-10,0.7851186394691467,7.777611338497301e-12,True
dnn,0.05,2,2,1.0,0.2444312127604942,0.0900123867196557,dnn,9.851829929630185e-08,6.563291208294686e-06,0.7851186394691467,1.2548205372237042e-07,True
dnn,0.05,2,2,0.0,0.3650984560060393,0.0900123884829598,dnn,2.9879015928102604e-10,1.5683493614915278e-08,0.7851186394691467,3.8056689048046446e-10,True
dnn,0.05,2,8,1.0,0.8145479666433055,0.090012395436835,dnn,2.534706056156466e-10,0.00038994240458123386,0.7851186394691467,3.228436988670008e-10,True
dnn,0.05,2,8,0.0,2.455349570439492,0.0900123959335404,dnn,1.4210854715202004e-14,1.0007839001957564e-08,0.7851186394691467,1.8100264088508442e-14,True
dnn,0.05,2,2,0.0,0.9955047366910889,0.0900123959832109,dnn,5.036895379950668e-13,1.5683493614915278e-08,0.7851186394691467,6.41545764772103e-13,True
dnn,0.05,2,4,0.0,3.667470807015676,0.0900123960080462,dnn,1.4210854715202004e-14,1.9324999933623133e-11,0.7851186394691467,1.8100264088508442e-14,True
dnn,0.05,2,8,1.0,4.955148403871969,0.0900123960080462,dnn,5.684341886080802e-14,0.00038994240458123386,0.7851186394691467,7.240105635403377e-14,True
dnn,0.05,2,2,0.0,5.477974412378556,0.0900123960080462,dnn,1.4210854715202004e-14,1.5683493614915278e-08,0.7851186394691467,1.8100264088508442e-14,True
dnn,0.05,2,8,0.5,5.477974412378556,0.0900123960080462,dnn,5.684341886080802e-14,1.2262222526260302e-07,0.7851186394691467,7.240105635403377e-14,True
dnn,0.05,2,4,0.5,2.221007363126434,0.0900123960080462,dnn,1.4210854715202004e-14,2.447398950167212e-10,0.7851186394691467,1.8100264088508442e-14,True
dnn,0.05,2,8,0.0,10.000000000000002,0.0900123960080462,dnn,0.0,1.0007839001957564e-08,0.7851186394691467,0.0,True
dnn,0.05,2,4,0.0,4.482221685612751,0.0900123960080462,dnn,1.4210854715202004e-14,1.9324999933623133e-11,0.7851186394691467,1.8100264088508442e-14,True
dnn,0.05,2,8,1.0,2.0090311238977194,0.0900123960080462,dnn,6.252776210214153e-14,0.00038994240458123386,0.7851186394691467,7.964116371561285e-14,True
dnn,0.05,2,8,1.0,3.317441949813717,0.0900123960080462,dnn,5.684341886080802e-14,0.00038994240458123386,0.7851186394691467,7.240105635403377e-14,True
dnn,0.05,2,4,0.0,4.054431795277528,0.0900123960080462,dnn,1.4210854715202004e-14,1.9324999933623133e-11,0.7851186394691467,1.8100264088508442e-14,True
dnn,0.05,2,8,0.0,3.667470807015676,0.0900123960328814,dnn,1.4210854715202004e-14,1.0007839001957564e-08,0.7851186394691467,1.8100264088508442e-14,True
dnn,0.05,2,4,1.0,1.4869510248216484,0.0900123960328814,dnn,1.3926637891948507e-14,8.723098687823949e-09,0.7851186394691467,1.7738259151973413e-14,True
dnn,0.05,2,2,1.0,0.4932873707061831,0.090012396082552,dnn,3.0791003080565815e-09,6.563291208294686e-06,0.7851186394691467,3.921828056634214e-09,True
dnn,0.05,2,8,0.5,1.2166621504910964,0.0900123967531042,dnn,1.8957280406919907e-13,1.2262222526260302e-07,0.7851186394691467,2.4145752570258375e-13,True
dnn,0.05,2,8,0.5,0.3650984560060393,0.0900227170280908,dnn,1.6616104048239322e-09,1.2262222526260302e-07,0.7851186394691467,2.116381297414388e-09,True
dnn,0.05,2,8,0.0,0.5453349474995434,0.0900290453791717,dnn,3.404386494931799e-11,1.0007839001957564e-08,0.7851186394691467,4.336142748099389e-11,True
dnn,0.05,2,2,0.5,0.3302529174737275,0.0900298817068437,dnn,2.909516849669558e-09,1.6458682239317568e-07,0.7851186394691467,3.705830817667009e-09,True
dnn,0.05,2,4,0.5,0.900492287060531,0.0900298831969598,dnn,1.2562395615672416e-14,2.447398950167212e-10,0.7851186394691467,1.6000633514657614e-14,True
dnn,0.05,2,4,1.0,0.900492287060531,0.0900298840910295,dnn,3.106492927479332e-13,8.723098687823949e-09,0.7851186394691467,3.9567178402231903e-13,True
dnn,0.05,2,2,0.5,0.2987330888578299,0.0900298847615818,dnn,4.120785934702553e-09,1.6458682239317568e-07,0.7851186394691467,5.248615594566444e-09,True
dnn,0.05,2,2,1.0,0.6028741513057392,0.0900298849602639,dnn,7.801655432793098e-10,6.563291208294686e-06,0.7851186394691467,9.9369127678183e-10,True
dnn,0.05,2,2,1.0,1.3450342120312204,0.0900298852086166,dnn,2.226556748219713e-13,6.563291208294686e-06,0.7851186394691467,2.835949417434779e-13,True
dnn,0.05,2,2,1.0,4.955148403871969,0.0900298852334519,dnn,5.684341886080802e-14,6.563291208294686e-06,0.7851186394691467,7.240105635403377e-14,True
dnn,0.05,2,8,0.5,6.055964668833263,0.0900298852334519,dnn,5.684341886080802e-14,1.2262222526260302e-07,0.7851186394691467,7.240105635403377e-14,True
dnn,0.05,2,8,0.5,6.69493964544323,0.0900298852334519,dnn,5.684341886080802e-14,1.2262222526260302e-07,0.7851186394691467,7.240105635403377e-14,True
dnn,0.05,2,8,1.0,3.667470807015676,0.0900298852334519,dnn,5.684341886080802e-14,0.00038994240458123386,0.7851186394691467,7.240105635403377e-14,True
dnn,0.05,2,8,1.0,6.69493964544323,0.0900298852334519,dnn,5.684341886080802e-14,0.00038994240458123386,0.7851186394691467,7.240105635403377e-14,True
dnn,0.05,2,2,1.0,4.482221685612751,0.0900298852334519,dnn,5.684341886080802e-14,6.563291208294686e-06,0.7851186394691467,7.240105635403377e-14,True
dnn,0.05,2,4,0.5,4.955148403871969,0.0900298852334519,dnn,1.4210854715202004e-14,2.447398950167212e-10,0.7851186394691467,1.8100264088508442e-14,True
dnn,0.05,2,2,0.0,7.4013339421880975,0.0900298852334519,dnn,1.4210854715202004e-14,1.5683493614915278e-08,0.7851186394691467,1.8100264088508442e-14,True
dnn,0.05,2,2,0.5,6.69493964544323,0.0900298852334519,dnn,5.684341886080802e-14,1.6458682239317568e-07,0.7851186394691467,7.240105635403377e-14,True
dnn,0.05,2,4,0.0,1.817286211563076,0.0900298852334519,dnn,1.4210854715202004e-14,1.9324999933623133e-11,0.7851186394691467,1.8100264088508442e-14,True
dnn,0.05,2,4,0.5,2.714417616594908,0.0900298852582871,dnn,1.4210854715202004e-14,2.447398950167212e-10,0.7851186394691467,1.8100264088508442e-14,True
dnn,0.05,2,4,0.5,2.0090311238977194,0.090029885705322,dnn,0.0,2.447398950167212e-10,0.7851186394691467,0.0,True
dnn,0.05,2,8,0.5,0.900492287060531,0.0900298865497211,dnn,4.881201345896535e-12,1.2262222526260302e-07,0.7851186394691467,6.217151269261586e-12,True
dnn,0.05,2,4,0.5,0.2702215594677964,0.0900298877914845,dnn,1.2002772040164977e-11,2.447398950167212e-10,0.7851186394691467,1.5287844966055806e-11,True
dnn,0.05,2,4,0.5,0.4036206056789731,0.0900298924210773,dnn,2.6572023661269872e-12,2.447398950167212e-10,0.7851186394691467,3.3844596632219034e-12,True
dnn,0.05,2,8,0.0,1.2166621504910964,0.0900298924459126,dnn,4.706635133174507e-14,1.0007839001957564e-08,0.7851186394691467,5.994807531708673e-14,True
dnn,0.05,2,2,1.0,0.5453349474995434,0.0900298949542747,dnn,1.5902662520161925e-09,6.563291208294686e-06,0.7851186394691467,2.025510759866103e-09,True
dnn,0.05,2,8,1.0,1.3450342120312204,0.0900298958483444,dnn,5.852030015088272e-13,0.00038994240458123386,0.7851186394691467,7.453688806885399e-13,True
dnn,0.05,2,2,1.0,0.6664844128899691,0.0900298962953792,dnn,3.620674593474149e-10,6.563291208294686e-06,0.7851186394691467,4.6116273534433556e-10,True
dnn,0.05,2,8,0.5,2.714417616594908,0.0900298965934024,dnn,0.0,1.2262222526260302e-07,0.7851186394691467,0.0,True
dnn,0.05,2,2,1.0,3.667470807015676,0.090029896643073,dnn,5.684341886080802e-14,6.563291208294686e-06,0.7851186394691467,7.240105635403377e-14,True
dnn,0.05,2,2,1.0,7.4013339421880975,0.090029896643073,dnn,5.684341886080802e-14,6.563291208294686e-06,0.7851186394691467,7.240105635403377e-14,True
dnn,0.05,2,2,1.0,6.055964668833263,0.090029896643073,dnn,5.684341886080802e-14,6.563291208294686e-06,0.7851186394691467,7.240105635403377e-14,True
dnn,0.05,2,2,1.0,9.045585157672232,0.090029896643073,dnn,5.684341886080802e-14,6.563291208294686e-06,0.7851186394691467,7.240105635403377e-14,True
dnn,0.05,2,4,0.5,4.054431795277528,0.090029896643073,dnn,1.4210854715202004e-14,2.447398950167212e-10,0.7851186394691467,1.8100264088508442e-14,True
dnn,0.05,2,8,0.5,4.054431795277528,0.090029896643073,dnn,5.684341886080802e-14,1.2262222526260302e-07,0.7851186394691467,7.240105635403377e-14,True
dnn,0.05,2,8,0.5,9.045585157672232,0.090029896643073,dnn,5.684341886080802e-14,1.2262222526260302e-07,0.7851186394691467,7.240105635403377e-14,True
dnn,0.05,2,2,1.0,1.643841718255735,0.090029896643073,dnn,8.225242860947224e-14,6.563291208294686e-06,0.7851186394691467,1.0476433047760365e-13,True
dnn,0.05,2,4,1.0,5.477974412378556,0.090029896643073,dnn,1.4210854715202004e-14,8.723098687823949e-09,0.7851186394691467,1.8100264088508442e-14,True
dnn,0.05,2,4,1.0,3.667470807015676,0.090029896643073,dnn,1.4210854715202004e-14,8.723098687823949e-09,0.7851186394691467,1.8100264088508442e-14,True
dnn,0.05,2,2,0.0,0.8145479666433055,0.0900298966679082,dnn,3.0193519125892854e-12,1.5683493614915278e-08,0.7851186394691467,3.845726952337805e-12,True
dnn,0.05,2,2,1.0,0.900492287060531,0.0900298966679082,dnn,2.4634743897578026e-11,6.563291208294686e-06,0.7851186394691467,3.137709724257045e-11,True
dnn,0.05,2,2,0.0,1.643841718255735,0.0900298966679082,dnn,1.0288658488545599e-14,1.5683493614915278e-08,0.7851186394691467,1.3104590785797945e-14,True
dnn,0.05,2,8,0.0,2.221007363126434,0.0900298968665904,dnn,0.0,1.0007839001957564e-08,0.7851186394691467,0.0,True
dnn,0.05,2,2,0.5,1.4869510248216484,0.0900298969162609,dnn,1.89857014116189e-14,1.6458682239317568e-07,0.7851186394691467,2.4181952200824028e-14,True
dnn,0.05,2,4,0.5,1.817286211563076,0.0900298971149431,dnn,0.0,2.447398950167212e-10,0.7851186394691467,0.0,True
dnn,0.05,2,8,0.0,1.3450342120312204,0.0900298971397783,dnn,2.233946399176831e-14,1.0007839001957564e-08,0.7851186394691467,2.8453615630464464e-14,True
dnn,0.05,2,2,0.5,0.6664844128899691,0.0900298971894489,dnn,7.054341832901656e-11,1.6458682239317568e-07,0.7851186394691467,8.98506477654308e-11,True
dnn,0.05,2,4,0.5,0.8145479666433055,0.0900298973384605,dnn,3.234390565706041e-14,2.447398950167212e-10,0.7851186394691467,4.119620147972738e-14,True
dnn,0.05,2,2,0.5,0.900492287060531,0.0900298974626368,dnn,6.066216105826694e-12,1.6458682239317568e-07,0.7851186394691467,7.726496099912148e-12,True
dnn,0.05,2,8,0.0,0.9955047366910889,0.0900298998964932,dnn,3.7317704807381114e-13,1.0007839001957564e-08,0.7851186394691467,4.753129391070534e-13,True
dnn,0.05,2,8,0.0,0.4462072918927006,0.0900308475794371,dnn,9.491105817938106e-11,1.0007839001957564e-08,0.7851186394691467,1.2088753649200662e-10,True
dnn,0.05,2,8,0.0,0.7368062997280775,0.0900390773126532,dnn,4.821117897263472e-12,1.0007839001957564e-08,0.7851186394691467,6.1406234101425e-12,True
dnn,0.05,2,2,0.0,0.2,0.0900425887217223,dnn,1.7374405247849722e-09,1.5683493614915278e-08,0.7851186394691467,2.2129655792654882e-09,True
dnn,0.05,2,2,0.0,2.714417616594908,0.090044260333985,dnn,1.4210854715202004e-14,1.5683493614915278e-08,0.7851186394691467,1.8100264088508442e-14,True
dnn,0.05,2,2,0.0,3.667470807015676,0.090044260333985,dnn,0.0,1.5683493614915278e-08,0.7851186394691467,0.0,True
dnn,0.05,2,2,0.0,3.000820366267417,0.090044260333985,dnn,0.0,1.5683493614915278e-08,0.7851186394691467,0.0,True
dnn,0.05,2,4,1.0,2.455349570439492,0.090044260333985,dnn,1.4210854715202004e-14,8.723098687823949e-09,0.7851186394691467,1.8100264088508442e-14,True
dnn,0.05,2,4,0.0,1.2166621504910964,0.0900442607561846,dnn,1.3699263755719351e-14,1.9324999933623133e-11,0.7851186394691467,1.744865433965754e-14,True
dnn,0.05,2,8,0.5,0.4036206056789731,0.0900544015938903,dnn,1.0760228263961835e-09,1.2262222526260302e-07,0.7851186394691467,1.3705225838527154e-09,True
dnn,0.05,2,4,1.0,0.4462072918927006,0.0900564153739019,dnn,4.454926705310669e-11,8.723098687823949e-09,0.7851186394691467,5.6742083060502055e-11,True
dnn,0.05,2,4,0.0,0.3302529174737275,0.0900566532997242,dnn,8.393499111893077e-13,1.9324999933623133e-11,0.7851186394691467,1.0690739832095047e-12,True
dnn,0.05,2,8,0.0,0.6664844128899691,0.0900606229071431,dnn,9.845962586907397e-12,1.0007839001957564e-08,0.7851186394691467,1.2540732179743798e-11,True
dnn,0.05,2,2,0.0,0.4932873707061831,0.0900606267566097,dnn,7.920067379707518e-11,1.5683493614915278e-08,0.7851186394691467,1.0087733218335798e-10,True
dnn,0.05,2,4,0.0,1.3450342120312204,0.0900606272284798,dnn,1.4210854715202004e-14,1.9324999933623133e-11,0.7851186394691467,1.8100264088508442e-14,True
dnn,0.05,2,4,0.0,10.000000000000002,0.0900606272533151,dnn,1.4210854715202004e-14,1.9324999933623133e-11,0.7851186394691467,1.8100264088508442e-14,True
dnn,0.05,2,2,0.0,1.3450342120312204,0.0900606272533151,dnn,2.330580152964338e-14,1.5683493614915278e-08,0.7851186394691467,2.968443284622749e-14,True
dnn,0.05,2,4,0.5,2.455349570439492,0.0900606273278209,dnn,1.4210854715202004e-14,2.447398950167212e-10,0.7851186394691467,1.8100264088508442e-14,True
dnn,0.05,2,4,0.5,0.6664844128899691,0.0900637410082623,dnn,1.442117502888432e-13,2.447398950167212e-10,0.7851186394691467,1.8368147568926793e-13,True
dnn,0.05,2,2,0.5,0.4462072918927006,0.0900637471674089,dnn,7.845229466063586e-10,1.6458682239317568e-07,0.7851186394691467,9.99241270257969e-10,True
dnn,0.05,2,8,0.0,2.0090311238977194,0.0900637477882906,dnn,0.0,1.0007839001957564e-08,0.7851186394691467,0.0,True
dnn,0.05,2,4,0.0,2.714417616594908,0.0900637479373022,dnn,1.4210854715202004e-14,1.9324999933623133e-11,0.7851186394691467,1.8100264088508442e-14,True
dnn,0.05,2,2,0.5,1.817286211563076,0.0900637479621375,dnn,7.389644604370972e-16,1.6458682239317568e-07,0.7851186394691467,9.412137520219157e-16,True
dnn,0.05,2,4,0.5,10.000000000000002,0.0900637479621375,dnn,1.4210854715202004e-14,2.447398950167212e-10,0.7851186394691467,1.8100264088508442e-14,True
dnn,0.05,2,4,0.0,4.955148403871969,0.0900637479621375,dnn,1.4210854715202004e-14,1.9324999933623133e-11,0.7851186394691467,1.8100264088508442e-14,True
dnn,0.05,2,8,1.0,2.714417616594908,0.0900637479621375,dnn,5.684341886080802e-14,0.00038994240458123386,0.7851186394691467,7.240105635403377e-14,True
dnn,0.05,2,2,0.5,9.045585157672232,0.0900637479621375,dnn,5.684341886080802e-14,1.6458682239317568e-07,0.7851186394691467,7.240105635403377e-14,True
dnn,0.05,2,2,0.5,1.2166621504910964,0.0900637480863138,dnn,2.355591307949545e-13,1.6458682239317568e-07,0.7851186394691467,3.000299813977495e-13,True
dnn,0.05,2,2,0.5,1.643841718255735,0.0900637485581839,dnn,1.574562759364996e-14,1.6458682239317568e-07,0.7851186394691467,2.005509333506115e-14,True
dnn,0.05,2,8,0.0,1.643841718255735,0.0900637497751121,dnn,6.3664631089221414e-15,1.0007839001957564e-08,0.7851186394691467,8.10891856194726e-15,True
dnn,0.05,2,2,0.0,0.2444312127604942,0.0900637568283284,dnn,1.0801329830556483e-09,1.5683493614915278e-08,0.7851186394691467,1.375757661015377e-09,True
dnn,0.05,2,2,0.0,0.2702215594677964,0.0900652084497814,dnn,8.180848776184746e-10,1.5683493614915278e-08,0.7851186394691467,1.0419888619274379e-09,True
dnn,0.05,2,2,0.0,0.2987330888578299,0.0900692385403233,dnn,6.04854000219035e-10,1.5683493614915278e-08,0.7851186394691467,7.703982173038248e-10,True
dnn,0.05,2,4,0.0,0.3650984560060393,0.0900698561437843,dnn,6.096456889662094e-13,1.9324999933623133e-11,0.7851186394691467,7.765013570158234e-13,True
dnn,0.05,2,2,1.0,8.182261084470007,0.0900698596703924,dnn,5.684341886080802e-14,6.563291208294686e-06,0.7851186394691467,7.240105635403377e-14,True
dnn,0.05,2,2,0.0,0.6664844128899691,0.0900698596703924,dnn,1.3613941571288812e-11,1.5683493614915278e-08,0.7851186394691467,1.73399800831296e-11,True
dnn,0.05,2,8,1.0,0.6664844128899691,0.0900700832653248,dnn,1.7156194243028722e-09,0.00038994240458123386,0.7851186394691467,2.185172199532644e-09,True
dnn,0.05,2,2,0.0,1.4869510248216484,0.0900702068456217,dnn,6.082245862152171e-15,1.5683493614915278e-08,0.7851186394691467,7.746913085982324e-15,True
dnn,0.05,2,2,0.0,6.055964668833263,0.0900702071684802,dnn,1.4210854715202004e-14,1.5683493614915278e-08,0.7851186394691467,1.8100264088508442e-14,True
dnn,0.05,2,2,0.0,0.900492287060531,0.0900702071933154,dnn,1.2917667152959056e-12,1.5683493614915278e-08,0.7851186394691467,1.6453140332642287e-12,True
dnn,0.05,2,2,0.0,0.5453349474995434,0.0900702072181507,dnn,4.651281096390569e-11,1.5683493614915278e-08,0.7851186394691467,5.924303490661621e-11,True
dnn,0.05,2,8,0.0,2.714417616594908,0.0900702072926565,dnn,5.684341886080802e-14,1.0007839001957564e-08,0.7851186394691467,7.240105635403377e-14,True
dnn,0.05,2,8,0.5,0.6664844128899691,0.0900722638237394,dnn,5.875006037214803e-11,1.2262222526260302e-07,0.7851186394691467,7.482953202062752e-11,True
dnn,0.05,2,4,1.0,0.4932873707061831,0.0900790210829108,dnn,2.620129113672931e-11,8.723098687823949e-09,0.7851186394691467,3.337239726526574e-11,True
dnn,0.05,2,8,1.0,0.900492287060531,0.0900792134569018,dnn,8.843977633565814e-11,0.00038994240458123386,0.7851186394691467,1.1264511105666293e-10,True
dnn,0.05,2,2,0.5,0.3650984560060393,0.0900792245085964,dnn,1.957272344199623e-09,1.6458682239317568e-07,0.7851186394691467,2.492963796558213e-09,True
dnn,0.05,2,2,1.0,0.3650984560060393,0.0900792276378402,dnn,1.7028003895802613e-08,6.563291208294686e-06,0.7851186394691467,2.168844686621629e-08,True
dnn,0.05,2,2,0.5,0.8145479666433055,0.0900792299226849,dnn,1.4783381116489913e-11,1.6458682239317568e-07,0.7851186394691467,1.8829486874092822e-11,True
dnn,0.05,2,4,1.0,0.6664844128899691,0.0900792315618127,dnn,3.818172340797066e-12,8.723098687823949e-09,0.7851186394691467,4.863178822730155e-12,True
dnn,0.05,2,2,1.0,0.3302529174737275,0.0900792319343417,dnn,2.7791291046241895e-08,6.563291208294686e-06,0.7851186394691467,3.5397568786588496e-08,True
dnn,0.05,2,2,1.0,0.8145479666433055,0.0900792321081886,dnn,6.468747065779823e-11,6.563291208294686e-06,0.7851186394691467,8.239196906793128e-11,True
dnn,0.05,2,8,0.0,1.817286211563076,0.0900792321578591,dnn,1.4210854715202004e-14,1.0007839001957564e-08,0.7851186394691467,1.8100264088508442e-14,True
dnn,0.05,2,4,0.0,0.900492287060531,0.0900792323068707,dnn,4.5474734072206875e-15,1.9324999933623133e-11,0.7851186394691467,5.792084378859524e-15,True
dnn,0.05,2,4,0.5,1.643841718255735,0.0900792325552234,dnn,0.0,2.447398950167212e-10,0.7851186394691467,0.0,True
dnn,0.05,2,2,0.0,10.000000000000002,0.0900792327290703,dnn,1.4210854715202004e-14,1.5683493614915278e-08,0.7851186394691467,1.8100264088508442e-14,True
dnn,0.05,2,2,0.0,6.69493964544323,0.0900792327290703,dnn,1.4210854715202004e-14,1.5683493614915278e-08,0.7851186394691467,1.8100264088508442e-14,True
dnn,0.05,2,2,0.5,8.182261084470007,0.0900792327290703,dnn,5.684341886080802e-14,1.6458682239317568e-07,0.7851186394691467,7.240105635403377e-14,True
dnn,0.05,2,4,0.5,8.182261084470007,0.0900792327290703,dnn,1.4210854715202004e-14,2.447398950167212e-10,0.7851186394691467,1.8100264088508442e-14,True
dnn,0.05,2,8,0.5,3.667470807015676,0.0900792327290703,dnn,5.684341886080802e-14,1.2262222526260302e-07,0.7851186394691467,7.240105635403377e-14,True
dnn,0.05,2,8,0.5,3.317441949813717,0.0900792327290703,dnn,1.4210854715202004e-14,1.2262222526260302e-07,0.7851186394691467,1.8100264088508442e-14,True
dnn,0.05,2,8,0.5,4.482221685612751,0.0900792327290703,dnn,5.684341886080802e-14,1.2262222526260302e-07,0.7851186394691467,7.240105635403377e-14,True
dnn,0.05,2,2,1.0,4.054431795277528,0.0900792327290703,dnn,5.684341886080802e-14,6.563291208294686e-06,0.7851186394691467,7.240105635403377e-14,True
dnn,0.05,2,2,1.0,2.455349570439492,0.0900792327290703,dnn,5.684341886080802e-14,6.563291208294686e-06,0.7851186394691467,7.240105635403377e-14,True
dnn,0.05,2,2,1.0,2.221007363126434,0.0900792327290703,dnn,5.684341886080802e-14,6.563291208294686e-06,0.7851186394691467,7.240105635403377e-14,True
dnn,0.05,2,2,0.0,1.817286211563076,0.0900792327290703,dnn,1.3926637891948507e-14,1.5683493614915278e-08,0.7851186394691467,1.7738259151973413e-14,True
dnn,0.05,2,2,0.5,4.482221685612751,0.0900792327290703,dnn,5.684341886080802e-14,1.6458682239317568e-07,0.7851186394691467,7.240105635403377e-14,True
dnn,0.05,2,2,0.5,2.221007363126434,0.0900792327290703,dnn,1.1141309805339037e-14,1.6458682239317568e-07,0.7851186394691467,1.4190606674262844e-14,True
dnn,0.05,2,4,1.0,6.055964668833263,0.0900792327290703,dnn,1.4210854715202004e-14,8.723098687823949e-09,0.7851186394691467,1.8100264088508442e-14,True
dnn,0.05,2,4,1.0,9.045585157672232,0.0900792327290703,dnn,1.4210854715202004e-14,8.723098687823949e-09,0.7851186394691467,1.8100264088508442e-14,True
dnn,0.05,2,4,1.0,4.482221685612751,0.0900792327290703,dnn,1.4210854715202004e-14,8.723098687823949e-09,0.7851186394691467,1.8100264088508442e-14,True
dnn,0.05,2,4,1.0,3.317441949813717,0.0900792327290703,dnn,1.4210854715202004e-14,8.723098687823949e-09,0.7851186394691467,1.8100264088508442e-14,True
dnn,0.05,2,4,1.0,7.4013339421880975,0.0900792327290703,dnn,1.4210854715202004e-14,8.723098687823949e-09,0.7851186394691467,1.8100264088508442e-14,True
dnn,0.05,2,2,0.5,6.055964668833263,0.0900792327290703,dnn,5.684341886080802e-14,1.6458682239317568e-07,0.7851186394691467,7.240105635403377e-14,True
dnn,0.05,2,8,0.5,8.182261084470007,0.0900792327290703,dnn,5.684341886080802e-14,1.2262222526260302e-07,0.7851186394691467,7.240105635403377e-14,True
dnn,0.05,2,4,1.0,3.000820366267417,0.0900792327290703,dnn,1.4210854715202004e-14,8.723098687823949e-09,0.7851186394691467,1.8100264088508442e-14,True
dnn,0.05,2,4,1.0,10.000000000000002,0.0900792327290703,dnn,1.4210854715202004e-14,8.723098687823949e-09,0.7851186394691467,1.8100264088508442e-14,True
dnn,0.05,2,8,0.5,7.4013339421880975,0.0900792327290703,dnn,5.684341886080802e-14,1.2262222526260302e-07,0.7851186394691467,7.240105635403377e-14,True
dnn,0.05,2,4,1.0,1.2166621504910964,0.0900792327539056,dnn,2.091837818143493e-14,8.723098687823949e-09,0.7851186394691467,2.6643588790069697e-14,True
dnn,0.05,2,2,1.0,1.2166621504910964,0.0900792327539056,dnn,8.300276156496256e-13,6.563291208294686e-06,0.7851186394691467,1.057200242005264e-12,True
dnn,0.05,2,4,1.0,2.0090311238977194,0.0900792327539056,dnn,1.4210854715202004e-14,8.723098687823949e-09,0.7851186394691467,1.8100264088508442e-14,True
dnn,0.05,2,2,1.0,0.4036206056789731,0.0900792331264346,dnn,1.0041411258043809e-08,6.563291208294686e-06,0.7851186394691467,1.2789673755336198e-08,True
dnn,0.05,2,2,1.0,0.2702215594677964,0.0900792333251168,dnn,6.669881713605719e-08,6.563291208294686e-06,0.7851186394691467,8.495380670258343e-08,True
dnn,0.05,2,4,0.5,0.6028741513057392,0.0900792335237989,dnn,2.81829681120227e-13,2.447398950167212e-10,0.7851186394691467,3.589644506603288e-13,True
dnn,0.05,2,8,0.0,1.4869510248216484,0.0900792336976458,dnn,2.4385826135633025e-14,1.0007839001957564e-08,0.7851186394691467,3.106005246814845e-14,True
dnn,0.05,2,2,0.5,0.6028741513057392,0.0900792340205043,dnn,1.4016200700073256e-10,1.6458682239317568e-07,0.7851186394691467,1.7852334660593748e-10,True
dnn,0.05,2,8,0.5,0.8145479666433055,0.0900792362060079,dnn,1.2055522378984218e-11,1.2262222526260302e-07,0.7851186394691467,1.535503269561335e-11,True
dnn,0.05,2,2,0.5,0.7368062997280775,0.0900815114394753,dnn,3.3399318033477954e-11,1.6458682239317568e-07,0.7851186394691467,4.254047268074122e-11,True
dnn,0.05,2,8,0.5,0.7368062997280775,0.0900824953034135,dnn,2.7540636438061483e-11,1.2262222526260302e-07,0.7851186394691467,3.5078311803529364e-11,True
dnn,0.05,2,8,1.0,1.1005421090383831,0.0900825006678315,dnn,8.594724758281824e-12,0.00038994240458123386,0.7851186394691467,1.0947039499779416e-11,True
dnn,0.05,2,2,0.5,0.5453349474995434,0.0900825008168431,dnn,2.621201311558963e-10,1.6458682239317568e-07,0.7851186394691467,3.3386053773112206e-10,True
dnn,0.05,2,2,1.0,0.9955047366910889,0.0900825024311356,dnn,8.66714339187169e-12,6.563291208294686e-06,0.7851186394691467,1.1039278595820788e-11,True
dnn,0.05,2,8,1.0,4.054431795277528,0.0900825024559709,dnn,5.684341886080802e-14,0.00038994240458123386,0.7851186394691467,7.240105635403377e-14,True
dnn,0.05,2,2,0.0,4.955148403871969,0.0900825024559709,dnn,1.4210854715202004e-14,1.5683493614915278e-08,0.7851186394691467,1.8100264088508442e-14,True
dnn,0.05,2,8,1.0,4.482221685612751,0.0900825024559709,dnn,5.684341886080802e-14,0.00038994240458123386,0.7851186394691467,7.240105635403377e-14,True
dnn,0.05,2,2,0.5,2.714417616594908,0.0900825024559709,dnn,0.0,1.6458682239317568e-07,0.7851186394691467,0.0,True
dnn,0.05,2,4,1.0,6.69493964544323,0.0900825024559709,dnn,1.4210854715202004e-14,8.723098687823949e-09,0.7851186394691467,1.8100264088508442e-14,True
dnn,0.05,2,8,1.0,5.477974412378556,0.0900825024559709,dnn,5.684341886080802e-14,0.00038994240458123386,0.7851186394691467,7.240105635403377e-14,True
dnn,0.05,2,8,0.5,4.955148403871969,0.0900825024559709,dnn,5.684341886080802e-14,1.2262222526260302e-07,0.7851186394691467,7.240105635403377e-14,True
dnn,0.05,2,8,1.0,2.455349570439492,0.0900825024559709,dnn,5.684341886080802e-14,0.00038994240458123386,0.7851186394691467,7.240105635403377e-14,True
dnn,0.05,2,4,0.0,3.317441949813717,0.0900825024559709,dnn,1.4210854715202004e-14,1.9324999933623133e-11,0.7851186394691467,1.8100264088508442e-14,True
dnn,0.05,2,4,0.5,6.69493964544323,0.0900825024559709,dnn,1.4210854715202004e-14,2.447398950167212e-10,0.7851186394691467,1.8100264088508442e-14,True
dnn,0.05,2,2,1.0,6.69493964544323,0.0900825024559709,dnn,5.684341886080802e-14,6.563291208294686e-06,0.7851186394691467,7.240105635403377e-14,True
dnn,0.05,2,2,1.0,2.714417616594908,0.0900825024559709,dnn,5.684341886080802e-14,6.563291208294686e-06,0.7851186394691467,7.240105635403377e-14,True
dnn,0.05,2,4,1.0,1.817286211563076,0.0900825024559709,dnn,1.4210854715202004e-14,8.723098687823949e-09,0.7851186394691467,1.8100264088508442e-14,True
dnn,0.05,2,8,1.0,6.055964668833263,0.0900825024559709,dnn,5.684341886080802e-14,0.00038994240458123386,0.7851186394691467,7.240105635403377e-14,True
dnn,0.05,2,8,0.5,2.0090311238977194,0.0900825027291588,dnn,3.012701164047441e-15,1.2262222526260302e-07,0.7851186394691467,3.837255941451678e-15,True
dnn,0.05,2,8,0.0,0.4932873707061831,0.0900837353780481,dnn,5.825392945801866e-11,1.0007839001957564e-08,0.7851186394691467,7.419761362105312e-11,True
dnn,0.05,2,8,0.0,0.2444312127604942,0.0900877039625458,dnn,7.827785086789163e-10,1.0007839001957564e-08,0.7851186394691467,9.97019392136948e-10,True
dnn,0.05,2,4,0.5,0.5453349474995434,0.0900933762006346,dnn,5.451283955487662e-13,2.447398950167212e-10,0.7851186394691467,6.943261414827084e-13,True
dnn,0.05,2,8,0.5,0.4462072918927006,0.090093377069869,dnn,6.672859487188987e-10,1.2262222526260302e-07,0.7851186394691467,8.499173439189778e-10,True
dnn,0.05,2,4,1.0,0.7368062997280775,0.090093378088115,dnn,1.7664660966615342e-12,8.723098687823949e-09,0.7851186394691467,2.2499352427244878e-12,True
dnn,0.05,2,2,0.5,1.3450342120312204,0.0900933781129503,dnn,6.662048977800275e-14,1.6458682239317568e-07,0.7851186394691467,8.485404170642005e-14,True
dnn,0.05,2,4,1.0,0.6028741513057392,0.0900933781626208,dnn,7.720359074259164e-12,8.723098687823949e-09,0.7851186394691467,9.833366176963063e-12,True
dnn,0.05,2,4,1.0,0.8145479666433055,0.0900933785351498,dnn,7.664198052245719e-13,8.723098687823949e-09,0.7851186394691467,9.761834284596556e-13,True
dnn,0.05,2,8,1.0,1.2166621504910964,0.0900933788580083,dnn,2.356102942954741e-12,0.00038994240458123386,0.7851186394691467,3.000951479827056e-12,True
dnn,0.05,2,4,1.0,0.5453349474995434,0.0900933788580083,dnn,1.4633200901004173e-11,8.723098687823949e-09,0.7851186394691467,1.8638203406937738e-11,True
dnn,0.05,2,4,1.0,1.1005421090383831,0.0900933795782311,dnn,4.3542057302390844e-14,8.723098687823949e-09,0.7851186394691467,5.545920719934957e-14,True
dnn,0.05,2,4,0.5,3.000820366267417,0.0900933796030664,dnn,1.4210854715202004e-14,2.447398950167212e-10,0.7851186394691467,1.8100264088508442e-14,True
dnn,0.05,2,2,1.0,2.0090311238977194,0.0900933796279017,dnn,5.712763568406151e-14,6.563291208294686e-06,0.7851186394691467,7.27630612905688e-14,True
dnn,0.05,2,4,0.5,6.055964668833263,0.0900933796279017,dnn,1.4210854715202004e-14,2.447398950167212e-10,0.7851186394691467,1.8100264088508442e-14,True
dnn,0.05,2,4,0.5,9.045585157672232,0.0900933796279017,dnn,1.4210854715202004e-14,2.447398950167212e-10,0.7851186394691467,1.8100264088508442e-14,True
dnn,0.05,2,2,1.0,1.1005421090383831,0.0900933796279017,dnn,2.818182969974159e-12,6.563291208294686e-06,0.7851186394691467,3.589499507844644e-12,True
dnn,0.05,2,4,0.5,5.477974412378556,0.0900933796279017,dnn,1.4210854715202004e-14,2.447398950167212e-10,0.7851186394691467,1.8100264088508442e-14,True
dnn,0.05,2,4,1.0,1.643841718255735,0.0900933796279017,dnn,1.4210854715202004e-14,8.723098687823949e-09,0.7851186394691467,1.8100264088508442e-14,True
dnn,0.05,2,2,0.0,4.054431795277528,0.0900933796279017,dnn,0.0,1.5683493614915278e-08,0.7851186394691467,0.0,True
dnn,0.05,2,2,0.0,3.317441949813717,0.0900933796279017,dnn,0.0,1.5683493614915278e-08,0.7851186394691467,0.0,True
dnn,0.05,2,8,1.0,8.182261084470007,0.0900933796279017,dnn,5.684341886080802e-14,0.00038994240458123386,0.7851186394691467,7.240105635403377e-14,True
dnn,0.05,2,8,0.5,1.643841718255735,0.0900933796279017,dnn,1.4892975429823575e-14,1.2262222526260302e-07,0.7851186394691467,1.8969076367736437e-14,True
dnn,0.05,2,8,1.0,10.000000000000002,0.0900933796279017,dnn,5.684341886080802e-14,0.00038994240458123386,0.7851186394691467,7.240105635403377e-14,True
dnn,0.05,2,2,0.5,2.0090311238977194,0.0900933796279017,dnn,5.684341886080802e-14,1.6458682239317568e-07,0.7851186394691467,7.240105635403377e-14,True
dnn,0.05,2,2,0.5,3.667470807015676,0.0900933796279017,dnn,1.4210854715202004e-14,1.6458682239317568e-07,0.7851186394691467,1.8100264088508442e-14,True
dnn,0.05,2,2,0.5,4.955148403871969,0.0900933796279017,dnn,5.684341886080802e-14,1.6458682239317568e-07,0.7851186394691467,7.240105635403377e-14,True
dnn,0.05,2,2,0.5,5.477974412378556,0.0900933796279017,dnn,5.684341886080802e-14,1.6458682239317568e-07,0.7851186394691467,7.240105635403377e-14,True
dnn,0.05,2,4,1.0,2.714417616594908,0.0900933796279017,dnn,1.4210854715202004e-14,8.723098687823949e-09,0.7851186394691467,1.8100264088508442e-14,True
dnn,0.05,2,4,1.0,4.955148403871969,0.0900933796279017,dnn,1.4210854715202004e-14,8.723098687823949e-09,0.7851186394691467,1.8100264088508442e-14,True
dnn,0.05,2,2,0.5,3.000820366267417,0.0900933796279017,dnn,0.0,1.6458682239317568e-07,0.7851186394691467,0.0,True
dnn,0.05,2,4,0.5,0.7368062997280775,0.0900933796775722,dnn,6.082246116262055e-14,2.447398950167212e-10,0.7851186394691467,7.746913409640267e-14,True
dnn,0.05,2,4,1.0,0.9955047366910889,0.0900933796775722,dnn,1.1630163520605363e-13,8.723098687823949e-09,0.7851186394691467,1.481325615765412e-13,True
dnn,0.05,2,2,1.0,0.7368062997280775,0.0900933797272427,dnn,1.581948877449335e-10,6.563291208294686e-06,0.7851186394691467,2.0149169793229726e-10,True
dnn,0.05,2,4,1.0,0.4036206056789731,0.0900933802984539,dnn,7.22318385659726e-11,8.723098687823949e-09,0.7851186394691467,9.200117655442714e-11,True
dnn,0.05,2,2,0.5,0.2211023350218148,0.0900933805219713,dnn,1.0191621768740333e-08,1.6458682239317568e-07,0.7851186394691467,1.2980995809284744e-08,True
dnn,0.05,2,4,0.0,0.4036206056789731,0.0901250416152063,dnn,4.204707599892582e-13,1.9324999933623133e-11,0.7851186394691467,5.35550601974699e-13,True
dnn,0.05,2,2,0.5,0.2702215594677964,0.0901250469796244,dnn,5.714680728630128e-09,1.6458682239317568e-07,0.7851186394691467,7.278748002332584e-09,True
dnn,0.05,2,2,0.5,0.4932873707061831,0.0901250476005061,dnn,4.649604035122934e-10,1.6458682239317568e-07,0.7851186394691467,5.922167429710669e-10,True
dnn,0.05,2,8,1.0,1.643841718255735,0.0901250478240235,dnn,5.661604472457886e-14,0.00038994240458123386,0.7851186394691467,7.21114515417179e-14,True
dnn,0.05,2,4,0.0,2.221007363126434,0.0901250479481998,dnn,1.4210854715202004e-14,1.9324999933623133e-11,0.7851186394691467,1.8100264088508442e-14,True
dnn,0.05,2,2,0.0,0.6028741513057392,0.0901250479730351,dnn,2.592509019960776e-11,1.5683493614915278e-08,0.7851186394691467,3.302060210560897e-11,True
dnn,0.05,2,2,1.0,5.477974412378556,0.0901250479978704,dnn,5.684341886080802e-14,6.563291208294686e-06,0.7851186394691467,7.240105635403377e-14,True
dnn,0.05,2,4,1.0,2.221007363126434,0.0901250479978704,dnn,1.4210854715202004e-14,8.723098687823949e-09,0.7851186394691467,1.8100264088508442e-14,True
dnn,0.05,2,4,0.0,0.6664844128899691,0.0901250525923951,dnn,3.933564425248094e-14,1.9324999933623133e-11,0.7851186394691467,5.0101528960104046e-14,True
dnn,0.05,2,8,1.0,0.6028741513057392,0.0901606323681656,dnn,4.103874573502253e-09,0.00038994240458123386,0.7851186394691467,5.2270757146678665e-09,True
dnn,0.05,2,8,0.5,1.4869510248216484,0.0901606705648088,dnn,2.376054980210169e-14,1.2262222526260302e-07,0.7851186394691467,3.026364247085924e-14,True
dnn,0.05,2,4,0.5,1.4869510248216484,0.0901606707386557,dnn,1.4210854715202004e-14,2.447398950167212e-10,0.7851186394691467,1.8100264088508442e-14,True
dnn,0.05,2,8,0.5,0.6028741513057392,0.0901606709621731,dnn,1.173148106436983e-10,1.2262222526260302e-07,0.7851186394691467,1.494230358904993e-10,True
dnn,0.05,2,8,0.5,0.9955047366910889,0.0901606709621731,dnn,1.8155788287718688e-12,1.2262222526260302e-07,0.7851186394691467,2.312489778614174e-12,True
dnn,0.05,2,4,0.5,1.2166621504910964,0.0901606710863494,dnn,0.0,2.447398950167212e-10,0.7851186394691467,0.0,True
dnn,0.05,2,4,0.5,0.9955047366910889,0.0901606711856905,dnn,6.87805364488832e-15,2.447398950167212e-10,0.7851186394691467,8.760527771368254e-15,True
dnn,0.05,2,4,0.5,0.4462072918927006,0.0901606713098668,dnn,1.6252101660979568e-12,2.447398950167212e-10,0.7851186394691467,2.0700185734946158e-12,True
dnn,0.05,2,4,1.0,1.3450342120312204,0.0901606716575606,dnn,1.432454178331658e-14,8.723098687823949e-09,0.7851186394691467,1.8245066494666378e-14,True
dnn,0.05,2,2,0.5,0.9955047366910889,0.0901606716823959,dnn,2.3205189939728976e-12,1.6458682239317568e-07,0.7851186394691467,2.9556284583205192e-12,True
dnn,0.05,2,8,1.0,2.221007363126434,0.0901606716823959,dnn,5.684341886080802e-14,0.00038994240458123386,0.7851186394691467,7.240105635403377e-14,True
dnn,0.05,2,8,1.0,1.817286211563076,0.0901606716823959,dnn,8.253664543272574e-14,0.00038994240458123386,0.7851186394691467,1.0512633541413867e-13,True
dnn,0.05,2,4,0.5,1.1005421090383831,0.0901606716823959,dnn,1.2448708547557839e-14,2.447398950167212e-10,0.7851186394691467,1.5855831108499677e-14,True
dnn,0.05,2,4,0.5,4.482221685612751,0.0901606717072311,dnn,1.4210854715202004e-14,2.447398950167212e-10,0.7851186394691467,1.8100264088508442e-14,True
dnn,0.05,2,4,0.5,3.317441949813717,0.0901606717072311,dnn,1.4210854715202004e-14,2.447398950167212e-10,0.7851186394691467,1.8100264088508442e-14,True
dnn,0.05,2,8,1.0,7.4013339421880975,0.0901606717072311,dnn,5.684341886080802e-14,0.00038994240458123386,0.7851186394691467,7.240105635403377e-14,True
dnn,0.05,2,8,0.5,2.455349570439492,0.0901606717072311,dnn,0.0,1.2262222526260302e-07,0.7851186394691467,0.0,True
dnn,0.05,2,8,1.0,3.000820366267417,0.0901606717072311,dnn,5.684341886080802e-14,0.00038994240458123386,0.7851186394691467,7.240105635403377e-14,True
dnn,0.05,2,4,1.0,4.054431795277528,0.0901606717072311,dnn,1.4210854715202004e-14,8.723098687823949e-09,0.7851186394691467,1.8100264088508442e-14,True
dnn,0.05,2,4,1.0,8.182261084470007,0.0901606717072311,dnn,1.4210854715202004e-14,8.723098687823949e-09,0.7851186394691467,1.8100264088508442e-14,True
dnn,0.05,2,2,0.5,3.317441949813717,0.0901606717072311,dnn,0.0,1.6458682239317568e-07,0.7851186394691467,0.0,True
dnn,0.05,2,8,1.0,9.045585157672232,0.0901606717072311,dnn,5.684341886080802e-14,0.00038994240458123386,0.7851186394691467,7.240105635403377e-14,True
dnn,0.05,2,8,0.0,4.054431795277528,0.0901606717072311,dnn,1.4210854715202004e-14,1.0007839001957564e-08,0.7851186394691467,1.8100264088508442e-14,True
dnn,0.05,2,8,0.0,6.055964668833263,0.0901606717072311,dnn,0.0,1.0007839001957564e-08,0.7851186394691467,0.0,True
dnn,0.05,2,2,0.0,1.1005421090383831,0.0901606717072311,dnn,1.9866774241331098e-13,1.5683493614915278e-08,0.7851186394691467,2.530416836717047e-13,True
dnn,0.05,2,8,0.5,10.000000000000002,0.0901606717072311,dnn,5.684341886080802e-14,1.2262222526260302e-07,0.7851186394691467,7.240105635403377e-14,True
dnn,0.05,2,2,1.0,3.317441949813717,0.0901606717072311,dnn,5.684341886080802e-14,6.563291208294686e-06,0.7851186394691467,7.240105635403377e-14,True
dnn,0.05,2,2,1.0,1.817286211563076,0.0901606717072311,dnn,6.718892342450974e-14,6.563291208294686e-06,0.7851186394691467,8.557805157949012e-14,True
dnn,0.05,2,2,1.0,1.4869510248216484,0.0901606717072311,dnn,5.326228214442945e-14,6.563291208294686e-06,0.7851186394691467,6.783978811207746e-14,True
dnn,0.05,2,2,1.0,10.000000000000002,0.0901606717072311,dnn,5.684341886080802e-14,6.563291208294686e-06,0.7851186394691467,7.240105635403377e-14,True
dnn,0.05,2,2,1.0,3.000820366267417,0.0901606717072311,dnn,5.684341886080802e-14,6.563291208294686e-06,0.7851186394691467,7.240105635403377e-14,True
dnn,0.05,2,4,0.0,6.055964668833263,0.0901606717072311,dnn,1.4210854715202004e-14,1.9324999933623133e-11,0.7851186394691467,1.8100264088508442e-14,True
dnn,0.05,2,8,0.5,2.221007363126434,0.0901606717569017,dnn,1.4210854715202004e-14,1.2262222526260302e-07,0.7851186394691467,1.8100264088508442e-14,True
dnn,0.05,2,2,1.0,0.4462072918927006,0.0901606726509713,dnn,5.684308135300853e-09,6.563291208294686e-06,0.7851186394691467,7.240062647276167e-09,True
dnn,0.05,2,8,0.5,1.3450342120312204,0.0901606726509713,dnn,5.837818835112418e-14,1.2262222526260302e-07,0.7851186394691467,7.435588128514723e-14,True
dnn,0.05,2,4,0.5,1.3450342120312204,0.0901606734208647,dnn,1.4040324113030137e-14,2.447398950167212e-10,0.7851186394691467,1.7883060479271537e-14,True
dnn,0.05,2,4,0.5,0.3650984560060393,0.0901606737437232,dnn,4.140645291916822e-12,2.447398950167212e-10,0.7851186394691467,5.2739103159192535e-12,True
dnn,0.05,2,8,0.0,1.1005421090383831,0.0901606742900991,dnn,1.4904344306041623e-13,1.0007839001957564e-08,0.7851186394691467,1.8983556824124194e-13,True
dnn,0.05,2,8,0.5,0.4932873707061831,0.0901612740866724,dnn,3.950338389735464e-10,1.2262222526260302e-07,0.7851186394691467,5.03151777469767e-10,True
dnn,0.05,2,8,1.0,0.5453349474995434,0.0901627453031523,dnn,9.339793827223275e-09,0.00038994240458123386,0.7851186394691467,1.1896028648024864e-08,True
dnn,0.05,2,8,0.0,0.4036206056789731,0.0901627521576865,dnn,1.4803350212311273e-10,1.0007839001957564e-08,0.7851186394691467,1.8854921368725202e-10,True
dnn,0.05,1,4,0.0,9.045585157672232,0.094395427120709,dnn,0.05958095192909241,0.6854089498519897,0.7851186394691467,0.07588783265848549,True
dnn,0.05,1,2,0.0,8.182261084470007,0.0953832400902404,dnn,0.07209480553865433,0.7851186394691467,0.7851186394691467,0.09182663856688054,True
dnn,0.05,1,4,0.0,10.000000000000002,0.1022452426172957,dnn,0.061461180448532104,0.6854089498519897,0.7851186394691467,0.07828266628606438,True
dnn,0.05,1,8,0.0,10.000000000000002,0.1032165210193824,dnn,0.05711909383535385,0.6083871126174927,0.7851186394691467,0.0727521815989168,True
dnn,0.05,1,2,0.5,9.045585157672232,0.103296103714158,dnn,0.1481858491897583,0.7547611594200134,0.7851186394691467,0.18874325705724332,True
dnn,0.05,1,8,0.5,10.000000000000002,0.1033618448022127,dnn,0.13383527100086212,0.6954004168510437,0.7851186394691467,0.17046502817886738,True
dnn,0.05,1,2,0.0,10.000000000000002,0.1033971082629704,dnn,0.05695329234004021,0.7851186394691467,0.7851186394691467,0.0725410014192872,True
dnn,0.05,1,4,0.0,8.182261084470007,0.1039608214112063,dnn,0.06373009830713272,0.6854089498519897,0.7851186394691467,0.0811725707470446,True
dnn,0.05,1,2,0.0,9.045585157672232,0.104027823511178,dnn,0.06480496376752853,0.7851186394691467,0.7851186394691467,0.08254161920209412,True
dnn,0.05,1,4,0.5,10.000000000000002,0.1040591259146687,dnn,0.1288740485906601,0.5230457782745361,0.7851186394691467,0.16414595465189505,True
dnn,0.05,1,8,0.0,9.045585157672232,0.1043482387096808,dnn,0.062101833522319794,0.6083871126174927,0.7851186394691467,0.07909866152752351,True
dnn,0.05,1,2,0.5,10.000000000000002,0.1045344509624059,dnn,0.12106037884950638,0.7547611594200134,0.7851186394691467,0.15419373934538178,True
dnn,0.05,1,8,0.5,9.045585157672232,0.1052378753170328,dnn,0.1479967087507248,0.6954004168510437,0.7851186394691467,0.18850235023179665,True
dnn,0.05,1,8,1.0,10.000000000000002,0.1054277203423396,dnn,0.2165037840604782,0.6600921750068665,0.7851186394691467,0.27575932244694373,True
dnn,0.05,1,4,1.0,10.000000000000002,0.1054400515062887,dnn,0.19794774055480957,0.7638300061225891,0.7851186394691467,0.2521246224502462,True
dnn,0.05,1,4,0.5,9.045585157672232,0.1056329994801737,dnn,0.14131571352481842,0.5230457782745361,0.7851186394691467,0.17999281436034711,True
dnn,0.05,1,8,1.0,9.045585157672232,0.1057237841433256,dnn,0.20168240368366241,0.6600921750068665,0.7851186394691467,0.25688143618654724,True
dnn,0.05,1,2,1.0,9.045585157672232,0.1058172896019258,dnn,0.22215288877487183,0.7366795539855957,0.7851186394691467,0.28295454674860243,True
dnn,0.05,1,2,1.0,8.182261084470007,0.1061467830082341,dnn,0.26071980595588684,0.7366795539855957,0.7851186394691467,0.3320769535317248,True
dnn,0.05,1,8,0.5,8.182261084470007,0.1062307534979094,dnn,0.17154055833816528,0.6954004168510437,0.7851186394691467,0.21848998318795668,True
dnn,0.05,1,2,0.5,8.182261084470007,0.1063821362858727,dnn,0.1792014092206955,0.7547611594200134,0.7851186394691467,0.22824755420640816,True
dnn,0.05,1,2,1.0,10.000000000000002,0.1063978702269609,dnn,0.19147032499313354,0.7366795539855957,0.7851186394691467,0.24387438454218213,True
dnn,0.05,1,4,1.0,9.045585157672232,0.1067301015126322,dnn,0.21496719121932983,0.7638300061225891,0.7851186394691467,0.27380217512690647,True
dnn,0.05,1,4,0.0,7.4013339421880975,0.1068293979209263,dnn,0.08783623576164246,0.6854089498519897,0.7851186394691467,0.11187638574092751,True
dnn,0.05,1,8,0.0,8.182261084470007,0.1068381909685717,dnn,0.07233510911464691,0.6083871126174927,0.7851186394691467,0.09213271151421887,True
dnn,0.05,1,8,1.0,8.182261084470007,0.1068682678990584,dnn,0.22380000352859497,0.6600921750068665,0.7851186394691467,0.2850524650388074,True
dnn,0.05,1,8,0.0,7.4013339421880975,0.1072196130863525,dnn,0.1465195268392563,0.6083871126174927,0.7851186394691467,0.18662087418829412,True
dnn,0.05,1,4,1.0,8.182261084470007,0.1073413813368852,dnn,0.20360903441905975,0.7638300061225891,0.7851186394691467,0.2593353719849637,True
dnn,0.05,1,2,0.0,6.69493964544323,0.1078037382066667,dnn,0.1746259480714798,0.7851186394691467,0.7851186394691467,0.2224198220405926,True
dnn,0.05,1,2,0.0,7.4013339421880975,0.1081384459240983,dnn,0.10415520519018173,0.7851186394691467,0.7851186394691467,0.13266174047352342,True
dnn,0.05,1,4,0.5,8.182261084470007,0.1081434174852329,dnn,0.15836217999458313,0.5230457782745361,0.7851186394691467,0.20170477687507046,True
dnn,0.05,1,2,0.5,7.4013339421880975,0.1084514298913371,dnn,0.18263234198093414,0.7547611594200134,0.7851186394691467,0.23261750874290785,True
dnn,0.05,1,8,0.5,7.4013339421880975,0.1086791550154859,dnn,0.19387862086296082,0.6954004168510437,0.7851186394691467,0.24694181377995392,True
dnn,0.05,1,2,1.0,7.4013339421880975,0.1088208650733364,dnn,0.23619070649147034,0.7366795539855957,0.7851186394691467,0.30083441484865175,True
dnn,0.05,1,8,1.0,7.4013339421880975,0.1089110175559181,dnn,0.2835018038749695,0.6600921750068665,0.7851186394691467,0.3610942214627047,True
dnn,0.05,1,4,1.0,7.4013339421880975,0.1090029150750613,dnn,0.2410975694656372,0.7638300061225891,0.7851186394691467,0.3070842511504425,True
dnn,0.05,1,8,1.0,6.69493964544323,0.1091936370888946,dnn,0.2536175549030304,0.6600921750068665,0.7851186394691467,0.32303086712412327,True
dnn,0.05,1,2,1.0,6.69493964544323,0.1092173318603891,dnn,0.25298672914505005,0.7366795539855957,0.7851186394691467,0.322227388864574,True
dnn,0.05,1,8,0.5,6.69493964544323,0.1093121055726013,dnn,0.21219854056835175,0.6954004168510437,0.7851186394691467,0.27027576457976915,True
dnn,0.05,1,2,0.5,6.69493964544323,0.1098281858517861,dnn,0.22655843198299408,0.7547611594200134,0.7851186394691467,0.2885658556472181,True
dnn,0.05,1,4,0.5,7.4013339421880975,0.1098504682788847,dnn,0.1771089881658554,0.5230457782745361,0.7851186394691467,0.22558245246298902,True
dnn,0.05,1,4,0.5,6.69493964544323,0.1098728687983564,dnn,0.1690158098936081,0.5230457782745361,0.7851186394691467,0.21527422913801553,True
dnn,0.05,1,4,1.0,6.69493964544323,0.1101468854528045,dnn,0.25819990038871765,0.7638300061225891,0.7851186394691467,0.3288673678201016,True
dnn,0.05,1,2,0.0,6.055964668833263,0.1103644988756497,dnn,0.2032817304134369,0.7851186394691467,0.7851186394691467,0.2589184872121806,True
dnn,0.05,1,2,0.0,5.477974412378556,0.1105400455276967,dnn,0.24303573369979858,0.7851186394691467,0.7851186394691467,0.309552877083807,True
dnn,0.05,1,4,0.0,6.69493964544323,0.1107218216503944,dnn,0.10243554413318634,0.6854089498519897,0.7851186394691467,0.13047142047531507,True
dnn,0.05,1,8,0.5,6.055964668833263,0.110986085493457,dnn,0.24035519361495972,0.6954004168510437,0.7851186394691467,0.306138692335052,True
dnn,0.05,1,8,1.0,6.055964668833263,0.1112608890244105,dnn,0.31658118963241577,0.6600921750068665,0.7851186394691467,0.4032271986899588,True
dnn,0.05,1,2,1.0,6.055964668833263,0.111672121455873,dnn,0.284572035074234,0.7366795539855957,0.7851186394691467,0.36245736729247147,True
dnn,0.05,1,4,0.5,6.055964668833263,0.1119952262728669,dnn,0.18731260299682617,0.5230457782745361,0.7851186394691467,0.23857872374992456,True
dnn,0.05,1,2,0.5,6.055964668833263,0.1120003572167257,dnn,0.23898687958717346,0.7547611594200134,0.7851186394691467,0.3043958805369377,True
dnn,0.05,1,8,0.0,6.055964668833263,0.1127362883443432,dnn,0.20529621839523315,0.6083871126174927,0.7851186394691467,0.2614843261574365,True
dnn,0.05,1,4,1.0,6.055964668833263,0.113002255115213,dnn,0.2817958891391754,0.7638300061225891,0.7851186394691467,0.3589214100555682,True
dnn,0.05,1,2,0.5,5.477974412378556,0.1135401641178015,dnn,0.2589338421821594,0.7547611594200134,0.7851186394691467,0.32980218423706764,True
dnn,0.05,1,8,0.5,5.477974412378556,0.1137510756682863,dnn,0.23844005167484283,0.6954004168510437,0.7851186394691467,0.3036993897330761,True
dnn,0.05,1,4,0.0,6.055964668833263,0.1137560224354584,dnn,0.15002188086509705,0.6854089498519897,0.7851186394691467,0.19108179748035717,True
dnn,0.05,1,4,0.0,5.477974412378556,0.1140002880425097,dnn,0.17550396919250488,0.6854089498519897,0.7851186394691467,0.22353815126739424,True
dnn,0.05,1,8,1.0,5.477974412378556,0.1143688787072809,dnn,0.3093167841434479,0.6600921750068665,0.7851186394691467,0.3939745773359687,True
dnn,0.05,1,8,0.0,6.69493964544323,0.1144996746151811,dnn,0.19672894477844238,0.6083871126174927,0.7851186394691467,0.2505722509803862,True
dnn,0.05,1,4,1.0,5.477974412378556,0.1146157745843248,dnn,0.2620314061641693,0.7638300061225891,0.7851186394691467,0.33374752934325985,True
dnn,0.05,1,4,0.5,5.477974412378556,0.1153114857871803,dnn,0.19527386128902435,0.5230457782745361,0.7851186394691467,0.24871892153911618,True
dnn,0.05,1,2,1.0,5.477974412378556,0.1153517165846208,dnn,0.3224070966243744,0.7366795539855957,0.7851186394691467,0.4106476147889802,True
dnn,0.05,1,8,0.0,5.477974412378556,0.115477299355819,dnn,0.21991193294525146,0.6083871126174927,0.7851186394691467,0.2801002573240951,True
dnn,0.05,1,2,1.0,4.955148403871969,0.1165063542200663,dnn,0.3020932078361511,0.7366795539855957,0.7851186394691467,0.3847739598188748,True
dnn,0.05,1,4,0.0,4.955148403871969,0.1168598532571745,dnn,0.20243072509765625,0.6854089498519897,0.7851186394691467,0.25783456782344205,True
dnn,0.05,1,8,0.5,4.955148403871969,0.1169147585103262,dnn,0.24539487063884735,0.6954004168510437,0.7851186394691467,0.31255769294277563,True
dnn,0.05,1,4,1.0,4.955148403871969,0.1173156372607334,dnn,0.2963247001171112,0.7638300061225891,0.7851186394691467,0.3774266527635484,True
dnn,0.05,1,4,0.5,4.482221685612751,0.1173970100176132,dnn,0.2578155994415283,0.5230457782745361,0.7851186394691467,0.3283778864501915,True
dnn,0.05,1,4,0.5,4.955148403871969,0.1177298008438917,dnn,0.20317669212818146,0.5230457782745361,0.7851186394691467,0.25878470069893916,True
dnn,0.05,1,2,0.5,4.955148403871969,0.1180519563015245,dnn,0.24306893348693848,0.7547611594200134,0.7851186394691467,0.3095951634154146,True
dnn,0.05,1,8,1.0,4.955148403871969,0.1180718651321278,dnn,0.2676244378089905,0.6600921750068665,0.7851186394691467,0.34087133377694756,True
dnn,0.05,1,2,0.0,4.955148403871969,0.1186601164932771,dnn,0.25369885563850403,0.7851186394691467,0.7851186394691467,0.32313441928985537,True
dnn,0.05,1,8,1.0,4.482221685612751,0.119780212210877,dnn,0.32091379165649414,0.6600921750068665,0.7851186394691467,0.4087456029237544,True
dnn,0.05,1,2,0.5,4.054431795277528,0.1199100808725354,dnn,0.3294160068035126,0.7547611594200134,0.7851186394691467,0.419574813592816,True
dnn,0.05,1,2,1.0,4.482221685612751,0.1200494778063641,dnn,0.31868910789489746,0.7366795539855957,0.7851186394691467,0.4059120391159955,True
dnn,0.05,1,2,0.0,4.054431795277528,0.1202947310676809,dnn,0.33586132526397705,0.7851186394691467,0.7851186394691467,0.42778416965245875,True
dnn,0.05,1,8,0.0,4.955148403871969,0.1203295131149012,dnn,0.240324929356575,0.6083871126174927,0.7851186394691467,0.30610014496544025,True
dnn,0.05,1,8,0.5,4.482221685612751,0.12035432495369,dnn,0.2920266389846802,0.6954004168510437,0.7851186394691467,0.37195224301658697,True
dnn,0.05,1,4,1.0,4.482221685612751,0.1209160880325434,dnn,0.3199075758457184,0.7638300061225891,0.7851186394691467,0.40746399303680014,True
dnn,0.05,1,2,0.5,4.482221685612751,0.1209555624477359,dnn,0.26846545934677124,0.7547611594200134,0.7851186394691467,0.34194253689899984,True
dnn,0.05,1,2,0.0,4.482221685612751,0.1217011886073633,dnn,0.29399195313453674,0.7851186394691467,0.7851186394691467,0.37445544960353716,True
dnn,0.05,1,4,0.5,4.054431795277528,0.121765307627846,dnn,0.21571820974349976,0.5230457782745361,0.7851186394691467,0.2747587420537568,True
dnn,0.05,1,8,0.5,4.054431795277528,0.1217691936985061,dnn,0.30612698197364807,0.6954004168510437,0.7851186394691467,0.38991174910919707,True
dnn,0.05,1,8,1.0,4.054431795277528,0.1219074010900947,dnn,0.3460732102394104,0.6600921750068665,0.7851186394691467,0.44079097456329114,True
dnn,0.05,2,2,0.5,0.2444312127604942,0.123439148944364,dnn,7.742897878415533e-09,1.6458682239317568e-07,0.7851186394691467,9.862073690736533e-09,True
dnn,0.05,1,2,1.0,4.054431795277528,0.1235115062244368,dnn,0.4066997468471527,0.7366795539855957,0.7851186394691467,0.5180105609543805,True
dnn,0.05,1,2,0.5,2.455349570439492,0.1235193420039732,dnn,0.41500386595726013,0.7547611594200134,0.7851186394691467,0.5285874581169828,True
dnn,0.05,1,2,0.5,3.667470807015676,0.123621049721622,dnn,0.3649575412273407,0.7547611594200134,0.7851186394691467,0.4648438119799379,True
dnn,0.05,1,2,0.5,3.317441949813717,0.1239102254622384,dnn,0.3409237265586853,0.7547611594200134,0.7851186394691467,0.4342321140015206,True
dnn,0.05,1,4,1.0,4.054431795277528,0.1239650520807684,dnn,0.41114696860313416,0.7638300061225891,0.7851186394691467,0.5236749555215359,True
dnn,0.05,1,4,1.0,3.667470807015676,0.1246557557536749,dnn,0.3750537633895874,0.7638300061225891,0.7851186394691467,0.4777032979922343,True
dnn,0.05,1,4,0.0,4.482221685612751,0.1248862142757787,dnn,0.2470884770154953,0.6854089498519897,0.7851186394691467,0.3147148272808332,True
dnn,0.05,1,8,1.0,3.667470807015676,0.1248881025888306,dnn,0.34896835684776306,0.6600921750068665,0.7851186394691467,0.44447850210729417,True
dnn,0.05,1,2,0.0,3.667470807015676,0.1250330464699965,dnn,0.39257678389549255,0.7851186394691467,0.7851186394691467,0.5000222439769497,True
dnn,0.05,1,8,0.0,4.482221685612751,0.1252990248593619,dnn,0.28462493419647217,0.6083871126174927,0.7851186394691467,0.3625247445264064,True
dnn,0.05,1,2,1.0,3.667470807015676,0.1258328035941598,dnn,0.3556195795536041,0.7366795539855957,0.7851186394691467,0.45295011693271503,True
dnn,0.05,1,4,0.0,2.455349570439492,0.1265189764775772,dnn,0.40967896580696106,0.6854089498519897,0.7851186394691467,0.5218051708515837,True
dnn,0.05,1,8,0.5,3.667470807015676,0.1266463037664617,dnn,0.31623154878616333,0.6954004168510437,0.7851186394691467,0.4027818636429029,True
dnn,0.05,1,2,1.0,3.000820366267417,0.1267265775327688,dnn,0.46671590209007263,0.7366795539855957,0.7851186394691467,0.5944527089633738,True
dnn,0.05,1,4,1.0,3.317441949813717,0.1270875234877939,dnn,0.40198418498039246,0.7638300061225891,0.7851186394691467,0.5120043835059013,True
dnn,0.05,1,2,0.0,0.4462072918927006,0.1272386249476618,dnn,0.737714946269989,0.7851186394691467,0.7851186394691467,0.9396222547573072,True
dnn,0.05,1,8,1.0,3.317441949813717,0.1273865060727673,dnn,0.3589020371437073,0.6600921750068665,0.7851186394691467,0.45713095970613654,True
dnn,0.05,1,8,1.0,2.221007363126434,0.1275056463813455,dnn,0.4532672166824341,0.6600921750068665,0.7851186394691467,0.5773232144748315,True
dnn,0.05,1,4,0.5,3.317441949813717,0.1275270934526195,dnn,0.2352932244539261,0.5230457782745361,0.7851186394691467,0.29969129839156305,True
dnn,0.05,1,4,0.5,0.9955047366910889,0.1276818767113327,dnn,0.42307573556900024,0.5230457782745361,0.7851186394691467,0.5388685407533572,True
dnn,0.05,1,8,0.5,3.317441949813717,0.1277539089377723,dnn,0.3306185305118561,0.6954004168510437,0.7851186394691467,0.42110645944592756,True
dnn,0.05,2,4,1.0,0.2444312127604942,0.1280251384501487,dnn,4.533827202557461e-10,8.723098687823949e-09,0.7851186394691467,5.774703305506772e-10,True
dnn,0.05,2,8,1.0,0.4932873707061831,0.1280302964562741,dnn,2.029760715061002e-08,0.00038994240458123386,0.7851186394691467,2.5852917164639124e-08,True
dnn,0.05,1,2,1.0,2.455349570439492,0.1280358372839596,dnn,0.44490551948547363,0.7366795539855957,0.7851186394691467,0.566672980514504,True
dnn,0.05,1,8,0.0,3.317441949813717,0.1282467694638728,dnn,0.3584628999233246,0.6083871126174927,0.7851186394691467,0.45657163376696436,True
dnn,0.05,1,2,1.0,3.317441949813717,0.1282584844326681,dnn,0.44535499811172485,0.7366795539855957,0.7851186394691467,0.5672454782284229,True
dnn,0.05,2,4,1.0,0.3302529174737275,0.128319966593178,dnn,1.6736226293723178e-10,8.723098687823949e-09,0.7851186394691467,2.1316811819726095e-10,True
dnn,0.05,2,4,1.0,0.2987330888578299,0.1284690212943076,dnn,2.409543675696568e-10,8.723098687823949e-09,0.7851186394691467,3.0690185591896875e-10,True
dnn,0.05,1,4,1.0,3.000820366267417,0.1284835376102485,dnn,0.4014348089694977,0.7638300061225891,0.7851186394691467,0.5113046472071092,True
dnn,0.05,1,8,1.0,2.714417616594908,0.128504747805001,dnn,0.4225536584854126,0.6600921750068665,0.7851186394691467,0.538203574903176,True
dnn,0.05,1,2,0.0,3.317441949813717,0.1285909244983462,dnn,0.41967564821243286,0.7851186394691467,0.7851186394691467,0.5345378737870674,True
dnn,0.05,2,8,1.0,0.4462072918927006,0.1285993309945587,dnn,4.228467176403683e-08,0.00038994240458123386,0.7851186394691467,5.3857684225440575e-08,True
dnn,0.05,1,4,0.5,3.667470807015676,0.1286490371660243,dnn,0.2361689805984497,0.5230457782745361,0.7851186394691467,0.30080674273398217,True
dnn,0.05,1,2,0.5,3.000820366267417,0.1286736746840905,dnn,0.37099120020866394,0.7547611594200134,0.7851186394691467,0.47252884030304954,True
dnn,0.05,2,2,1.0,0.2211023350218148,0.1287137656046729,dnn,1.4135463288766914e-07,6.563291208294686e-06,0.7851186394691467,1.8004238567466088e-07,True
dnn,0.05,1,8,1.0,3.000820366267417,0.1287871882994397,dnn,0.47126340866088867,0.6600921750068665,0.7851186394691467,0.6002448355824677,True
dnn,0.05,1,2,0.5,2.221007363126434,0.1287883197926155,dnn,0.48971086740493774,0.7547611594200134,0.7851186394691467,0.6237412319443247,True
dnn,0.05,1,2,0.5,0.6028741513057392,0.128881668762576,dnn,0.6781758069992065,0.7547611594200134,0.7851186394691467,0.8637876785828841,True
dnn,0.05,1,4,0.0,4.054431795277528,0.1290020255709068,dnn,0.26493948698043823,0.6854089498519897,0.7851186394691467,0.33745153109544757,True
dnn,0.05,2,2,0.5,0.2,0.1292437036492743,dnn,1.311857378283321e-08,1.6458682239317568e-07,0.7851186394691467,1.6709033671271968e-08,True
dnn,0.05,1,2,0.0,0.9955047366910889,0.1294165067077596,dnn,0.5206767916679382,0.7851186394691467,0.7851186394691467,0.6631823083706059,True
dnn,0.05,1,4,0.5,3.000820366267417,0.1296332925253411,dnn,0.23818621039390564,0.5230457782745361,0.7851186394691467,0.30337607390770116,True
dnn,0.05,1,8,0.5,3.000820366267417,0.1296532185804145,dnn,0.39439812302589417,0.6954004168510437,0.7851186394691467,0.502342070610582,True
dnn,0.05,1,8,1.0,1.3450342120312204,0.1298499154019187,dnn,0.4651052951812744,0.6600921750068665,0.7851186394691467,0.5924012904543351,True
dnn,0.05,1,8,1.0,2.455349570439492,0.1299175253780486,dnn,0.5409196615219116,0.6600921750068665,0.7851186394691467,0.6889655070317159,True
dnn,0.05,1,4,1.0,1.817286211563076,0.1300637164261345,dnn,0.4571542739868164,0.7638300061225891,0.7851186394691467,0.5822741315833726,True
dnn,0.05,1,2,0.5,2.714417616594908,0.1300858614161066,dnn,0.4198465645313263,0.7547611594200134,0.7851186394691467,0.534755568680936,True
dnn,0.05,1,2,1.0,2.0090311238977194,0.1301314011995505,dnn,0.38977566361427307,0.7366795539855957,0.7851186394691467,0.49645447709382823,True
dnn,0.05,1,2,1.0,1.4869510248216484,0.1301762877687119,dnn,0.5670037269592285,0.7366795539855957,0.7851186394691467,0.7221885947614296,True
dnn,0.05,1,2,1.0,2.714417616594908,0.130226619823506,dnn,0.3742230534553528,0.7366795539855957,0.7851186394691467,0.4766452286859238,True
dnn,0.05,2,8,1.0,0.2987330888578299,0.1302457727747545,dnn,5.49841047359223e-07,0.00038994240458123386,0.7851186394691467,7.003286124132714e-07,True
dnn,0.05,1,4,1.0,2.0090311238977194,0.1302969225495953,dnn,0.4728662371635437,0.7638300061225891,0.7851186394691467,0.6022863467911924,True
dnn,0.05,1,8,1.0,2.0090311238977194,0.1304881548796128,dnn,0.41221311688423157,0.6600921750068665,0.7851186394691467,0.525032900967613,True
dnn,0.05,2,2,1.0,0.2,0.1306030123681932,dnn,1.9738334344765462e-07,6.563291208294686e-06,0.7851186394691467,2.5140575388850045e-07,True
dnn,0.05,1,2,0.5,0.4036206056789731,0.1309023560976554,dnn,0.615890383720398,0.7547611594200134,0.7851186394691467,0.7844551800946015,True
dnn,0.05,2,8,1.0,0.4036206056789731,0.1309427633162423,dnn,8.468032319797203e-08,0.00038994240458123386,0.7851186394691467,1.0785672246328035e-07,True
dnn,0.05,1,4,1.0,2.221007363126434,0.1309707697209249,dnn,0.46253564953804016,0.7638300061225891,0.7851186394691467,0.5891283511633106,True
dnn,0.05,1,8,1.0,1.817286211563076,0.1309769666633214,dnn,0.4326780438423157,0.6600921750068665,0.7851186394691467,0.5510989321752294,True
dnn,0.05,1,2,0.5,1.2166621504910964,0.1312607275652988,dnn,0.5356232523918152,0.7547611594200134,0.7851186394691467,0.682219508575129,True
dnn,0.05,1,4,1.0,2.455349570439492,0.13141668305958,dnn,0.5160064697265625,0.7638300061225891,0.7851186394691467,0.657233752691768,True
dnn,0.05,1,2,0.5,0.9955047366910889,0.1314856406327099,dnn,0.6394085884094238,0.7547611594200134,0.7851186394691467,0.8144101493269299,True
dnn,0.05,1,4,1.0,2.714417616594908,0.1314874524322775,dnn,0.4641610383987427,0.7638300061225891,0.7851186394691467,0.5911985973388459,True
dnn,0.05,1,8,1.0,1.4869510248216484,0.1314904825183649,dnn,0.5564456582069397,0.6600921750068665,0.7851186394691467,0.7087408580481251,True
dnn,0.05,1,8,0.5,2.714417616594908,0.1315283425867746,dnn,0.4674607813358307,0.6954004168510437,0.7851186394691467,0.5954014563351872,True
dnn,0.05,1,8,1.0,1.1005421090383831,0.1317667432825231,dnn,0.5607581734657288,0.6600921750068665,0.7851186394691467,0.714233677912528,True
dnn,0.05,1,8,0.5,2.221007363126434,0.1317670177449429,dnn,0.42825084924697876,0.6954004168510437,0.7851186394691467,0.5454600460594567,True
dnn,0.05,1,2,0.0,0.2211023350218148,0.1317691711761733,dnn,0.776611328125,0.7851186394691467,0.7851186394691467,0.9891642983410776,True
dnn,0.05,1,4,1.0,1.4869510248216484,0.1318474104127766,dnn,0.4514836370944977,0.7638300061225891,0.7851186394691467,0.575051481900577,True
dnn,0.05,1,4,0.5,2.455349570439492,0.1319061725805178,dnn,0.2995102107524872,0.5230457782745361,0.7851186394691467,0.38148401489359524,True
dnn,0.05,1,2,1.0,1.1005421090383831,0.1320537964262867,dnn,0.5346558690071106,0.7366795539855957,0.7851186394691467,0.6809873592717337,True
dnn,0.05,1,2,1.0,1.3450342120312204,0.132098234733543,dnn,0.5190427303314209,0.7366795539855957,0.7851186394691467,0.6611010161246057,True
dnn,0.05,1,4,1.0,1.2166621504910964,0.132151816658188,dnn,0.5629073977470398,0.7638300061225891,0.7851186394691467,0.7169711295195415,True
dnn,0.05,1,2,0.5,1.3450342120312204,0.1321532183394019,dnn,0.5386511087417603,0.7547611594200134,0.7851186394691467,0.6860760675685473,True
dnn,0.05,1,2,1.0,1.643841718255735,0.1321896120436058,dnn,0.533797562122345,0.7366795539855957,0.7851186394691467,0.6798941399267618,True
dnn,0.05,1,2,0.0,2.714417616594908,0.1322968066151286,dnn,0.4832938313484192,0.7851186394691467,0.7851186394691467,0.615567898980459,True
dnn,0.05,1,2,0.0,3.000820366267417,0.132329446039399,dnn,0.45915281772613525,0.7851186394691467,0.7851186394691467,0.5848196624609354,True
dnn,0.05,1,4,1.0,1.1005421090383831,0.1323749222151144,dnn,0.5356147289276123,0.7638300061225891,0.7851186394691467,0.6822086522996894,True
dnn,0.05,1,2,0.0,2.221007363126434,0.1324586138020833,dnn,0.5425508618354797,0.7851186394691467,0.7851186394691467,0.6910431552132328,True
dnn,0.05,1,2,1.0,2.221007363126434,0.1325113164764765,dnn,0.3988424241542816,0.7366795539855957,0.7851186394691467,0.508002745195244,True
dnn,0.05,2,2,1.0,0.2987330888578299,0.1328802948563591,dnn,4.3774786462336124e-08,6.563291208294686e-06,0.7851186394691467,5.5755632667101346e-08,True
dnn,0.05,1,4,0.0,3.667470807015676,0.1328881122636737,dnn,0.29314395785331726,0.6854089498519897,0.7851186394691467,0.37337536407430705,True
dnn,0.05,1,8,0.5,1.643841718255735,0.1329872812028427,dnn,0.4900501072406769,0.6954004168510437,0.7851186394691467,0.6241733192986239,True
dnn,0.05,1,8,0.5,2.455349570439492,0.1330662034838212,dnn,0.48650914430618286,0.6954004168510437,0.7851186394691467,0.6196632201155396,True
dnn,0.05,1,2,1.0,0.9955047366910889,0.1331146408476375,dnn,0.6353692412376404,0.7366795539855957,0.7851186394691467,0.8092652617026663,True
dnn,0.05,1,2,0.5,2.0090311238977194,0.1332159588060158,dnn,0.43064960837364197,0.7547611594200134,0.7851186394691467,0.5485153284156177,True
dnn,0.05,1,4,0.5,1.4869510248216484,0.1332866259981603,dnn,0.3224363625049591,0.5230457782745361,0.7851186394691467,0.4106848905319233,True
dnn,0.05,1,2,1.0,1.2166621504910964,0.1333761318779713,dnn,0.5749413967132568,0.7366795539855957,0.7851186394691467,0.732298747998137,True
dnn,0.05,1,2,0.5,1.643841718255735,0.1335083214974994,dnn,0.5045207738876343,0.7547611594200134,0.7851186394691467,0.6426045039877832,True
dnn,0.05,1,8,0.5,1.817286211563076,0.1336739699974456,dnn,0.4562021493911743,0.6954004168510437,0.7851186394691467,0.5810614172905545,True
dnn,0.05,2,8,1.0,0.3302529174737275,0.1337142704663594,dnn,3.047311452064605e-07,0.00038994240458123386,0.7851186394691467,3.88133881794607e-07,True
dnn,0.05,1,8,1.0,1.643841718255735,0.1337212930233566,dnn,0.5289555788040161,0.6600921750068665,0.7851186394691467,0.6737269403789296,True
dnn,0.05,2,8,1.0,0.2702215594677964,0.1338030416402087,dnn,9.617173191145412e-07,0.00038994240458123386,0.7851186394691467,1.2249324761475546e-06,True
dnn,0.05,1,8,0.5,0.900492287060531,0.1338658584703313,dnn,0.5645221471786499,0.6954004168510437,0.7851186394691467,0.7190278243302798,True
dnn,0.05,1,2,0.5,1.817286211563076,0.1339188043867979,dnn,0.5509693026542664,0.7547611594200134,0.7851186394691467,0.7017656631191446,True
dnn,0.05,1,8,0.5,0.9955047366910889,0.1340053448203663,dnn,0.49967843294143677,0.6954004168510437,0.7851186394691467,0.6364368489318906,True
dnn,0.05,1,4,0.5,2.714417616594908,0.1341023606772413,dnn,0.251836895942688,0.5230457782745361,0.7851186394691467,0.32076285453236214,True
dnn,0.05,1,2,1.0,1.817286211563076,0.134140867347893,dnn,0.44071364402770996,0.7366795539855957,0.7851186394691467,0.5613338187024777,True
dnn,0.05,1,8,0.0,4.054431795277528,0.1344249536978239,dnn,0.3132709264755249,0.6083871126174927,0.7851186394691467,0.3990109401648408,True
dnn,0.05,1,8,0.5,1.2166621504910964,0.1345446476127031,dnn,0.6072561144828796,0.6954004168510437,0.7851186394691467,0.7734577730742352,True
dnn,0.05,1,4,1.0,1.3450342120312204,0.1345745138080511,dnn,0.524794340133667,0.7638300061225891,0.7851186394691467,0.668426800424078,True
dnn,0.05,1,8,1.0,0.9955047366910889,0.1345904895136166,dnn,0.6464601755142212,0.6600921750068665,0.7851186394691467,0.8233917054259741,True
dnn,0.05,1,8,1.0,0.5453349474995434,0.1348326959082314,dnn,0.5916132926940918,0.6600921750068665,0.7851186394691467,0.7535336227580938,True
dnn,0.05,1,8,1.0,1.2166621504910964,0.1348513564604484,dnn,0.5357286930084229,0.6600921750068665,0.7851186394691467,0.6823538075349385,True
dnn,0.05,2,8,1.0,0.3650984560060393,0.1348715041666028,dnn,1.6344752395980322e-07,0.00038994240458123386,0.7851186394691467,2.0818194313959644e-07,True
dnn,0.05,1,8,0.5,1.1005421090383831,0.13497544892614,dnn,0.5878965854644775,0.6954004168510437,0.7851186394691467,0.7487996793223255,True
dnn,0.05,1,8,0.0,3.667470807015676,0.1350674216833271,dnn,0.330848753452301,0.6083871126174927,0.7851186394691467,0.42139969275981326,True
dnn,0.05,1,4,0.0,2.714417616594908,0.1350796441752868,dnn,0.4162793457508087,0.6854089498519897,0.7851186394691467,0.530212027614417,True
dnn,0.05,1,4,1.0,1.643841718255735,0.1351605787021161,dnn,0.5045943856239319,0.7638300061225891,0.7851186394691467,0.6426982627302166,True
dnn,0.05,2,4,1.0,0.2702215594677964,0.1352602586157983,dnn,3.354489741536071e-10,8.723098687823949e-09,0.7851186394691467,4.2725896099017454e-10,True
dnn,0.05,1,2,0.0,2.455349570439492,0.1353014789560351,dnn,0.5414294600486755,0.7851186394691467,0.7851186394691467,0.6896148337718231,True
dnn,0.05,1,4,1.0,0.9955047366910889,0.1355176363443703,dnn,0.49522027373313904,0.7638300061225891,0.7851186394691467,0.6307585234098878,True
dnn,0.05,1,4,1.0,0.7368062997280775,0.1357495440810432,dnn,0.6351362466812134,0.7638300061225891,0.7851186394691467,0.8089684982013126,True
dnn,0.05,1,4,0.5,1.817286211563076,0.1358091056037399,dnn,0.2994135022163391,0.5230457782745361,0.7851186394691467,0.3813608379222607,True
dnn,0.05,1,8,1.0,0.6028741513057392,0.1359383725490457,dnn,0.5912500023841858,0.6600921750068665,0.7851186394691467,0.7530709024867324,True
dnn,0.05,1,4,0.0,3.000820366267417,0.1359475700663791,dnn,0.37678369879722595,0.6854089498519897,0.7851186394691467,0.47990670435742805,True
dnn,0.05,1,4,1.0,0.2,0.1360191912096857,dnn,0.7149298191070557,0.7638300061225891,0.7851186394691467,0.9106010011307988,True
dnn,0.05,1,8,1.0,0.8145479666433055,0.1360514642808314,dnn,0.5313409566879272,0.6600921750068665,0.7851186394691467,0.6767651791418304,True
dnn,0.05,1,4,0.0,3.317441949813717,0.13606217041999,dnn,0.33313220739364624,0.6854089498519897,0.7851186394691467,0.4243081117254987,True
dnn,0.05,1,4,0.5,1.2166621504910964,0.1360751864375256,dnn,0.33585816621780396,0.5230457782745361,0.7851186394691467,0.4277801459979252,True
dnn,0.05,1,8,1.0,0.6664844128899691,0.136290101984034,dnn,0.5234291553497314,0.6600921750068665,0.7851186394691467,0.6666879743214923,True
dnn,0.05,1,2,0.5,0.4932873707061831,0.1363050310693229,dnn,0.65195631980896,0.7547611594200134,0.7851186394691467,0.8303921051342971,True
dnn,0.05,2,4,1.0,0.2211023350218148,0.1363144561003545,dnn,5.964387317369813e-10,8.723098687823949e-09,0.7851186394691467,7.596797499805376e-10,True
dnn,0.05,1,8,1.0,0.900492287060531,0.1364953252337316,dnn,0.6224347949028015,0.6600921750068665,0.7851186394691467,0.7927907498459813,True
dnn,0.05,1,2,1.0,0.8145479666433055,0.136606209046036,dnn,0.5180509090423584,0.7366795539855957,0.7851186394691467,0.6598377404370828,True
dnn,0.05,1,4,0.5,1.643841718255735,0.1367176249736392,dnn,0.30788683891296387,0.5230457782745361,0.7851186394691467,0.39215326631544467,True
dnn,0.05,1,8,0.5,2.0090311238977194,0.1368516492274016,dnn,0.5142901539802551,0.6954004168510437,0.7851186394691467,0.6550476935918746,True
dnn,0.05,1,2,1.0,0.6028741513057392,0.1368757218654638,dnn,0.5724968314170837,0.7366795539855957,0.7851186394691467,0.7291851226512391,True
dnn,0.05,1,4,1.0,0.8145479666433055,0.1368761185680997,dnn,0.5434727072715759,0.7638300061225891,0.7851186394691467,0.6922173031569365,True
dnn,0.05,1,2,1.0,0.4036206056789731,0.1369466332391556,dnn,0.5811544060707092,0.7366795539855957,0.7851186394691467,0.7402122136135416,True
dnn,0.05,1,2,1.0,0.7368062997280775,0.1371238502451092,dnn,0.5830922722816467,0.7366795539855957,0.7851186394691467,0.7426804599568558,True
dnn,0.05,2,8,1.0,0.2444312127604942,0.1371558412296439,dnn,1.627478695809259e-06,0.00038994240458123386,0.7851186394691467,2.0729079835751565e-06,True
dnn,0.05,1,8,1.0,0.7368062997280775,0.1371774569157623,dnn,0.591944694519043,0.6600921750068665,0.7851186394691467,0.753955726894069,True
dnn,0.05,1,4,1.0,0.5453349474995434,0.1373723275798853,dnn,0.6183403134346008,0.7638300061225891,0.7851186394691467,0.7875756380624054,True
dnn,0.05,1,8,0.5,1.4869510248216484,0.1374377226705836,dnn,0.5475279688835144,0.6954004168510437,0.7851186394691467,0.6973824608898881,True
dnn,0.05,2,4,1.0,0.2,0.1376684818563278,dnn,7.652085631804084e-10,8.723098687823949e-09,0.7851186394691467,9.746406781245183e-10,True
dnn,0.05,1,2,1.0,0.900492287060531,0.137742540381396,dnn,0.4886177182197571,0.7366795539855957,0.7851186394691467,0.6223488956396871,True
dnn,0.05,1,4,0.5,2.221007363126434,0.1378396427491846,dnn,0.2766294479370117,0.5230457782745361,0.7851186394691467,0.3523409508199335,True
dnn,0.05,1,4,1.0,0.6028741513057392,0.1378953874975016,dnn,0.5711655020713806,0.7638300061225891,0.7851186394691467,0.7274894179783717,True
dnn,0.05,1,4,0.5,1.1005421090383831,0.1379585888028305,dnn,0.38800984621047974,0.5230457782745361,0.7851186394691467,0.49420536808657384,True
dnn,0.05,2,8,1.0,0.2211023350218148,0.1379985419702839,dnn,2.6619095478963573e-06,0.00038994240458123386,0.7851186394691467,3.3904551670002275e-06,True
dnn,0.05,1,4,1.0,0.2444312127604942,0.1379991135446784,dnn,0.5258079767227173,0.7638300061225891,0.7851186394691467,0.6697178621032857,True
dnn,0.05,1,8,0.5,1.3450342120312204,0.1380382746845009,dnn,0.5242378115653992,0.6954004168510437,0.7851186394691467,0.6677179539640778,True
dnn,0.05,1,4,1.0,0.900492287060531,0.1380555086156231,dnn,0.5572748780250549,0.7638300061225891,0.7851186394691467,0.7097970294041841,True
dnn,0.05,1,2,0.5,0.7368062997280775,0.1381323834267142,dnn,0.6301849484443665,0.7547611594200134,0.7851186394691467,0.8026620650230164,True
dnn,0.05,1,8,1.0,0.2987330888578299,0.1382090188898936,dnn,0.5870875120162964,0.6600921750068665,0.7851186394691467,0.7477691682536693,True
dnn,0.05,1,4,1.0,0.4036206056789731,0.138259260267568,dnn,0.7164298295974731,0.7638300061225891,0.7851186394691467,0.9125115537721571,True
dnn,0.05,1,2,0.5,1.4869510248216484,0.1383745449944705,dnn,0.4682074785232544,0.7547611594200134,0.7851186394691467,0.5963525192063076,True
dnn,0.05,1,4,0.5,2.0090311238977194,0.1384992909022689,dnn,0.284760981798172,0.5230457782745361,0.7851186394691467,0.3626980273843854,True
dnn,0.05,1,2,1.0,0.6664844128899691,0.1386232049703464,dnn,0.6157407760620117,0.7366795539855957,0.7851186394691467,0.784264625889332,True
dnn,0.05,2,8,1.0,0.2,0.1387366708996758,dnn,3.983626811532304e-06,0.00038994240458123386,0.7851186394691467,5.07391699963436e-06,True
dnn,0.05,1,8,1.0,0.2444312127604942,0.138827527338094,dnn,0.7521598935127258,0.6600921750068665,0.7851186394691467,0.9580206808251225,True
dnn,0.05,1,8,1.0,0.2702215594677964,0.1388487396866603,dnn,0.6750175952911377,0.6600921750068665,0.7851186394691467,0.8597650869014482,True
dnn,0.05,1,8,1.0,0.2211023350218148,0.1388815947851065,dnn,0.650564968585968,0.6600921750068665,0.7851186394691467,0.8286199510252917,True
dnn,0.05,1,4,1.0,0.2702215594677964,0.138899584547234,dnn,0.6362879872322083,0.7638300061225891,0.7851186394691467,0.8104354619098466,True
dnn,0.05,1,2,0.5,0.2,0.1389892794202286,dnn,0.5795952677726746,0.7547611594200134,0.7851186394691467,0.7382263503061963,True
dnn,0.05,1,4,1.0,0.6664844128899691,0.139005356784277,dnn,0.6048814654350281,0.7638300061225891,0.7851186394691467,0.7704331995531466,True
dnn,0.05,1,8,1.0,0.4462072918927006,0.139021132238758,dnn,0.5148662328720093,0.6600921750068665,0.7851186394691467,0.6557814411591769,True
dnn,0.05,1,2,0.5,1.1005421090383831,0.1390620087119992,dnn,0.5322360396385193,0.7547611594200134,0.7851186394691467,0.6779052398990139,True
dnn,0.05,1,4,0.5,1.3450342120312204,0.1390719280326046,dnn,0.3654954433441162,0.5230457782745361,0.7851186394691467,0.46552893406179197,True
dnn,0.05,1,2,1.0,0.5453349474995434,0.1391336213451998,dnn,0.6663401126861572,0.7366795539855957,0.7851186394691467,0.848712639323783,True
dnn,0.05,1,8,1.0,0.4932873707061831,0.1391975386633906,dnn,0.6157916784286499,0.6600921750068665,0.7851186394691467,0.7843294598699296,True
dnn,0.05,1,8,1.0,0.4036206056789731,0.1392717048386133,dnn,0.6611988544464111,0.6600921750068665,0.7851186394691467,0.8421642554474019,True
dnn,0.05,1,8,1.0,0.2,0.1394700312832826,dnn,0.6203739047050476,0.6600921750068665,0.7851186394691467,0.7901658087298878,True
dnn,0.05,1,2,0.5,0.2211023350218148,0.1395779351196155,dnn,0.6517741680145264,0.7547611594200134,0.7851186394691467,0.8301600996955308,True
dnn,0.05,1,4,1.0,0.2211023350218148,0.1398330890336193,dnn,0.5424452424049377,0.7638300061225891,0.7851186394691467,0.6909086284993933,True
dnn,0.05,1,2,0.5,0.2987330888578299,0.1398486907410818,dnn,0.6359082460403442,0.7547611594200134,0.7851186394691467,0.8099517882677066,True
dnn,0.05,1,2,1.0,0.3302529174737275,0.1398832403849089,dnn,0.6286070346832275,0.7366795539855957,0.7851186394691467,0.8006522875424998,True
dnn,0.05,1,4,1.0,0.4932873707061831,0.1400653159209386,dnn,0.6819899678230286,0.7638300061225891,0.7851186394691467,0.8686457479651126,True
dnn,0.05,1,4,1.0,0.3650984560060393,0.1403350100460672,dnn,0.598535418510437,0.7638300061225891,0.7851186394691467,0.7623502849392713,True
dnn,0.05,1,2,1.0,0.4932873707061831,0.1403562354942953,dnn,0.6009221076965332,0.7366795539855957,0.7851186394691467,0.7653901938983936,True
dnn,0.05,1,2,1.0,0.4462072918927006,0.140605762189182,dnn,0.5603471398353577,0.7366795539855957,0.7851186394691467,0.7137101473151026,True
dnn,0.05,1,8,0.5,0.7368062997280775,0.1406309564545435,dnn,0.5581881999969482,0.6954004168510437,0.7851186394691467,0.7109603210724482,True
dnn,0.05,1,2,1.0,0.2444312127604942,0.1406560124996328,dnn,0.6054311394691467,0.7366795539855957,0.7851186394691467,0.7711333154419889,True
dnn,0.05,1,2,1.0,0.2702215594677964,0.1406574161828085,dnn,0.5982228517532349,0.7366795539855957,0.7851186394691467,0.7619521708944774,True
dnn,0.05,1,4,1.0,0.4462072918927006,0.141078463725512,dnn,0.5974971652030945,0.7638300061225891,0.7851186394691467,0.7610278691219057,True
dnn,0.05,1,4,1.0,0.2987330888578299,0.1412866801096556,dnn,0.6486616730690002,0.7638300061225891,0.7851186394691467,0.8261957371278167,True
dnn,0.05,1,2,1.0,0.2,0.1412907572816336,dnn,0.6014477610588074,0.7366795539855957,0.7851186394691467,0.7660597148291788,True
dnn,0.05,1,2,1.0,0.3650984560060393,0.1412944501867417,dnn,0.5873864889144897,0.7366795539855957,0.7851186394691467,0.7481499729921679,True
dnn,0.05,1,2,0.5,0.900492287060531,0.1414032793079299,dnn,0.5229968428611755,0.7547611594200134,0.7851186394691467,0.6661373409944727,True
dnn,0.05,1,4,1.0,0.3302529174737275,0.1414960106753333,dnn,0.6242600083351135,0.7638300061225891,0.7851186394691467,0.7951155111502679,True
dnn,0.05,1,2,0.0,2.0090311238977194,0.1416371703691787,dnn,0.6086033582687378,0.7851186394691467,0.7851186394691467,0.7751737478557907,True
dnn,0.05,1,4,0.5,0.900492287060531,0.1416385540012136,dnn,0.4030964970588684,0.5230457782745361,0.7851186394691467,0.5134211274507757,True
dnn,0.05,1,4,0.5,0.7368062997280775,0.1420357362488314,dnn,0.3919580578804016,0.5230457782745361,0.7851186394691467,0.4992341770734442,True
dnn,0.05,1,8,0.0,3.000820366267417,0.1420780399179147,dnn,0.46653711795806885,0.6083871126174927,0.7851186394691467,0.5942249928921763,True
dnn,0.05,1,2,0.5,0.5453349474995434,0.1420899267522696,dnn,0.5665172934532166,0.7547611594200134,0.7851186394691467,0.7215690278812688,True
dnn,0.05,1,8,1.0,0.3302529174737275,0.1421855216081464,dnn,0.6395248174667358,0.6600921750068665,0.7851186394691467,0.8145581894465616,True
dnn,0.05,1,2,1.0,0.2987330888578299,0.142457926718446,dnn,0.6680598258972168,0.7366795539855957,0.7851186394691467,0.8509030257502502,True
dnn,0.05,1,2,0.0,1.817286211563076,0.1426782996603074,dnn,0.6228680610656738,0.7851186394691467,0.7851186394691467,0.7933425978611619,True
dnn,0.05,1,2,1.0,0.2211023350218148,0.143088774424595,dnn,0.542775571346283,0.7366795539855957,0.7851186394691467,0.6913293661111872,True
dnn,0.05,1,8,1.0,0.3650984560060393,0.1431709103329007,dnn,0.5979859828948975,0.6600921750068665,0.7851186394691467,0.7616504727224692,True
dnn,0.05,1,4,0.5,0.8145479666433055,0.1432979756971489,dnn,0.3790159225463867,0.5230457782745361,0.7851186394691467,0.4827498717934605,True
dnn,0.05,1,8,0.5,0.8145479666433055,0.1441454282670111,dnn,0.5316784381866455,0.6954004168510437,0.7851186394691467,0.6771950269148325,True
dnn,0.05,1,4,0.5,0.4462072918927006,0.1447029045682943,dnn,0.40900158882141113,0.5230457782745361,0.7851186394691467,0.5209424006261717,True
dnn,0.05,1,8,0.5,0.6028741513057392,0.1448838630427041,dnn,0.6229659914970398,0.6954004168510437,0.7851186394691467,0.7934673311517028,True
dnn,0.05,1,2,0.0,1.643841718255735,0.1450953721856397,dnn,0.6496493816375732,0.7851186394691467,0.7851186394691467,0.827453774472645,True
dnn,0.05,1,2,0.5,0.8145479666433055,0.1455537186864766,dnn,0.638533353805542,0.7547611594200134,0.7851186394691467,0.8132953692670989,True
dnn,0.05,1,4,0.5,0.3650984560060393,0.1461128078112319,dnn,0.4176356792449951,0.5230457782745361,0.7851186394691467,0.5319395798925077,True
dnn,0.05,1,4,0.5,0.6664844128899691,0.1461428333631874,dnn,0.39506614208221436,0.5230457782745361,0.7851186394691467,0.5031929217084133,True
dnn,0.05,2,4,0.5,0.2444312127604942,0.1468612576177378,dnn,1.602944686707186e-11,2.447398950167212e-10,0.7851186394691467,2.0416591915216885e-11,True
dnn,0.05,2,4,0.5,0.2211023350218148,0.1469574225089526,dnn,2.0839422201768265e-11,2.447398950167212e-10,0.7851186394691467,2.6543023123051462e-11,True
dnn,0.05,1,2,0.0,0.7368062997280775,0.1470656672798737,dnn,0.7494634985923767,0.7851186394691467,0.7851186394691467,0.9545863018856895,True
dnn,0.05,2,4,0.5,0.2,0.1473711222262611,dnn,2.6367104680180553e-11,2.447398950167212e-10,0.7851186394691467,3.3583592790522095e-11,True
dnn,0.05,1,8,0.0,2.455349570439492,0.1475787732226244,dnn,0.4286630153656006,0.6083871126174927,0.7851186394691467,0.5459850190990734,True
dnn,0.05,1,4,0.5,0.4932873707061831,0.1480326797183089,dnn,0.44731321930885315,0.5230457782745361,0.7851186394691467,0.569739650572175,True
dnn,0.05,1,8,0.5,0.4932873707061831,0.1481204938016935,dnn,0.5511350631713867,0.6954004168510437,0.7851186394691467,0.7019767911051422,True
dnn,0.05,1,2,0.0,1.3450342120312204,0.1483582079464119,dnn,0.7289448380470276,0.7851186394691467,0.7851186394691467,0.9284518305919972,True
dnn,0.05,1,2,0.0,0.2702215594677964,0.1486097912118159,dnn,0.735323965549469,0.7851186394691467,0.7851186394691467,0.93657687970146,True
dnn,0.05,1,2,0.5,0.6664844128899691,0.1500228751085059,dnn,0.5216436386108398,0.7547611594200134,0.7851186394691467,0.6644137744119106,True
dnn,0.05,1,2,0.0,0.2444312127604942,0.1503938706481871,dnn,0.7448259592056274,0.7851186394691467,0.7851186394691467,0.9486795011123886,True
dnn,0.05,1,4,0.5,0.4036206056789731,0.150638617061593,dnn,0.5031423568725586,0.5230457782745361,0.7851186394691467,0.6408488240869625,True
dnn,0.05,1,8,0.5,0.3302529174737275,0.1513693691040133,dnn,0.4782359004020691,0.6954004168510437,0.7851186394691467,0.6091256484821522,True
dnn,0.05,1,4,0.5,0.3302529174737275,0.1517712855555432,dnn,0.4388576149940491,0.5230457782745361,0.7851186394691467,0.5589698077869862,True
dnn,0.05,1,8,0.0,2.714417616594908,0.1518027890330772,dnn,0.4341249465942383,0.6083871126174927,0.7851186394691467,0.5529418418696177,True
dnn,0.05,1,2,0.0,1.4869510248216484,0.1519409533820042,dnn,0.5914096236228943,0.7851186394691467,0.7851186394691467,0.7532742109176931,True
dnn,0.05,1,2,0.0,1.1005421090383831,0.1523646963746362,dnn,0.7390138506889343,0.7851186394691467,0.7851186394691467,0.9412766600326978,True
dnn,0.05,1,2,0.5,0.4462072918927006,0.1525614997178224,dnn,0.6151750683784485,0.7547611594200134,0.7851186394691467,0.7835440880557815,True
dnn,0.05,1,4,0.5,0.2987330888578299,0.1526426228966019,dnn,0.454742968082428,0.5230457782745361,0.7851186394691467,0.5792028684860924,True
dnn,0.05,1,4,0.0,2.221007363126434,0.1529673518026652,dnn,0.4420575797557831,0.6854089498519897,0.7851186394691467,0.5630455800344744,True
dnn,0.05,1,2,0.0,0.6028741513057392,0.1531396466655571,dnn,0.7700735330581665,0.7851186394691467,0.7851186394691467,0.9808371554888152,True
dnn,0.05,1,8,0.5,0.6664844128899691,0.1534891318248944,dnn,0.7083719372749329,0.6954004168510437,0.7851186394691467,0.9022482739091436,True
dnn,0.05,1,4,0.5,0.5453349474995434,0.1542023448276553,dnn,0.41824018955230713,0.5230457782745361,0.7851186394691467,0.5327095403506121,True
dnn,0.05,1,8,0.5,0.5453349474995434,0.1543707141839353,dnn,0.630640983581543,0.6954004168510437,0.7851186394691467,0.8032429137180428,True
dnn,0.05,1,8,0.5,0.4462072918927006,0.1547489548708863,dnn,0.6152753829956055,0.6954004168510437,0.7851186394691467,0.7836718580667251,True
dnn,0.05,1,4,0.0,2.0090311238977194,0.1551840757370218,dnn,0.4755839705467224,0.6854089498519897,0.7851186394691467,0.6057479043782296,True
dnn,0.05,1,2,0.0,0.3302529174737275,0.155302819506877,dnn,0.7626364827156067,0.7851186394691467,0.7851186394691467,0.9713646376186645,True
dnn,0.05,1,4,0.5,0.2444312127604942,0.1554801599112528,dnn,0.5656648874282837,0.5230457782745361,0.7851186394691467,0.7204833244192936,True
dnn,0.05,1,2,0.0,0.2,0.1558085477022077,dnn,0.7765287756919861,0.7851186394691467,0.7851186394691467,0.9890591518971341,True
dnn,0.05,1,8,0.5,0.2702215594677964,0.1558666803140918,dnn,0.5006482005119324,0.6954004168510437,0.7851186394691467,0.6376720349556886,True
dnn,0.05,1,8,0.5,0.2444312127604942,0.1561424959508671,dnn,0.6093809604644775,0.6954004168510437,0.7851186394691467,0.7761641742151312,True
dnn,0.05,1,4,0.0,1.817286211563076,0.1563542805868471,dnn,0.507585346698761,0.6854089498519897,0.7851186394691467,0.6465078284754031,True
dnn,0.05,1,4,0.5,0.6028741513057392,0.1569436454363676,dnn,0.40327373147010803,0.5230457782745361,0.7851186394691467,0.5136468696537114,True
dnn,0.05,2,8,0.5,0.2987330888578299,0.1570452626465709,dnn,3.5165066414322155e-09,1.2262222526260302e-07,0.7851186394691467,4.478949377395855e-09,True
dnn,0.05,1,4,0.0,1.4869510248216484,0.157239515631417,dnn,0.5198974013328552,0.6854089498519897,0.7851186394691467,0.6621896044709634,True
dnn,0.05,2,8,0.5,0.2211023350218148,0.1572755297074224,dnn,8.54239523562228e-09,1.2262222526260302e-07,0.7851186394691467,1.0880387760756985e-08,True
dnn,0.05,1,2,0.0,0.8145479666433055,0.1581992029001848,dnn,0.565078616142273,0.7851186394691467,0.7851186394691467,0.7197365948722698,True
dnn,0.05,1,2,0.5,0.2444312127604942,0.158695822060729,dnn,0.6211894750595093,0.7547611594200134,0.7851186394691467,0.7912045948616413,True
dnn,0.05,1,2,0.0,0.2987330888578299,0.1590578133511325,dnn,0.7484743595123291,0.7851186394691467,0.7851186394691467,0.9533264425086195,True
dnn,0.05,1,4,0.0,1.2166621504910964,0.1592198419886789,dnn,0.5644222497940063,0.6854089498519897,0.7851186394691467,0.7189005857454067,True
dnn,0.05,1,8,0.5,0.4036206056789731,0.1594248072740245,dnn,0.6622598171234131,0.6954004168510437,0.7851186394691467,0.8435155960266032,True
dnn,0.05,1,2,0.0,1.2166621504910964,0.1602201091977608,dnn,0.703984260559082,0.7851186394691467,0.7851186394691467,0.8966597214340457,True
dnn,0.05,1,2,0.5,0.3302529174737275,0.1606958362244084,dnn,0.7270628809928894,0.7547611594200134,0.7851186394691467,0.9260547953421264,True
dnn,0.05,1,8,0.0,2.221007363126434,0.1612382259587485,dnn,0.5130513906478882,0.6083871126174927,0.7851186394691467,0.653469889588642,True
dnn,0.05,2,8,0.5,0.3302529174737275,0.1614652281985825,dnn,2.4620412375497835e-09,1.2262222526260302e-07,0.7851186394691467,3.135884328532154e-09,True
dnn,0.05,1,2,0.0,0.900492287060531,0.1615359139987775,dnn,0.6777387261390686,0.7851186394691467,0.7851186394691467,0.8632309718150591,True
dnn,0.05,1,2,0.0,0.5453349474995434,0.1631816526801786,dnn,0.6936710476875305,0.7851186394691467,0.7851186394691467,0.8835238559060985,True
dnn,0.05,1,4,0.0,0.9955047366910889,0.1631913153588297,dnn,0.6214843988418579,0.6854089498519897,0.7851186394691467,0.7915802371754552,True
dnn,0.05,1,4,0.5,0.2211023350218148,0.1634859162713636,dnn,0.45507606863975525,0.5230457782745361,0.7851186394691467,0.5796271362853546,True
dnn,0.05,1,4,0.0,1.3450342120312204,0.1645049978364811,dnn,0.5941792726516724,0.6854089498519897,0.7851186394691467,0.756801893091499,True
dnn,0.05,1,4,0.0,1.643841718255735,0.1645718366147806,dnn,0.5313422679901123,0.6854089498519897,0.7851186394691467,0.6767668493380519,True
dnn,0.05,1,2,0.0,0.3650984560060393,0.1649259251000623,dnn,0.7606584429740906,0.7851186394691467,0.7851186394691467,0.9688452225365649,True
dnn,0.05,1,8,0.5,0.2,0.1656361738330289,dnn,0.6603359580039978,0.6954004168510437,0.7851186394691467,0.8410651904156549,True
dnn,0.05,1,4,0.0,1.1005421090383831,0.1661843083675786,dnn,0.4967467486858368,0.6854089498519897,0.7851186394691467,0.6327027836477161,True
dnn,0.05,2,8,0.5,0.2702215594677964,0.166547752803907,dnn,4.862465097232871e-09,1.2262222526260302e-07,0.7851186394691467,6.193287043243041e-09,True
dnn,0.05,1,4,0.0,0.3302529174737275,0.1691633518759182,dnn,0.6844182014465332,0.6854089498519897,0.7851186394691467,0.871738571777252,True
dnn,0.05,1,2,0.5,0.2702215594677964,0.1696579300614501,dnn,0.7168689966201782,0.7547611594200134,0.7851186394691467,0.9130709176703344,True
dnn,0.05,2,4,0.5,0.2987330888578299,0.1699857006659293,dnn,8.722281577555613e-12,2.447398950167212e-10,0.7851186394691467,1.1109507708864396e-11,True
dnn,0.05,1,8,0.5,0.3650984560060393,0.1702186210254324,dnn,0.8151221871376038,0.6954004168510437,0.7851186394691467,1.0,True
dnn,0.05,1,4,0.0,0.6664844128899691,0.170882883176835,dnn,0.5617597103118896,0.6854089498519897,0.7851186394691467,0.715509328235692,True
dnn,0.05,1,2,0.0,0.6664844128899691,0.1730124606540929,dnn,0.7550118565559387,0.7851186394691467,0.7851186394691467,0.9616532057708316,True
dnn,0.05,1,4,0.5,0.2,0.1733278375717207,dnn,0.4565904438495636,0.5230457782745361,0.7851186394691467,0.5815559851671392,True
dnn,0.05,2,8,0.5,0.2,0.1737792856230337,dnn,1.0918506099244496e-08,1.2262222526260302e-07,0.7851186394691467,1.3906823186145444e-08,True
dnn,0.05,1,8,0.5,0.2987330888578299,0.174362485551035,dnn,0.5994908213615417,0.6954004168510437,0.7851186394691467,0.763567174722643,True
dnn,0.05,1,8,0.5,0.2211023350218148,0.1745540600314325,dnn,0.6685615181922913,0.6954004168510437,0.7851186394691467,0.8515420276409883,True
dnn,0.05,1,8,0.0,1.817286211563076,0.1747700113966278,dnn,0.5412505865097046,0.6083871126174927,0.7851186394691467,0.6893870038236106,True
dnn,0.05,1,8,0.0,1.643841718255735,0.1762632748382997,dnn,0.5274062156677246,0.6083871126174927,0.7851186394691467,0.6717535276252353,True
dnn,0.05,1,4,0.5,0.2702215594677964,0.1804736935320995,dnn,0.450258731842041,0.5230457782745361,0.7851186394691467,0.5734913288346851,True
dnn,0.05,1,4,0.0,0.5453349474995434,0.1826092450027827,dnn,0.546021580696106,0.6854089498519897,0.7851186394691467,0.6954637850214526,True
dnn,0.05,1,2,0.5,0.3650984560060393,0.1826667485603859,dnn,0.5422260761260986,0.7547611594200134,0.7851186394691467,0.6906294779763751,True
dnn,0.05,1,8,0.0,1.4869510248216484,0.1846488670759067,dnn,0.6220710277557373,0.6083871126174927,0.7851186394691467,0.7923274222305394,True
dnn,0.05,1,8,0.0,2.0090311238977194,0.1851530228643723,dnn,0.5532777309417725,0.6083871126174927,0.7851186394691467,0.7047058917310483,True
dnn,0.05,1,2,0.0,0.4932873707061831,0.1851673017195918,dnn,0.7636850476264954,0.7851186394691467,0.7851186394691467,0.9727001872517719,True
dnn,0.05,1,2,0.0,0.4036206056789731,0.1854799235085398,dnn,0.7461971044540405,0.7851186394691467,0.7851186394691467,0.9504259190159812,True
dnn,0.05,2,4,0.0,0.2211023350218148,0.1860909707849338,dnn,2.3518396431720934e-12,1.9324999933623133e-11,0.7851186394691467,2.9955213453628813e-12,True
dnn,0.05,1,4,0.0,0.2,0.1862056748933085,dnn,0.6984577178955078,0.6854089498519897,0.7851186394691467,0.8896206035405883,True
dnn,0.05,1,8,0.0,1.2166621504910964,0.1869156788777687,dnn,0.6603814959526062,0.6083871126174927,0.7851186394691467,0.8411231917753464,True
dnn,0.05,1,8,0.0,1.3450342120312204,0.1890131891241645,dnn,0.6007235050201416,0.6083871126174927,0.7851186394691467,0.7651372350888488,True
dnn,0.05,1,8,0.0,0.900492287060531,0.1897234789664471,dnn,0.6658948659896851,0.6083871126174927,0.7851186394691467,0.848145531788579,True
dnn,0.05,2,8,0.5,0.2444312127604942,0.1901695447731905,dnn,6.526422069441651e-09,1.2262222526260302e-07,0.7851186394691467,8.312657146765044e-09,True
dnn,0.05,1,4,0.0,0.2444312127604942,0.1910684457481259,dnn,0.6051321029663086,0.6854089498519897,0.7851186394691467,0.7707524347854804,True
dnn,0.05,1,8,0.0,0.6664844128899691,0.1926191207833315,dnn,0.6631640791893005,0.6083871126174927,0.7851186394691467,0.844667348157337,True
dnn,0.05,1,4,0.0,0.7368062997280775,0.1977188702514869,dnn,0.5943575501441956,0.6854089498519897,0.7851186394691467,0.7570289638596109,True
dnn,0.05,2,8,0.0,0.2,0.1990280978827996,dnn,1.243433134234806e-09,1.0007839001957564e-08,0.7851186394691467,1.58375189649751e-09,True
dnn,0.05,1,8,0.0,1.1005421090383831,0.2000103484311182,dnn,0.5834230184555054,0.6083871126174927,0.7851186394691467,0.7431017289947203,True
dnn,0.05,1,8,0.0,0.7368062997280775,0.2016732969496547,dnn,0.6815323233604431,0.6083871126174927,0.7851186394691467,0.8680628494838145,True
dnn,0.05,1,4,0.0,0.2702215594677964,0.2020938782096976,dnn,0.7206723093986511,0.6854089498519897,0.7851186394691467,0.9179151699747307,True
dnn,0.05,1,8,0.0,0.9955047366910889,0.208030046385728,dnn,0.6356197595596313,0.6083871126174927,0.7851186394691467,0.80958434509898,True
dnn,0.05,1,4,0.0,0.3650984560060393,0.2097038223135006,dnn,0.6930705904960632,0.6854089498519897,0.7851186394691467,0.8827590578726786,True
dnn,0.05,1,4,0.0,0.900492287060531,0.2118360590766104,dnn,0.6326121687889099,0.6854089498519897,0.7851186394691467,0.8057535982289846,True
dnn,0.05,1,4,0.0,0.4036206056789731,0.215391783616874,dnn,0.6368675827980042,0.6854089498519897,0.7851186394691467,0.8111736886397428,True
dnn,0.05,1,4,0.0,0.8145479666433055,0.217185024404778,dnn,0.6068244576454163,0.6854089498519897,0.7851186394691467,0.7729079748453266,True
dnn,0.05,1,8,0.0,0.4036206056789731,0.2180817942346559,dnn,0.7233546376228333,0.6083871126174927,0.7851186394691467,0.9213316322637878,True
dnn,0.05,1,4,0.0,0.4932873707061831,0.2188838767235806,dnn,0.5833666920661926,0.6854089498519897,0.7851186394691467,0.7430299864752065,True
dnn,0.05,1,8,0.0,0.8145479666433055,0.2191120259955291,dnn,0.7047786116600037,0.6083871126174927,0.7851186394691467,0.8976714807542151,True
dnn,0.05,2,8,0.0,0.3302529174737275,0.2194417528395478,dnn,3.1887220641735325e-10,1.0007839001957564e-08,0.7851186394691467,4.0614525039547756e-10,True
dnn,0.05,2,8,0.0,0.2987330888578299,0.2236113471113095,dnn,4.436958023212867e-10,1.0007839001957564e-08,0.7851186394691467,5.651321724080949e-10,True
dnn,0.05,1,4,0.0,0.2211023350218148,0.2252895526984643,dnn,0.6878133416175842,0.6854089498519897,0.7851186394691467,0.8760629375487061,True
dnn,0.05,1,8,0.0,0.4462072918927006,0.2336848137769596,dnn,0.728744626045227,0.6083871126174927,0.7851186394691467,0.9281968219961806,True
dnn,0.05,1,4,0.0,0.6028741513057392,0.2358633869975215,dnn,0.6654366254806519,0.6854089498519897,0.7851186394691467,0.8475618741271801,True
dnn,0.05,1,4,0.0,0.4462072918927006,0.2425579175817296,dnn,0.6947803497314453,0.6854089498519897,0.7851186394691467,0.8849367659914645,True
dnn,0.05,1,8,0.0,0.5453349474995434,0.2450858987052321,dnn,0.7524834275245667,0.6083871126174927,0.7851186394691467,0.9584327637837688,True
dnn,0.05,1,8,0.0,0.3650984560060393,0.2460940746538983,dnn,0.6745296716690063,0.6083871126174927,0.7851186394691467,0.8591436220710357,True
dnn,0.05,1,8,0.0,0.6028741513057392,0.2463900101425834,dnn,0.5801219344139099,0.6083871126174927,0.7851186394691467,0.7388971618431527,True
dnn,0.05,1,8,0.0,0.2211023350218148,0.2472853047246635,dnn,0.7817512154579163,0.6083871126174927,0.7851186394691467,0.9957109361032273,True
dnn,0.05,1,8,0.0,0.4932873707061831,0.2493246063885906,dnn,0.7185330986976624,0.6083871126174927,0.7851186394691467,0.9151904725934086,True
dnn,0.05,1,4,0.0,0.2987330888578299,0.2548839613336673,dnn,0.6410323977470398,0.6854089498519897,0.7851186394691467,0.8164783836751984,True
dnn,0.05,2,8,0.0,0.2702215594677964,0.2585156285094034,dnn,5.973789796165363e-10,1.0007839001957564e-08,0.7851186394691467,7.608773369849562e-10,True
dnn,0.05,2,8,0.0,0.2211023350218148,0.2606731770248107,dnn,9.978419202028022e-10,1.0007839001957564e-08,0.7851186394691467,1.2709441223780995e-09,True
dnn,0.05,1,8,0.0,0.2987330888578299,0.2617386214998206,dnn,0.727871835231781,0.6083871126174927,0.7851186394691467,0.9270851545747624,True
dnn,0.05,1,8,0.0,0.3302529174737275,0.2631276493117112,dnn,0.6017656326293945,0.6083871126174927,0.7851186394691467,0.7664645855768687,True
dnn,0.05,1,8,0.0,0.2444312127604942,0.2699657717402885,dnn,0.7160471081733704,0.6083871126174927,0.7851186394691467,0.9120240842295139,True
dnn,0.05,1,8,0.0,0.2702215594677964,0.2724409392203271,dnn,0.6171013116836548,0.6083871126174927,0.7851186394691467,0.7859975303871325,True
dnn,0.05,1,8,0.0,0.2,0.2968106015241872,dnn,0.6706159114837646,0.6083871126174927,0.7851186394691467,0.8541586936939843,True
dnn,0.1,2,4,0.0,1.1005421090383831,0.1522325673997357,dnn,1.813305094185841e-14,3.291540998096032e-11,0.9057380557060242,2.002019328615233e-14,True
dnn,0.1,2,8,0.0,1.817286211563076,0.1522325679461117,dnn,1.222133525836163e-14,7.049475669873573e-08,0.9057380557060242,1.3493233701917362e-14,True
dnn,0.1,2,2,0.0,0.6028741513057392,0.1522325685918287,dnn,9.814511009453852e-11,2.2899509133367246e-07,0.9057380557060242,1.0835926510566486e-10,True
dnn,0.1,2,8,0.0,3.667470807015676,0.1522325685918287,dnn,0.0,7.049475669873573e-08,0.9057380557060242,0.0,True
dnn,0.1,2,4,0.0,4.054431795277528,0.1522325685918287,dnn,0.0,3.291540998096032e-11,0.9057380557060242,0.0,True
dnn,0.1,2,2,1.0,1.817286211563076,0.1522325686414992,dnn,1.5461410770396464e-14,0.4574171006679535,0.9057380557060242,1.7070510257343962e-14,True
dnn,0.1,2,8,0.5,3.000820366267417,0.1522325686911697,dnn,0.0,9.862885053735226e-05,0.9057380557060242,0.0,True
dnn,0.1,2,4,0.5,4.955148403871969,0.1522496835440967,dnn,1.4210854715202004e-14,9.834734138181034e-10,0.9057380557060242,1.5689806369154514e-14,True
dnn,0.1,2,8,1.0,3.667470807015676,0.1522507825661107,dnn,1.4210854715202004e-14,0.5520374774932861,0.9057380557060242,1.5689806369154514e-14,True
dnn,0.1,2,2,0.5,10.000000000000002,0.1522507825661107,dnn,1.4210854715202004e-14,2.3071708710631356e-05,0.9057380557060242,1.5689806369154514e-14,True
dnn,0.1,2,8,0.0,5.477974412378556,0.1522507874834938,dnn,1.4210854715202004e-14,7.049475669873573e-08,0.9057380557060242,1.5689806369154514e-14,True
dnn,0.1,2,2,0.0,0.2987330888578299,0.1523139250379574,dnn,3.782991697676152e-09,2.2899509133367246e-07,0.9057380557060242,4.176695098371796e-09,True
dnn,0.1,2,2,0.5,4.955148403871969,0.1523178056508349,dnn,1.4210854715202004e-14,2.3071708710631356e-05,0.9057380557060242,1.5689806369154514e-14,True
dnn,0.1,2,4,1.0,8.182261084470007,0.1523178056508349,dnn,5.684341886080802e-14,1.21780047379616e-07,0.9057380557060242,6.275922547661806e-14,True
dnn,0.1,2,4,0.5,0.4036206056789731,0.1523201843452227,dnn,1.0186226861996772e-11,9.834734138181034e-10,0.9057380557060242,1.124632756438239e-11,True
dnn,0.1,2,2,0.5,0.7368062997280775,0.152321393797971,dnn,1.873121935336286e-10,2.3071708710631356e-05,0.9057380557060242,2.0680614262985613e-10,True
dnn,0.1,2,4,1.0,3.317441949813717,0.1523214248668921,dnn,5.684341886080802e-14,1.21780047379616e-07,0.9057380557060242,6.275922547661806e-14,True
dnn,0.1,2,4,1.0,0.6664844128899691,0.1523214334598951,dnn,1.4256784121313704e-11,1.21780047379616e-07,0.9057380557060242,1.57405157390682e-11,True
dnn,0.1,2,4,0.5,3.000820366267417,0.1523214362414452,dnn,1.4210854715202004e-14,9.834734138181034e-10,0.9057380557060242,1.5689806369154514e-14,True
dnn,0.1,2,8,0.5,3.317441949813717,0.1523214362911157,dnn,0.0,9.862885053735226e-05,0.9057380557060242,0.0,True
dnn,0.1,2,8,0.0,2.0090311238977194,0.1523214387746425,dnn,0.0,7.049475669873573e-08,0.9057380557060242,0.0,True
dnn,0.1,2,2,0.5,4.054431795277528,0.1523214387746425,dnn,1.4210854715202004e-14,2.3071708710631356e-05,0.9057380557060242,1.5689806369154514e-14,True
dnn,0.1,2,2,0.0,2.0090311238977194,0.1523214387746425,dnn,1.4210854715202004e-14,2.2899509133367246e-07,0.9057380557060242,1.5689806369154514e-14,True
dnn,0.1,2,8,0.0,3.000820366267417,0.1523214389236542,dnn,1.4210854715202004e-14,7.049475669873573e-08,0.9057380557060242,1.5689806369154514e-14,True
dnn,0.1,2,4,0.0,0.7368062997280775,0.1523318418713184,dnn,3.34807729500744e-14,3.291540998096032e-11,0.9057380557060242,3.6965182967801975e-14,True
dnn,0.1,2,8,1.0,0.8145479666433055,0.152333241242175,dnn,6.417013764803414e-08,0.5520374774932861,0.9057380557060242,7.084845032597579e-08,True
dnn,0.1,2,4,1.0,1.643841718255735,0.1523332456131823,dnn,1.5575096144445147e-14,1.21780047379616e-07,0.9057380557060242,1.719602709229694e-14,True
dnn,0.1,2,2,0.0,0.9955047366910889,0.1523332470536278,dnn,1.2715304070071154e-12,2.2899509133367246e-07,0.9057380557060242,1.4038610821270567e-12,True
dnn,0.1,2,2,1.0,4.955148403871969,0.1523332470536278,dnn,0.0,0.4574171006679535,0.9057380557060242,0.0,True
dnn,0.1,2,8,0.5,4.054431795277528,0.1523332470536278,dnn,5.684341886080802e-14,9.862885053735226e-05,0.9057380557060242,6.275922547661806e-14,True
dnn,0.1,2,2,0.5,1.2166621504910964,0.1523332476000037,dnn,7.504467967184292e-13,2.3071708710631356e-05,0.9057380557060242,8.285472736744563e-13,True
dnn,0.1,2,8,0.5,0.6028741513057392,0.1523553420480855,dnn,7.30058813402934e-09,9.862885053735226e-05,0.9057380557060242,8.060374727589998e-09,True
dnn,0.1,2,2,0.0,0.4462072918927006,0.1523774547793869,dnn,6.168023869435046e-10,2.2899509133367246e-07,0.9057380557060242,6.809942268161696e-10,True
dnn,0.1,2,8,1.0,4.054431795277528,0.1523774679917498,dnn,1.4210854715202004e-14,0.5520374774932861,0.9057380557060242,1.5689806369154514e-14,True
dnn,0.1,2,4,1.0,4.955148403871969,0.1523774709719821,dnn,5.684341886080802e-14,1.21780047379616e-07,0.9057380557060242,6.275922547661806e-14,True
dnn,0.1,2,8,0.0,4.482221685612751,0.1523774719653928,dnn,1.4210854715202004e-14,7.049475669873573e-08,0.9057380557060242,1.5689806369154514e-14,True
dnn,0.1,2,2,0.0,0.3302529174737275,0.152377472909133,dnn,2.53241005943039e-09,2.2899509133367246e-07,0.9057380557060242,2.7959629646524818e-09,True
dnn,0.1,2,4,0.5,2.221007363126434,0.152381014585671,dnn,1.4210854715202004e-14,9.834734138181034e-10,0.9057380557060242,1.5689806369154514e-14,True
dnn,0.1,2,2,1.0,2.0090311238977194,0.1523810153307291,dnn,4.547473724858043e-16,0.4574171006679535,0.9057380557060242,5.020738276601705e-16,True
dnn,0.1,2,2,1.0,3.317441949813717,0.1523810157280934,dnn,0.0,0.4574171006679535,0.9057380557060242,0.0,True
dnn,0.1,2,2,0.0,0.4932873707061831,0.1523810170691979,dnn,3.530433445586567e-10,2.2899509133367246e-07,0.9057380557060242,3.8978526112989577e-10,True
dnn,0.1,2,4,0.0,9.045585157672232,0.1523810182116202,dnn,0.0,3.291540998096032e-11,0.9057380557060242,0.0,True
dnn,0.1,2,2,0.5,3.667470807015676,0.1523810182116202,dnn,1.4210854715202004e-14,2.3071708710631356e-05,0.9057380557060242,1.5689806369154514e-14,True
dnn,0.1,2,4,1.0,0.8145479666433055,0.1523816069879535,dnn,2.5959820230958552e-12,1.21780047379616e-07,0.9057380557060242,2.8661509878507682e-12,True
dnn,0.1,2,8,1.0,1.3450342120312204,0.1523816079316938,dnn,8.799076918475368e-12,0.5520374774932861,0.9057380557060242,9.714814192737517e-12,True
dnn,0.1,2,2,0.0,1.4869510248216484,0.1523816237269246,dnn,1.301714304109778e-14,2.2899509133367246e-07,0.9057380557060242,1.4371862768812222e-14,True
dnn,0.1,2,4,0.5,2.714417616594908,0.1523816237269246,dnn,1.4210854715202004e-14,9.834734138181034e-10,0.9057380557060242,1.5689806369154514e-14,True
dnn,0.1,2,2,0.0,0.5453349474995434,0.1523816237765952,dnn,1.9148047036843252e-10,2.2899509133367246e-07,0.9057380557060242,2.1140822024881487e-10,True
dnn,0.1,2,8,0.5,1.817286211563076,0.1523816239256068,dnn,1.0004441665292102e-14,9.862885053735226e-05,0.9057380557060242,1.1045623624032916e-14,True
dnn,0.1,2,2,1.0,2.221007363126434,0.1523816247203354,dnn,0.0,0.4574171006679535,0.9057380557060242,0.0,True
dnn,0.1,2,8,0.5,6.055964668833263,0.1523837560327067,dnn,5.684341886080802e-14,9.862885053735226e-05,0.9057380557060242,6.275922547661806e-14,True
dnn,0.1,2,8,0.0,0.6028741513057392,0.1523878599829244,dnn,5.779338466127548e-11,7.049475669873573e-08,0.9057380557060242,6.380805608993149e-11,True
dnn,0.1,2,4,0.0,0.2987330888578299,0.1523878704385725,dnn,1.6182752837420877e-12,3.291540998096032e-11,0.9057380557060242,1.7866923814751713e-12,True
dnn,0.1,2,2,0.5,0.2211023350218148,0.1523878877487548,dnn,3.8501465837725846e-07,2.3071708710631356e-05,0.9057380557060242,4.250838925798905e-07,True
dnn,0.1,2,8,0.0,0.8145479666433055,0.1523878878729311,dnn,5.5827625508597656e-12,7.049475669873573e-08,0.9057380557060242,6.163771650853285e-12,True
dnn,0.1,2,2,0.5,4.482221685612751,0.1523878942307599,dnn,1.4210854715202004e-14,2.3071708710631356e-05,0.9057380557060242,1.5689806369154514e-14,True
dnn,0.1,2,2,0.5,2.221007363126434,0.1523878942307599,dnn,1.4210854715202004e-14,2.3071708710631356e-05,0.9057380557060242,1.5689806369154514e-14,True
dnn,0.1,2,4,1.0,9.045585157672232,0.1523878954228528,dnn,5.684341886080802e-14,1.21780047379616e-07,0.9057380557060242,6.275922547661806e-14,True
dnn,0.1,2,2,0.0,1.3450342120312204,0.1523878954228528,dnn,4.21778158731477e-14,2.2899509133367246e-07,0.9057380557060242,4.656734428616895e-14,True
dnn,0.1,2,8,0.5,0.8145479666433055,0.1523879180477826,dnn,3.9390396500138536e-10,9.862885053735226e-05,0.9057380557060242,4.348983268615523e-10,True
dnn,0.1,2,8,0.0,0.7368062997280775,0.1523879306889343,dnn,1.3076259693101111e-11,7.049475669873573e-08,0.9057380557060242,1.4437131807284113e-11,True
dnn,0.1,2,4,0.5,0.6664844128899691,0.152403301264963,dnn,5.455262977460684e-13,9.834734138181034e-10,0.9057380557060242,6.023002945601418e-13,True
dnn,0.1,2,8,0.0,6.69493964544323,0.1524033640485221,dnn,0.0,7.049475669873573e-08,0.9057380557060242,0.0,True
dnn,0.1,2,2,1.0,0.7368062997280775,0.152403364594898,dnn,4.269220976738097e-09,0.4574171006679535,0.9057380557060242,4.713527216663357e-09,True
dnn,0.1,2,8,0.0,1.4869510248216484,0.1524033663333668,dnn,6.3096195748648526e-15,7.049475669873573e-08,0.9057380557060242,6.9662741176823964e-15,True
dnn,0.1,2,2,0.0,0.900492287060531,0.1524099752187775,dnn,3.475861308846473e-12,2.2899509133367246e-07,0.9057380557060242,3.8376010447491176e-12,True
dnn,0.1,2,8,1.0,0.7368062997280775,0.1524141382329689,dnn,4.1696091557241743e-07,0.5520374774932861,0.9057380557060242,4.603548597142645e-07,True
dnn,0.1,2,8,1.0,9.045585157672232,0.152417926133793,dnn,1.4210854715202004e-14,0.5520374774932861,0.9057380557060242,1.5689806369154514e-14,True
dnn,0.1,2,8,0.0,2.714417616594908,0.1524179264814867,dnn,0.0,7.049475669873573e-08,0.9057380557060242,0.0,True
dnn,0.1,2,2,1.0,0.8145479666433055,0.1524209047595571,dnn,1.3531512577102944e-09,0.4574171006679535,0.9057380557060242,1.493976375603994e-09,True
dnn,0.1,2,8,0.5,2.714417616594908,0.1524209058026384,dnn,0.0,9.862885053735226e-05,0.9057380557060242,0.0,True
dnn,0.1,2,4,0.0,1.2166621504910964,0.1524209067960491,dnn,1.4722445674684656e-14,3.291540998096032e-11,0.9057380557060242,1.6254639607925592e-14,True
dnn,0.1,2,8,1.0,6.69493964544323,0.1524209069450607,dnn,0.0,0.5520374774932861,0.9057380557060242,0.0,True
dnn,0.1,2,8,1.0,1.817286211563076,0.1524209082861652,dnn,3.7005066979428625e-14,0.5520374774932861,0.9057380557060242,4.085625722172303e-14,True
dnn,0.1,2,8,0.0,8.182261084470007,0.1524257839348681,dnn,0.0,7.049475669873573e-08,0.9057380557060242,0.0,True
dnn,0.1,2,4,0.0,2.455349570439492,0.1524352462232507,dnn,1.4210854715202004e-14,3.291540998096032e-11,0.9057380557060242,1.5689806369154514e-14,True
dnn,0.1,2,4,0.0,6.69493964544323,0.1524352462232507,dnn,0.0,3.291540998096032e-11,0.9057380557060242,0.0,True
dnn,0.1,2,4,0.0,0.6664844128899691,0.1524352464716034,dnn,5.3489656280658604e-14,3.291540998096032e-11,0.9057380557060242,5.90564302158678e-14,True
dnn,0.1,2,4,0.0,2.0090311238977194,0.1524352466702855,dnn,0.0,3.291540998096032e-11,0.9057380557060242,0.0,True
dnn,0.1,2,2,1.0,0.6028741513057392,0.1524379445989973,dnn,4.7942496195219064e-08,0.4574171006679535,0.9057380557060242,5.2931966249168826e-08,True
dnn,0.1,2,2,0.5,7.4013339421880975,0.1524379617850032,dnn,1.4210854715202004e-14,2.3071708710631356e-05,0.9057380557060242,1.5689806369154514e-14,True
dnn,0.1,2,4,1.0,0.4036206056789731,0.1524379646658944,dnn,3.479318499977069e-10,1.21780047379616e-07,0.9057380557060242,3.8414180325733746e-10,True
dnn,0.1,2,2,1.0,0.9955047366910889,0.1524379659076578,dnn,9.274748330456717e-11,0.4574171006679535,0.9057380557060242,1.0239989665916198e-10,True
dnn,0.1,2,2,0.0,2.455349570439492,0.1524379662553515,dnn,1.4210854715202004e-14,2.2899509133367246e-07,0.9057380557060242,1.5689806369154514e-14,True
dnn,0.1,2,4,1.0,7.4013339421880975,0.1524379662553515,dnn,5.684341886080802e-14,1.21780047379616e-07,0.9057380557060242,6.275922547661806e-14,True
dnn,0.1,2,2,0.5,3.000820366267417,0.1524379662553515,dnn,1.4210854715202004e-14,2.3071708710631356e-05,0.9057380557060242,1.5689806369154514e-14,True
dnn,0.1,2,4,1.0,1.817286211563076,0.1524379662553515,dnn,5.684341886080802e-14,1.21780047379616e-07,0.9057380557060242,6.275922547661806e-14,True
dnn,0.1,2,2,1.0,0.6664844128899691,0.1524379667520569,dnn,1.4415864058037187e-08,0.4574171006679535,0.9057380557060242,1.5916151438287527e-08,True
dnn,0.1,2,2,0.0,4.054431795277528,0.1524379677454677,dnn,1.4210854715202004e-14,2.2899509133367246e-07,0.9057380557060242,1.5689806369154514e-14,True
dnn,0.1,2,4,0.5,0.9955047366910889,0.1524379680434909,dnn,2.9615422798574126e-14,9.834734138181034e-10,0.9057380557060242,3.269755820902199e-14,True
dnn,0.1,2,4,1.0,1.2166621504910964,0.1524379680931614,dnn,4.047251493362672e-14,1.21780047379616e-07,0.9057380557060242,4.468456931742625e-14,True
dnn,0.1,2,8,0.0,3.317441949813717,0.152443001716184,dnn,1.4210854715202004e-14,7.049475669873573e-08,0.9057380557060242,1.5689806369154514e-14,True
dnn,0.1,2,8,0.0,0.4462072918927006,0.1524464107940988,dnn,3.476700871640759e-10,7.049475669873573e-08,0.9057380557060242,3.8385279824978373e-10,True
dnn,0.1,2,4,0.5,1.4869510248216484,0.1524475291034792,dnn,0.0,9.834734138181034e-10,0.9057380557060242,0.0,True
dnn,0.1,2,2,0.0,6.69493964544323,0.1524475310903007,dnn,1.4210854715202004e-14,2.2899509133367246e-07,0.9057380557060242,1.5689806369154514e-14,True
dnn,0.1,2,4,0.0,1.3450342120312204,0.152447533524157,dnn,1.4210854715202004e-14,3.291540998096032e-11,0.9057380557060242,1.5689806369154514e-14,True
dnn,0.1,2,4,0.5,4.482221685612751,0.1524475335738276,dnn,1.4210854715202004e-14,9.834734138181034e-10,0.9057380557060242,1.5689806369154514e-14,True
dnn,0.1,2,4,0.0,10.000000000000002,0.1524475335738276,dnn,5.684341886080802e-14,3.291540998096032e-11,0.9057380557060242,6.275922547661806e-14,True
dnn,0.1,2,2,0.5,0.9955047366910889,0.1524475336731686,dnn,8.730524116151717e-12,2.3071708710631356e-05,0.9057380557060242,9.639126965186707e-12,True
dnn,0.1,2,4,0.5,0.6028741513057392,0.1524475478044365,dnn,1.108389855591918e-12,9.834734138181034e-10,0.9057380557060242,1.2237421720432476e-12,True
dnn,0.1,2,8,0.0,0.900492287060531,0.152447548127295,dnn,2.2265566126944414e-12,7.049475669873573e-08,0.9057380557060242,2.458278747003555e-12,True
dnn,0.1,2,8,1.0,2.455349570439492,0.1524483098963943,dnn,1.4210854715202004e-14,0.5520374774932861,0.9057380557060242,1.5689806369154514e-14,True
dnn,0.1,2,8,0.5,1.3450342120312204,0.1524483166515873,dnn,6.753566347654505e-13,9.862885053735226e-05,0.9057380557060242,7.456423305952503e-13,True
dnn,0.1,2,2,0.5,0.4932873707061831,0.1524483186880794,dnn,5.528304480861834e-09,2.3071708710631356e-05,0.9057380557060242,6.103646022196244e-09,True
dnn,0.1,2,4,1.0,2.221007363126434,0.1524483197808312,dnn,5.684341886080802e-14,1.21780047379616e-07,0.9057380557060242,6.275922547661806e-14,True
dnn,0.1,2,4,0.0,0.900492287060531,0.1524483198801723,dnn,1.1880274901050845e-14,3.291540998096032e-11,0.9057380557060242,1.3116678521131755e-14,True
dnn,0.1,2,2,0.0,4.482221685612751,0.1524483212709473,dnn,1.4210854715202004e-14,2.2899509133367246e-07,0.9057380557060242,1.5689806369154514e-14,True
dnn,0.1,2,4,0.0,8.182261084470007,0.1524483212709473,dnn,1.4210854715202004e-14,3.291540998096032e-11,0.9057380557060242,1.5689806369154514e-14,True
dnn,0.1,2,8,0.0,6.055964668833263,0.1524483212709473,dnn,1.4210854715202004e-14,7.049475669873573e-08,0.9057380557060242,1.5689806369154514e-14,True
dnn,0.1,2,2,0.0,0.2211023350218148,0.1524483212709473,dnn,1.0335230449243227e-08,2.2899509133367246e-07,0.9057380557060242,1.1410838248578281e-08,True
dnn,0.1,2,4,1.0,0.9955047366910889,0.1524483215193,dnn,3.47881716922932e-13,1.21780047379616e-07,0.9057380557060242,3.840864527346791e-13,True
dnn,0.1,2,2,0.5,0.6028741513057392,0.1524483217179822,dnn,1.0866404442921862e-09,2.3071708710631356e-05,0.9057380557060242,1.1997292566504212e-09,True
dnn,0.1,2,8,0.5,0.9955047366910889,0.1524521047037059,dnn,3.928613684367477e-11,9.862885053735226e-05,0.9057380557060242,4.3374722521790435e-11,True
dnn,0.1,2,2,1.0,10.000000000000002,0.1524521190088206,dnn,1.4210854715202004e-14,0.4574171006679535,0.9057380557060242,1.5689806369154514e-14,True
dnn,0.1,2,4,0.5,3.317441949813717,0.1524521190088207,dnn,1.4210854715202004e-14,9.834734138181034e-10,0.9057380557060242,1.5689806369154514e-14,True
dnn,0.1,2,4,1.0,3.667470807015676,0.1524632844209717,dnn,5.684341886080802e-14,1.21780047379616e-07,0.9057380557060242,6.275922547661806e-14,True
dnn,0.1,2,2,0.5,6.69493964544323,0.1524632844209717,dnn,1.4210854715202004e-14,2.3071708710631356e-05,0.9057380557060242,1.5689806369154514e-14,True
dnn,0.1,2,4,0.0,0.2444312127604942,0.1524648290551987,dnn,2.9250486581477997e-12,3.291540998096032e-11,0.9057380557060242,3.229464236067369e-12,True
dnn,0.1,2,8,1.0,3.317441949813717,0.1524728048029859,dnn,0.0,0.5520374774932861,0.9057380557060242,0.0,True
dnn,0.1,2,4,0.5,0.7368062997280775,0.1524728054487028,dnn,2.4846257321541054e-13,9.834734138181034e-10,0.9057380557060242,2.7432056282733265e-13,True
dnn,0.1,2,8,0.5,3.667470807015676,0.1524728063427725,dnn,0.0,9.862885053735226e-05,0.9057380557060242,0.0,True
dnn,0.1,2,2,1.0,8.182261084470007,0.1524728077832181,dnn,1.4210854715202004e-14,0.4574171006679535,0.9057380557060242,1.5689806369154514e-14,True
dnn,0.1,2,2,0.5,5.477974412378556,0.1524728077832181,dnn,0.0,2.3071708710631356e-05,0.9057380557060242,0.0,True
dnn,0.1,2,2,0.5,1.817286211563076,0.1524728077832181,dnn,5.05906436670334e-15,2.3071708710631356e-05,0.9057380557060242,5.5855711646782816e-15,True
dnn,0.1,2,4,1.0,0.6028741513057392,0.1524818934639689,dnn,3.0214379609372344e-11,1.21780047379616e-07,0.9057380557060242,3.335884963541715e-11,True
dnn,0.1,2,4,0.0,0.3650984560060393,0.1524822827816403,dnn,8.412257435780335e-13,3.291540998096032e-11,0.9057380557060242,9.287737644216537e-13,True
dnn,0.1,2,8,1.0,1.1005421090383831,0.1524823073933916,dnn,2.6015026244330386e-10,0.5520374774932861,0.9057380557060242,2.8722461290479437e-10,True
dnn,0.1,2,4,0.5,1.1005421090383831,0.1524823218723532,dnn,4.4337867626225835e-15,9.834734138181034e-10,0.9057380557060242,4.8952196881762245e-15,True
dnn,0.1,2,2,1.0,1.3450342120312204,0.1524823231637872,dnn,1.0830376309320378e-12,0.4574171006679535,0.9057380557060242,1.1957514914042209e-12,True
dnn,0.1,2,4,0.5,6.69493964544323,0.1524823232134577,dnn,1.4210854715202004e-14,9.834734138181034e-10,0.9057380557060242,1.5689806369154514e-14,True
dnn,0.1,2,4,0.0,6.055964668833263,0.1524823232134577,dnn,0.0,3.291540998096032e-11,0.9057380557060242,0.0,True
dnn,0.1,2,2,1.0,3.000820366267417,0.1524823232134577,dnn,0.0,0.4574171006679535,0.9057380557060242,0.0,True
dnn,0.1,2,2,0.5,3.317441949813717,0.1524888996217178,dnn,1.4210854715202004e-14,2.3071708710631356e-05,0.9057380557060242,1.5689806369154514e-14,True
dnn,0.1,2,4,1.0,0.900492287060531,0.1524943598610452,dnn,9.966357166629747e-13,1.21780047379616e-07,0.9057380557060242,1.100357559654591e-12,True
dnn,0.1,2,2,0.5,1.3450342120312204,0.1524943691991062,dnn,1.8428636980143132e-13,2.3071708710631356e-05,0.9057380557060242,2.0346541545919678e-13,True
dnn,0.1,2,4,1.0,1.4869510248216484,0.1524943714342804,dnn,3.228706297003607e-14,1.21780047379616e-07,0.9057380557060242,3.564724123783035e-14,True
dnn,0.1,2,4,0.5,1.2166621504910964,0.152494372229009,dnn,1.3528734000580432e-14,9.834734138181034e-10,0.9057380557060242,1.49366960075833e-14,True
dnn,0.1,2,2,0.5,2.0090311238977194,0.1524943730734081,dnn,5.684342156072553e-17,2.3071708710631356e-05,0.9057380557060242,6.275922845752131e-17,True
dnn,0.1,2,2,0.0,10.000000000000002,0.1524943730734081,dnn,1.4210854715202004e-14,2.2899509133367246e-07,0.9057380557060242,1.5689806369154514e-14,True
dnn,0.1,2,2,0.5,0.2987330888578299,0.152494374265501,dnn,7.81103679514672e-08,2.3071708710631356e-05,0.9057380557060242,8.62394678675393e-08,True
dnn,0.1,2,8,0.0,1.2166621504910964,0.1524996556578551,dnn,8.532197436636815e-14,7.049475669873573e-08,0.9057380557060242,9.420160037314491e-14,True
dnn,0.1,2,4,0.0,0.9955047366910889,0.152499656949289,dnn,8.810729991187878e-15,3.291540998096032e-11,0.9057380557060242,9.727680023690625e-15,True
dnn,0.1,2,4,1.0,2.714417616594908,0.1524996687460416,dnn,5.684341886080802e-14,1.21780047379616e-07,0.9057380557060242,6.275922547661806e-14,True
dnn,0.1,2,4,0.0,4.482221685612751,0.152499669242747,dnn,1.4210854715202004e-14,3.291540998096032e-11,0.9057380557060242,1.5689806369154514e-14,True
dnn,0.1,2,8,0.5,0.900492287060531,0.1524996765691512,dnn,1.2832038209786845e-10,9.862885053735226e-05,0.9057380557060242,1.4167493712941376e-10,True
dnn,0.1,2,2,0.0,1.1005421090383831,0.1525027029963624,dnn,4.4485660814774786e-13,2.2899509133367246e-07,0.9057380557060242,4.911537119868299e-13,True
dnn,0.1,2,2,0.0,0.3650984560060393,0.1525058781405245,dnn,1.6439589689554168e-09,2.2899509133367246e-07,0.9057380557060242,1.8150490184206165e-09,True
dnn,0.1,2,4,0.0,0.4932873707061831,0.1525058811207568,dnn,2.3510438929875976e-13,3.291540998096032e-11,0.9057380557060242,2.5957216638699754e-13,True
dnn,0.1,2,2,1.0,0.5453349474995434,0.1525058874785856,dnn,1.2932400750287343e-07,0.4574171006679535,0.9057380557060242,1.4278301180804993e-07,True
dnn,0.1,2,8,1.0,5.477974412378556,0.1525058888693606,dnn,1.4210854715202004e-14,0.5520374774932861,0.9057380557060242,1.5689806369154514e-14,True
dnn,0.1,2,2,0.5,2.455349570439492,0.1525058913528875,dnn,1.4210854715202004e-14,2.3071708710631356e-05,0.9057380557060242,1.5689806369154514e-14,True
dnn,0.1,2,4,0.0,3.667470807015676,0.1525058913528875,dnn,0.0,3.291540998096032e-11,0.9057380557060242,0.0,True
dnn,0.1,2,8,1.0,1.643841718255735,0.152505892693992,dnn,2.0236256789187002e-13,0.5520374774932861,0.9057380557060242,2.234228391056486e-13,True
dnn,0.1,2,8,1.0,1.2166621504910964,0.152505892693992,dnn,4.965659133882028e-11,0.5520374774932861,0.9057380557060242,5.4824450652140136e-11,True
dnn,0.1,2,8,1.0,2.714417616594908,0.1525058942337786,dnn,5.684341886080802e-14,0.5520374774932861,0.9057380557060242,6.275922547661806e-14,True
dnn,0.1,2,8,0.5,1.1005421090383831,0.1525093239614748,dnn,1.1089866872038279e-11,9.862885053735226e-05,0.9057380557060242,1.2244011170971182e-11,True
dnn,0.1,2,4,0.5,2.0090311238977194,0.1525093427617731,dnn,0.0,9.834734138181034e-10,0.9057380557060242,0.0,True
dnn,0.1,2,2,0.0,0.4036206056789731,0.1525093476294858,dnn,1.0282169560227317e-09,2.2899509133367246e-07,0.9057380557060242,1.1352255208281328e-09,True
dnn,0.1,2,8,1.0,4.482221685612751,0.1525093494672957,dnn,1.4210854715202004e-14,0.5520374774932861,0.9057380557060242,1.5689806369154514e-14,True
dnn,0.1,2,8,0.5,2.221007363126434,0.1525093518018109,dnn,5.684342156072553e-17,9.862885053735226e-05,0.9057380557060242,6.275922845752131e-17,True
dnn,0.1,2,4,0.0,1.817286211563076,0.1525093535402797,dnn,5.684341886080802e-14,3.291540998096032e-11,0.9057380557060242,6.275922547661806e-14,True
dnn,0.1,2,2,1.0,1.643841718255735,0.1525093544343494,dnn,4.1609382226640707e-14,0.4574171006679535,0.9057380557060242,4.5939752629921385e-14,True
dnn,0.1,2,2,0.0,0.7368062997280775,0.1525093544343494,dnn,2.1645690448379717e-11,2.2899509133367246e-07,0.9057380557060242,2.3898400108082983e-11,True
dnn,0.1,2,2,0.5,0.2702215594677964,0.1525093547323726,dnn,1.7354767578581232e-07,2.3071708710631356e-05,0.9057380557060242,1.9160912439582949e-07,True
dnn,0.1,2,4,0.5,0.2702215594677964,0.1525117569653664,dnn,4.5022149203211015e-11,9.834734138181034e-10,0.9057380557060242,4.9707692990901415e-11,True
dnn,0.1,2,8,1.0,0.5453349474995434,0.1525142170919297,dnn,0.0006063850014470518,0.5520374774932861,0.9057380557060242,0.0006694926834827248,True
dnn,0.1,2,2,1.0,6.055964668833263,0.1525157075557429,dnn,1.4210854715202004e-14,0.4574171006679535,0.9057380557060242,1.5689806369154514e-14,True
dnn,0.1,2,2,0.5,1.643841718255735,0.1525157087975063,dnn,3.547029410098067e-14,2.3071708710631356e-05,0.9057380557060242,3.9161757505409796e-14,True
dnn,0.1,2,2,0.0,1.643841718255735,0.1525157121254323,dnn,3.808509158541827e-15,2.2899509133367246e-07,0.9057380557060242,4.2048682116741675e-15,True
dnn,0.1,2,2,1.0,2.455349570439492,0.1525306985709388,dnn,0.0,0.4574171006679535,0.9057380557060242,0.0,True
dnn,0.1,2,4,0.0,0.4036206056789731,0.1525307050281086,dnn,5.732658813796532e-13,3.291540998096032e-11,0.9057380557060242,6.329267913257676e-13,True
dnn,0.1,2,4,0.5,1.3450342120312204,0.1525307144158401,dnn,2.3305802376676326e-15,9.834734138181034e-10,0.9057380557060242,2.573128315615426e-15,True
dnn,0.1,2,8,0.5,9.045585157672232,0.1525307169490375,dnn,1.4210854715202004e-14,9.862885053735226e-05,0.9057380557060242,1.5689806369154514e-14,True
dnn,0.1,2,8,0.0,4.054431795277528,0.1525307184391537,dnn,1.4210854715202004e-14,7.049475669873573e-08,0.9057380557060242,1.5689806369154514e-14,True
dnn,0.1,2,4,0.0,3.317441949813717,0.1525307184391537,dnn,1.4210854715202004e-14,3.291540998096032e-11,0.9057380557060242,1.5689806369154514e-14,True
dnn,0.1,2,2,0.5,8.182261084470007,0.1525307184391537,dnn,5.684341886080802e-14,2.3071708710631356e-05,0.9057380557060242,6.275922547661806e-14,True
dnn,0.1,2,2,0.0,8.182261084470007,0.1525307184391537,dnn,1.4210854715202004e-14,2.2899509133367246e-07,0.9057380557060242,1.5689806369154514e-14,True
dnn,0.1,2,2,1.0,0.4462072918927006,0.1525307190848707,dnn,1.1900987146873376e-06,0.4574171006679535,0.9057380557060242,1.3139546331192344e-06,True
dnn,0.1,2,4,0.5,7.4013339421880975,0.1525386765025858,dnn,1.4210854715202004e-14,9.834734138181034e-10,0.9057380557060242,1.5689806369154514e-14,True
dnn,0.1,2,8,0.5,4.955148403871969,0.152565760132949,dnn,0.0,9.862885053735226e-05,0.9057380557060242,0.0,True
dnn,0.1,2,8,1.0,10.000000000000002,0.1525657690736457,dnn,1.4210854715202004e-14,0.5520374774932861,0.9057380557060242,1.5689806369154514e-14,True
dnn,0.1,2,4,0.5,0.3650984560060393,0.1525661438654896,dnn,1.5613010884152345e-11,9.834734138181034e-10,0.9057380557060242,1.7237887693679803e-11,True
dnn,0.1,2,8,0.0,1.643841718255735,0.1525688567250878,dnn,2.1316282072803006e-14,7.049475669873573e-08,0.9057380557060242,2.353470955373177e-14,True
dnn,0.1,2,4,1.0,6.69493964544323,0.1525688570479463,dnn,5.684341886080802e-14,1.21780047379616e-07,0.9057380557060242,6.275922547661806e-14,True
dnn,0.1,2,8,1.0,8.182261084470007,0.152568858041357,dnn,0.0,0.5520374774932861,0.9057380557060242,0.0,True
dnn,0.1,2,4,0.0,0.4462072918927006,0.1525697201728731,dnn,3.8227198641792304e-13,3.291540998096032e-11,0.9057380557060242,4.2205578534507027e-13,True
dnn,0.1,2,8,0.5,8.182261084470007,0.1525743183789517,dnn,1.4210854715202004e-14,9.862885053735226e-05,0.9057380557060242,1.5689806369154514e-14,True
dnn,0.1,2,2,0.5,0.3650984560060393,0.1525743212598428,dnn,2.8694554288222207e-08,2.3071708710631356e-05,0.9057380557060242,3.16808530981452e-08,True
dnn,0.1,2,2,1.0,0.3302529174737275,0.1525743297535047,dnn,2.39837772824103e-05,0.4574171006679535,0.9057380557060242,2.647981624633726e-05,True
dnn,0.1,2,4,0.0,3.000820366267417,0.1525743302502101,dnn,1.4210854715202004e-14,3.291540998096032e-11,0.9057380557060242,1.5689806369154514e-14,True
dnn,0.1,2,2,1.0,3.667470807015676,0.1525743302998806,dnn,0.0,0.4574171006679535,0.9057380557060242,0.0,True
dnn,0.1,2,4,0.5,5.477974412378556,0.1525790001272542,dnn,1.4210854715202004e-14,9.834734138181034e-10,0.9057380557060242,1.5689806369154514e-14,True
dnn,0.1,2,8,0.0,4.955148403871969,0.1525790001272542,dnn,1.4210854715202004e-14,7.049475669873573e-08,0.9057380557060242,1.5689806369154514e-14,True
dnn,0.1,2,2,0.0,1.817286211563076,0.152579001120665,dnn,2.154365620903216e-14,2.2899509133367246e-07,0.9057380557060242,2.3785746964379066e-14,True
dnn,0.1,2,2,0.5,0.5453349474995434,0.1525922838849118,dnn,2.1697554863919777e-09,2.3071708710631356e-05,0.9057380557060242,2.3955662155551697e-09,True
dnn,0.1,2,4,1.0,4.054431795277528,0.1525922865671209,dnn,5.684341886080802e-14,1.21780047379616e-07,0.9057380557060242,6.275922547661806e-14,True
dnn,0.1,2,4,0.0,1.643841718255735,0.152592302113999,dnn,5.684341886080802e-14,3.291540998096032e-11,0.9057380557060242,6.275922547661806e-14,True
dnn,0.1,2,4,0.0,7.4013339421880975,0.1525923024616928,dnn,0.0,3.291540998096032e-11,0.9057380557060242,0.0,True
dnn,0.1,2,4,0.0,0.6028741513057392,0.1525923031570803,dnn,8.560619118962165e-14,3.291540998096032e-11,0.9057380557060242,9.451539620126869e-14,True
dnn,0.1,2,4,0.5,8.182261084470007,0.1525923044485143,dnn,1.4210854715202004e-14,9.834734138181034e-10,0.9057380557060242,1.5689806369154514e-14,True
dnn,0.1,2,8,0.5,1.643841718255735,0.1525923044981848,dnn,5.6786576173783673e-14,9.862885053735226e-05,0.9057380557060242,6.269646705914157e-14,True
dnn,0.1,2,2,1.0,0.2702215594677964,0.1525923053425839,dnn,0.00016951390716712922,0.4574171006679535,0.9057380557060242,0.00018715555352810353,True
dnn,0.1,2,8,0.0,0.9955047366910889,0.1525923154505383,dnn,8.138840621417509e-13,7.049475669873573e-08,0.9057380557060242,8.985865803191046e-13,True
dnn,0.1,2,4,0.5,0.900492287060531,0.1525986512052879,dnn,5.513811792128703e-14,9.834734138181034e-10,0.9057380557060242,6.087645050787536e-14,True
dnn,0.1,2,8,0.0,2.455349570439492,0.1526081726023935,dnn,0.0,7.049475669873573e-08,0.9057380557060242,0.0,True
dnn,0.1,2,2,1.0,1.4869510248216484,0.1526081728010757,dnn,2.1503865311675585e-13,0.4574171006679535,0.9057380557060242,2.374181494992312e-13,True
dnn,0.1,2,4,1.0,6.055964668833263,0.1526081728010757,dnn,5.684341886080802e-14,1.21780047379616e-07,0.9057380557060242,6.275922547661806e-14,True
dnn,0.1,2,8,1.0,6.055964668833263,0.1526081728010757,dnn,1.4210854715202004e-14,0.5520374774932861,0.9057380557060242,1.5689806369154514e-14,True
dnn,0.1,2,4,0.5,6.055964668833263,0.1526081767747187,dnn,1.4210854715202004e-14,9.834734138181034e-10,0.9057380557060242,1.5689806369154514e-14,True
dnn,0.1,2,8,0.5,10.000000000000002,0.1526081767747187,dnn,0.0,9.862885053735226e-05,0.9057380557060242,0.0,True
dnn,0.1,2,8,1.0,3.000820366267417,0.1526081767747187,dnn,1.4210854715202004e-14,0.5520374774932861,0.9057380557060242,1.5689806369154514e-14,True
dnn,0.1,2,2,1.0,1.1005421090383831,0.1526081767747187,dnn,2.188727497853815e-11,0.4574171006679535,0.9057380557060242,2.4165126816358608e-11,True
dnn,0.1,2,8,0.0,1.1005421090383831,0.1526081817914429,dnn,2.961542144332141e-13,7.049475669873573e-08,0.9057380557060242,3.269755671272545e-13,True
dnn,0.1,2,8,0.0,0.5453349474995434,0.152624974243757,dnn,1.111720854263254e-10,7.049475669873573e-08,0.9057380557060242,1.2274198343103358e-10,True
dnn,0.1,2,8,1.0,7.4013339421880975,0.1526250032016803,dnn,1.4210854715202004e-14,0.5520374774932861,0.9057380557060242,1.5689806369154514e-14,True
dnn,0.1,2,2,0.5,0.4036206056789731,0.1526250165133843,dnn,2.0928007771203738e-08,2.3071708710631356e-05,0.9057380557060242,2.3106026780436342e-08,True
dnn,0.1,2,4,1.0,5.477974412378556,0.1526250165630548,dnn,5.684341886080802e-14,1.21780047379616e-07,0.9057380557060242,6.275922547661806e-14,True
dnn,0.1,2,2,0.0,2.221007363126434,0.1526250170597602,dnn,1.4210854715202004e-14,2.2899509133367246e-07,0.9057380557060242,1.5689806369154514e-14,True
dnn,0.1,2,2,1.0,0.4036206056789731,0.1526250177054771,dnn,3.895028839906445e-06,0.4574171006679535,0.9057380557060242,4.300392166773057e-06,True
dnn,0.1,2,2,0.5,0.6664844128899691,0.1526250308930049,dnn,4.703419875795589e-10,2.3071708710631356e-05,0.9057380557060242,5.192914050772954e-10,True
dnn,0.1,2,2,1.0,2.714417616594908,0.1526347525529206,dnn,0.0,0.4574171006679535,0.9057380557060242,0.0,True
dnn,0.1,2,8,0.5,2.455349570439492,0.1526347529502849,dnn,1.4210854715202004e-14,9.862885053735226e-05,0.9057380557060242,1.5689806369154514e-14,True
dnn,0.1,2,2,0.0,0.8145479666433055,0.1526347535463314,dnn,9.208349360800838e-12,2.2899509133367246e-07,0.9057380557060242,1.0166680424643212e-11,True
dnn,0.1,2,8,0.0,2.221007363126434,0.1526347540430367,dnn,1.4210854715202004e-14,7.049475669873573e-08,0.9057380557060242,1.5689806369154514e-14,True
dnn,0.1,2,8,1.0,0.9955047366910889,0.1526414070146071,dnn,1.873840860255882e-09,0.5520374774932861,0.9057380557060242,2.0688551711512444e-09,True
dnn,0.1,2,8,1.0,2.221007363126434,0.1526414177931136,dnn,4.604316941277976e-15,0.5520374774932861,0.9057380557060242,5.083497278569028e-15,True
dnn,0.1,2,2,1.0,4.054431795277528,0.1526414204753227,dnn,1.4210854715202004e-14,0.4574171006679535,0.9057380557060242,1.5689806369154514e-14,True
dnn,0.1,2,8,0.0,9.045585157672232,0.1526414209720281,dnn,0.0,7.049475669873573e-08,0.9057380557060242,0.0,True
dnn,0.1,2,2,0.0,0.6664844128899691,0.1526414214687334,dnn,4.7605624303725946e-11,2.2899509133367246e-07,0.9057380557060242,5.256003543609227e-11,True
dnn,0.1,2,2,0.5,0.900492287060531,0.1526414250946826,dnn,2.566071140297499e-11,2.3071708710631356e-05,0.9057380557060242,2.8331272205375567e-11,True
dnn,0.1,2,4,1.0,10.000000000000002,0.1526610190175266,dnn,5.684341886080802e-14,1.21780047379616e-07,0.9057380557060242,6.275922547661806e-14,True
dnn,0.1,2,4,1.0,2.455349570439492,0.1526635512875526,dnn,5.684341886080802e-14,1.21780047379616e-07,0.9057380557060242,6.275922547661806e-14,True
dnn,0.1,2,8,0.5,7.4013339421880975,0.1526635527776688,dnn,1.4210854715202004e-14,9.862885053735226e-05,0.9057380557060242,1.5689806369154514e-14,True
dnn,0.1,2,2,0.5,9.045585157672232,0.1526642862099539,dnn,1.4210854715202004e-14,2.3071708710631356e-05,0.9057380557060242,1.5689806369154514e-14,True
dnn,0.1,2,2,0.0,9.045585157672232,0.1526642862099539,dnn,1.4210854715202004e-14,2.2899509133367246e-07,0.9057380557060242,1.5689806369154514e-14,True
dnn,0.1,2,8,0.5,2.0090311238977194,0.1526646609441926,dnn,1.7621459558859283e-15,9.862885053735226e-05,0.9057380557060242,1.9455359579788583e-15,True
dnn,0.1,2,4,1.0,1.3450342120312204,0.1526664312682838,dnn,1.3301359864351277e-14,1.21780047379616e-07,0.9057380557060242,1.4685658596936005e-14,True
dnn,0.1,2,2,0.5,0.4462072918927006,0.1526664319636714,dnn,1.0995445443029439e-08,2.3071708710631356e-05,0.9057380557060242,1.2139763117779647e-08,True
dnn,0.1,2,4,1.0,0.5453349474995434,0.1526664516828747,dnn,6.021610987616555e-11,1.21780047379616e-07,0.9057380557060242,6.648291909212869e-11,True
dnn,0.1,2,4,0.0,2.221007363126434,0.1526664527259559,dnn,0.0,3.291540998096032e-11,0.9057380557060242,0.0,True
dnn,0.1,2,2,0.5,2.714417616594908,0.1526664527259559,dnn,1.4210854715202004e-14,2.3071708710631356e-05,0.9057380557060242,1.5689806369154514e-14,True
dnn,0.1,2,2,0.0,3.317441949813717,0.1526664527259559,dnn,1.4210854715202004e-14,2.2899509133367246e-07,0.9057380557060242,1.5689806369154514e-14,True
dnn,0.1,2,2,1.0,4.482221685612751,0.1526664527259559,dnn,5.684341886080802e-14,0.4574171006679535,0.9057380557060242,6.275922547661806e-14,True
dnn,0.1,2,4,1.0,2.0090311238977194,0.1526664530736497,dnn,5.684341886080802e-14,1.21780047379616e-07,0.9057380557060242,6.275922547661806e-14,True
dnn,0.1,2,2,0.5,1.4869510248216484,0.1526664536200256,dnn,4.4849456044609645e-14,2.3071708710631356e-05,0.9057380557060242,4.9517027314977315e-14,True
dnn,0.1,2,4,0.5,0.8145479666433055,0.1526664551598123,dnn,1.0504664087369886e-13,9.834734138181034e-10,0.9057380557060242,1.1597905179308696e-13,True
dnn,0.1,2,4,0.0,0.5453349474995434,0.1526846702596582,dnn,1.4733814212089524e-13,3.291540998096032e-11,0.9057380557060242,1.626719129142089e-13,True
dnn,0.1,2,2,0.5,0.8145479666433055,0.1526846966098782,dnn,7.337575685939512e-11,2.3071708710631356e-05,0.9057380557060242,8.101211646914693e-11,True
dnn,0.1,2,4,0.0,1.4869510248216484,0.1526847007822033,dnn,1.4210854715202004e-14,3.291540998096032e-11,0.9057380557060242,1.5689806369154514e-14,True
dnn,0.1,2,2,1.0,9.045585157672232,0.1526847030173775,dnn,0.0,0.4574171006679535,0.9057380557060242,0.0,True
dnn,0.1,2,4,0.0,5.477974412378556,0.1526847030173775,dnn,0.0,3.291540998096032e-11,0.9057380557060242,0.0,True
dnn,0.1,2,8,0.0,0.4036206056789731,0.1526867002541031,dnn,5.701165095572946e-10,7.049475669873573e-08,0.9057380557060242,6.294496581717415e-10,True
dnn,0.1,2,4,0.5,0.5453349474995434,0.1526868186438288,dnn,2.1062192788467993e-12,9.834734138181034e-10,0.9057380557060242,2.325417669687069e-12,True
dnn,0.1,2,4,1.0,3.000820366267417,0.1526868192895457,dnn,5.684341886080802e-14,1.21780047379616e-07,0.9057380557060242,6.275922547661806e-14,True
dnn,0.1,2,4,0.0,0.2702215594677964,0.1526868225678012,dnn,2.164540465268705e-12,3.291540998096032e-11,0.9057380557060242,2.3898084569069393e-12,True
dnn,0.1,2,2,0.0,5.477974412378556,0.1526868282302425,dnn,1.4210854715202004e-14,2.2899509133367246e-07,0.9057380557060242,1.5689806369154514e-14,True
dnn,0.1,2,8,1.0,1.4869510248216484,0.1526868284289246,dnn,1.3761223063846195e-12,0.5520374774932861,0.9057380557060242,1.5193380665803317e-12,True
dnn,0.1,2,4,0.5,0.4932873707061831,0.152686830316405,dnn,3.759055133140121e-12,9.834734138181034e-10,0.9057380557060242,4.150267408395391e-12,True
dnn,0.1,2,4,0.5,0.4462072918927006,0.1526882013019413,dnn,6.324057597040245e-12,9.834734138181034e-10,0.9057380557060242,6.982214733276976e-12,True
dnn,0.1,2,8,0.0,7.4013339421880975,0.1526882031894217,dnn,0.0,7.049475669873573e-08,0.9057380557060242,0.0,True
dnn,0.1,2,2,0.0,4.955148403871969,0.1527035039955582,dnn,1.4210854715202004e-14,2.2899509133367246e-07,0.9057380557060242,1.5689806369154514e-14,True
dnn,0.1,2,8,0.0,0.4932873707061831,0.1527065896286771,dnn,2.016889155687096e-10,7.049475669873573e-08,0.9057380557060242,2.226790784577256e-10,True
dnn,0.1,2,4,0.5,3.667470807015676,0.1527148817898791,dnn,1.4210854715202004e-14,9.834734138181034e-10,0.9057380557060242,1.5689806369154514e-14,True
dnn,0.1,2,4,1.0,4.482221685612751,0.1527148817898791,dnn,5.684341886080802e-14,1.21780047379616e-07,0.9057380557060242,6.275922547661806e-14,True
dnn,0.1,2,8,0.5,5.477974412378556,0.1527148837767006,dnn,1.4210854715202004e-14,9.862885053735226e-05,0.9057380557060242,1.5689806369154514e-14,True
dnn,0.1,2,2,1.0,5.477974412378556,0.1527198902688385,dnn,1.4210854715202004e-14,0.4574171006679535,0.9057380557060242,1.5689806369154514e-14,True
dnn,0.1,2,8,1.0,2.0090311238977194,0.1527251510556598,dnn,1.7053026335868762e-14,0.5520374774932861,0.9057380557060242,1.8827768391133684e-14,True
dnn,0.1,2,4,0.5,1.643841718255735,0.1527251714702506,dnn,0.0,9.834734138181034e-10,0.9057380557060242,0.0,True
dnn,0.1,2,2,0.5,1.1005421090383831,0.152725175940599,dnn,2.602689548256154e-12,2.3071708710631356e-05,0.9057380557060242,2.8735565783722685e-12,True
dnn,0.1,2,8,0.5,1.2166621504910964,0.1527251791195134,dnn,2.8572912265378836e-12,9.862885053735226e-05,0.9057380557060242,3.1546551550278197e-12,True
dnn,0.1,2,2,1.0,6.69493964544323,0.1527322635595208,dnn,1.4210854715202004e-14,0.4574171006679535,0.9057380557060242,1.5689806369154514e-14,True
dnn,0.1,2,2,0.0,3.667470807015676,0.1527322635595208,dnn,1.4210854715202004e-14,2.2899509133367246e-07,0.9057380557060242,1.5689806369154514e-14,True
dnn,0.1,2,8,0.5,4.482221685612751,0.152748093827174,dnn,0.0,9.862885053735226e-05,0.9057380557060242,0.0,True
dnn,0.1,2,4,0.0,4.955148403871969,0.152748093827174,dnn,0.0,3.291540998096032e-11,0.9057380557060242,0.0,True
dnn,0.1,2,4,0.5,4.054431795277528,0.152748093827174,dnn,1.4210854715202004e-14,9.834734138181034e-10,0.9057380557060242,1.5689806369154514e-14,True
dnn,0.1,2,2,0.0,7.4013339421880975,0.152748093827174,dnn,1.4210854715202004e-14,2.2899509133367246e-07,0.9057380557060242,1.5689806369154514e-14,True
dnn,0.1,2,8,0.5,0.6664844128899691,0.1527510140172979,dnn,2.993661762928923e-09,9.862885053735226e-05,0.9057380557060242,3.305218041871233e-09,True
dnn,0.1,2,8,0.5,0.4462072918927006,0.1527545658485154,dnn,7.008476643477479e-08,9.862885053735226e-05,0.9057380557060242,7.737862618584974e-08,True
dnn,0.1,2,4,1.0,0.4932873707061831,0.1527596457288722,dnn,1.134638979993774e-10,1.21780047379616e-07,0.9057380557060242,1.2527230945478174e-10,True
dnn,0.1,2,8,0.0,0.6664844128899691,0.15275966678918,dnn,2.8318368483493117e-11,7.049475669873573e-08,0.9057380557060242,3.126551689541068e-11,True
dnn,0.1,2,4,1.0,1.1005421090383831,0.1527596702661176,dnn,1.217586009230262e-13,1.21780047379616e-07,0.9057380557060242,1.3443025845713768e-13,True
dnn,0.1,2,8,0.5,6.69493964544323,0.1527596928165415,dnn,1.4210854715202004e-14,9.862885053735226e-05,0.9057380557060242,1.5689806369154514e-14,True
dnn,0.1,2,4,0.5,2.455349570439492,0.1527596959457854,dnn,1.4210854715202004e-14,9.834734138181034e-10,0.9057380557060242,1.5689806369154514e-14,True
dnn,0.1,2,4,0.0,2.714417616594908,0.1527596959457854,dnn,0.0,3.291540998096032e-11,0.9057380557060242,0.0,True
dnn,0.1,2,2,0.0,0.2444312127604942,0.1527609662201066,dnn,7.609934904451165e-09,2.2899509133367246e-07,0.9057380557060242,8.401915826004693e-09,True
dnn,0.1,2,8,0.0,1.3450342120312204,0.1527643810791115,dnn,2.7739588715782436e-14,7.049475669873573e-08,0.9057380557060242,3.0626502376737814e-14,True
dnn,0.1,2,2,0.0,1.2166621504910964,0.1527657248498957,dnn,1.467128691754957e-13,2.2899509133367246e-07,0.9057380557060242,1.6198156658122617e-13,True
dnn,0.1,2,2,0.0,2.714417616594908,0.1527657248498957,dnn,1.4210854715202004e-14,2.2899509133367246e-07,0.9057380557060242,1.5689806369154514e-14,True
dnn,0.1,2,4,0.0,0.8145479666433055,0.1527662720229914,dnn,1.3130830109212357e-14,3.291540998096032e-11,0.9057380557060242,1.449738147413587e-14,True
dnn,0.1,2,2,1.0,1.2166621504910964,0.1527662720229914,dnn,5.106869788162882e-12,0.4574171006679535,0.9057380557060242,5.638351790553914e-12,True
dnn,0.1,2,8,1.0,4.955148403871969,0.1527662732150843,dnn,0.0,0.5520374774932861,0.9057380557060242,0.0,True
dnn,0.1,2,4,0.5,9.045585157672232,0.1527662776854327,dnn,1.4210854715202004e-14,9.834734138181034e-10,0.9057380557060242,1.5689806369154514e-14,True
dnn,0.1,2,8,0.0,10.000000000000002,0.1527662776854327,dnn,0.0,7.049475669873573e-08,0.9057380557060242,0.0,True
dnn,0.1,2,4,1.0,0.7368062997280775,0.1527776434560122,dnn,6.30433292375665e-12,1.21780047379616e-07,0.9057380557060242,6.960437274375551e-12,True
dnn,0.1,2,2,0.5,0.3302529174737275,0.1527950139787486,dnn,6.579050193522562e-08,2.3071708710631356e-05,0.9057380557060242,7.26374491176059e-08,True
dnn,0.1,2,8,0.5,1.4869510248216484,0.1528005617155835,dnn,1.492708138085136e-13,9.862885053735226e-05,0.9057380557060242,1.6480572155285754e-13,True
dnn,0.1,2,4,0.5,10.000000000000002,0.1528005675767069,dnn,1.4210854715202004e-14,9.834734138181034e-10,0.9057380557060242,1.5689806369154514e-14,True
dnn,0.1,2,2,1.0,0.900492287060531,0.1528005690668231,dnn,3.287524419359755e-10,0.4574171006679535,0.9057380557060242,3.629663564039081e-10,True
dnn,0.1,2,2,0.5,6.055964668833263,0.1528005690668231,dnn,0.0,2.3071708710631356e-05,0.9057380557060242,0.0,True
dnn,0.1,2,2,1.0,7.4013339421880975,0.1528005690668231,dnn,1.4210854715202004e-14,0.4574171006679535,0.9057380557060242,1.5689806369154514e-14,True
dnn,0.1,2,2,1.0,0.4932873707061831,0.1528005695138579,dnn,4.863913432018308e-07,0.4574171006679535,0.9057380557060242,5.370110487658465e-07,True
dnn,0.1,2,4,0.5,1.817286211563076,0.1528134609306063,dnn,0.0,9.834734138181034e-10,0.9057380557060242,0.0,True
dnn,0.1,2,2,0.0,6.055964668833263,0.152813467288435,dnn,1.4210854715202004e-14,2.2899509133367246e-07,0.9057380557060242,1.5689806369154514e-14,True
dnn,0.1,2,2,0.0,3.000820366267417,0.152813467288435,dnn,1.4210854715202004e-14,2.2899509133367246e-07,0.9057380557060242,1.5689806369154514e-14,True
dnn,0.1,2,8,0.5,0.7368062997280775,0.1528134990030731,dnn,1.1275265165977544e-09,9.862885053735226e-05,0.9057380557060242,1.244870423070438e-09,True
dnn,0.1,1,4,0.0,10.000000000000002,0.1607999834119317,dnn,0.24227190017700195,0.6598842144012451,0.9057380557060242,0.26748561424655015,True
dnn,0.1,1,4,0.5,10.000000000000002,0.1637453642954982,dnn,0.22526302933692932,0.7307830452919006,0.9057380557060242,0.2487065967006724,True
dnn,0.1,1,8,0.0,10.000000000000002,0.165251026034183,dnn,0.24784284830093384,0.9057380557060242,0.9057380557060242,0.2736363419197838,True
dnn,0.1,1,4,0.0,9.045585157672232,0.1652616820298736,dnn,0.27302446961402893,0.6598842144012451,0.9057380557060242,0.30143866418553644,True
dnn,0.1,1,8,0.0,9.045585157672232,0.1657175158009811,dnn,0.27313411235809326,0.9057380557060242,0.9057380557060242,0.30155971766603623,True
dnn,0.1,1,8,1.0,10.000000000000002,0.1659204363465237,dnn,0.3213115334510803,0.7420299053192139,0.9057380557060242,0.354751057910024,True
dnn,0.1,1,4,1.0,10.000000000000002,0.1660290863595451,dnn,0.3010652959346771,0.8183993101119995,0.9057380557060242,0.3323977545582936,True
dnn,0.1,1,2,1.0,10.000000000000002,0.1664301949126682,dnn,0.2869596481323242,0.7348215579986572,0.9057380557060242,0.31682410419272794,True
dnn,0.1,1,2,0.0,10.000000000000002,0.1667771424337274,dnn,0.23440663516521454,0.767071008682251,0.9057380557060242,0.25880179560578825,True
dnn,0.1,1,2,0.5,10.000000000000002,0.1669638644688418,dnn,0.29560792446136475,0.8317868113517761,0.9057380557060242,0.32637242368152225,True
dnn,0.1,1,8,0.5,10.000000000000002,0.1670495728107694,dnn,0.2188926637172699,0.8780659437179565,0.9057380557060242,0.24167325457760824,True
dnn,0.1,1,8,0.0,8.182261084470007,0.1675289372290706,dnn,0.3183654844760895,0.9057380557060242,0.9057380557060242,0.35149840781275676,True
dnn,0.1,1,2,0.5,9.045585157672232,0.1677683414871021,dnn,0.3437245190143585,0.8317868113517761,0.9057380557060242,0.3794966070476356,True
dnn,0.1,1,8,0.5,9.045585157672232,0.1681419343120284,dnn,0.29119768738746643,0.8780659437179565,0.9057380557060242,0.3215032045445826,True
dnn,0.1,1,4,0.5,9.045585157672232,0.1687079107206182,dnn,0.2513749599456787,0.7307830452919006,0.9057380557060242,0.27753604738373455,True
dnn,0.1,1,2,0.0,9.045585157672232,0.168809359392682,dnn,0.269718736410141,0.767071008682251,0.9057380557060242,0.29778889681288134,True
dnn,0.1,1,2,0.0,8.182261084470007,0.1689531955297569,dnn,0.29713478684425354,0.767071008682251,0.9057380557060242,0.3280581896414152,True
dnn,0.1,1,4,1.0,9.045585157672232,0.1690001086748685,dnn,0.26036155223846436,0.8183993101119995,0.9057380557060242,0.28745789204530237,True
dnn,0.1,1,2,1.0,9.045585157672232,0.1690500862320518,dnn,0.27422773838043213,0.7348215579986572,0.9057380557060242,0.3027671595036064,True
dnn,0.1,1,2,1.0,8.182261084470007,0.1692016926967249,dnn,0.3431652784347534,0.7348215579986572,0.9057380557060242,0.37887916519887815,True
dnn,0.1,1,2,0.0,0.7368062997280775,0.169311008956352,dnn,0.7555549144744873,0.767071008682251,0.9057380557060242,0.8341870033113836,True
dnn,0.1,1,4,0.5,8.182261084470007,0.1694200375110627,dnn,0.24212469160556793,0.7307830452919006,0.9057380557060242,0.26732308538899957,True
dnn,0.1,1,8,1.0,9.045585157672232,0.1698501171989523,dnn,0.32798343896865845,0.7420299053192139,0.9057380557060242,0.3621173217823942,True
dnn,0.1,1,8,0.5,8.182261084470007,0.1709295459638994,dnn,0.31921589374542236,0.8780659437179565,0.9057380557060242,0.3524373208505555,True
dnn,0.1,1,2,1.0,4.482221685612751,0.1709522028944742,dnn,0.5087746977806091,0.7348215579986572,0.9057380557060242,0.5617238831640109,True
dnn,0.1,1,4,1.0,8.182261084470007,0.1710890851805535,dnn,0.2836546003818512,0.8183993101119995,0.9057380557060242,0.31317509360997536,True
dnn,0.1,1,8,1.0,6.055964668833263,0.1712513072738222,dnn,0.42499902844429016,0.7420299053192139,0.9057380557060242,0.46922951483252273,True
dnn,0.1,1,2,0.5,7.4013339421880975,0.1716729761060926,dnn,0.40307101607322693,0.8317868113517761,0.9057380557060242,0.4450194110029223,True
dnn,0.1,1,2,0.5,8.182261084470007,0.1717057120081614,dnn,0.3035285472869873,0.8317868113517761,0.9057380557060242,0.3351173613328926,True
dnn,0.1,1,4,1.0,5.477974412378556,0.1717106015904446,dnn,0.4339089095592499,0.8183993101119995,0.9057380557060242,0.4790666648328222,True
dnn,0.1,1,4,0.0,8.182261084470007,0.1717477144805518,dnn,0.3050955832004547,0.6598842144012451,0.9057380557060242,0.3368474817618569,True
dnn,0.1,1,2,1.0,7.4013339421880975,0.1718899969162375,dnn,0.29370081424713135,0.7348215579986572,0.9057380557060242,0.3242668367491649,True
dnn,0.1,1,8,1.0,7.4013339421880975,0.1719619662032352,dnn,0.3111829161643982,0.7420299053192139,0.9057380557060242,0.343568335462984,True
dnn,0.1,1,8,1.0,8.182261084470007,0.1719924602854532,dnn,0.28859442472457886,0.7420299053192139,0.9057380557060242,0.31862901520640985,True
dnn,0.1,1,8,0.5,5.477974412378556,0.1719971479676175,dnn,0.4260687828063965,0.8780659437179565,0.9057380557060242,0.4704106006391387,True
dnn,0.1,1,4,1.0,2.221007363126434,0.1721784946904566,dnn,0.45912519097328186,0.8183993101119995,0.9057380557060242,0.506907254344517,True
dnn,0.1,1,2,1.0,4.955148403871969,0.1724488544111695,dnn,0.38061612844467163,0.7348215579986572,0.9057380557060242,0.42022759896952855,True
dnn,0.1,1,2,0.0,6.69493964544323,0.1724705792087702,dnn,0.36343103647232056,0.767071008682251,0.9057380557060242,0.40125402061087684,True
dnn,0.1,1,8,0.5,4.482221685612751,0.1724998615852628,dnn,0.42530500888824463,0.8780659437179565,0.9057380557060242,0.46956733926424093,True
dnn,0.1,2,8,1.0,0.6028741513057392,0.1725086134141905,dnn,2.1813275452586822e-05,0.5520374774932861,0.9057380557060242,2.408342601391894e-05,True
dnn,0.1,1,4,1.0,4.482221685612751,0.1726443473367135,dnn,0.41039833426475525,0.8183993101119995,0.9057380557060242,0.45310929763776914,True
dnn,0.1,1,2,0.5,2.714417616594908,0.1726470456875132,dnn,0.7401524186134338,0.8317868113517761,0.9057380557060242,0.817181539354095,True
dnn,0.1,1,4,1.0,4.955148403871969,0.1727650913048955,dnn,0.39894023537635803,0.8183993101119995,0.9057380557060242,0.4404587318188629,True
dnn,0.1,1,2,0.0,6.055964668833263,0.172835536167856,dnn,0.43548697233200073,0.767071008682251,0.9057380557060242,0.48080895970804494,True
dnn,0.1,1,8,1.0,2.714417616594908,0.1728452503336193,dnn,0.6200653910636902,0.7420299053192139,0.9057380557060242,0.6845968182051799,True
dnn,0.1,1,2,1.0,6.055964668833263,0.1728873627333396,dnn,0.35543093085289,0.7348215579986572,0.9057380557060242,0.3924213282347191,True
dnn,0.1,1,8,0.5,2.714417616594908,0.1728997926706228,dnn,0.631306529045105,0.8780659437179565,0.9057380557060242,0.6970078435679735,True
dnn,0.1,1,8,0.5,7.4013339421880975,0.1729550176284679,dnn,0.36715203523635864,0.8780659437179565,0.9057380557060242,0.4053622710488443,True
dnn,0.1,1,4,1.0,6.69493964544323,0.1732287350025944,dnn,0.41949379444122314,0.8183993101119995,0.9057380557060242,0.4631513402782078,True
dnn,0.1,1,4,0.5,2.455349570439492,0.1733167022748965,dnn,0.5767927169799805,0.7307830452919006,0.9057380557060242,0.6368206716569612,True
dnn,0.1,1,8,0.5,6.69493964544323,0.1735182794223291,dnn,0.3131570518016815,0.8780659437179565,0.9057380557060242,0.3457479232862476,True
dnn,0.1,1,4,0.5,4.482221685612751,0.1737215676731774,dnn,0.4097420275211334,0.7307830452919006,0.9057380557060242,0.4523846877580283,True
dnn,0.1,1,4,0.0,7.4013339421880975,0.1738205536052872,dnn,0.35264715552330017,0.6598842144012451,0.9057380557060242,0.38934783992090427,True
dnn,0.1,1,8,1.0,1.4869510248216484,0.1738683179604575,dnn,0.6144270300865173,0.7420299053192139,0.9057380557060242,0.6783716618902256,True
dnn,0.1,1,4,1.0,6.055964668833263,0.1740327028194518,dnn,0.42819035053253174,0.8183993101119995,0.9057380557060242,0.472752964099269,True
dnn,0.1,1,2,1.0,5.477974412378556,0.1740494736791812,dnn,0.4527813792228699,0.7348215579986572,0.9057380557060242,0.49990322960419953,True
dnn,0.1,1,2,1.0,1.643841718255735,0.1740681190133255,dnn,0.5628894567489624,0.7348215579986572,0.9057380557060242,0.6214704717361017,True
dnn,0.1,1,4,0.5,5.477974412378556,0.1740747361462467,dnn,0.333248108625412,0.7307830452919006,0.9057380557060242,0.36792989598482156,True
dnn,0.1,1,4,1.0,7.4013339421880975,0.1740987375620335,dnn,0.30959436297416687,0.8183993101119995,0.9057380557060242,0.34181445841186126,True
dnn,0.1,1,8,1.0,2.0090311238977194,0.1741588245189425,dnn,0.6835895776748657,0.7420299053192139,0.9057380557060242,0.7547320920969878,True
dnn,0.1,1,2,0.0,7.4013339421880975,0.1741634434250224,dnn,0.3256666362285614,0.767071008682251,0.9057380557060242,0.35955940481567134,True
dnn,0.1,1,2,1.0,4.054431795277528,0.1742015724950013,dnn,0.4244442880153656,0.7348215579986572,0.9057380557060242,0.4686170414739951,True
dnn,0.1,1,8,0.5,4.955148403871969,0.1742409887526089,dnn,0.3923291563987732,0.8780659437179565,0.9057380557060242,0.43315962482436715,True
dnn,0.1,2,4,1.0,0.3650984560060393,0.1743346992529814,dnn,5.70567870727956e-10,1.21780047379616e-07,0.9057380557060242,6.299479933888805e-10,True
dnn,0.1,1,8,1.0,1.3450342120312204,0.1744886880819107,dnn,0.5391746759414673,0.7420299053192139,0.9057380557060242,0.5952876469579053,True
dnn,0.1,1,2,1.0,3.000820366267417,0.1745051978280284,dnn,0.48582208156585693,0.7348215579986572,0.9057380557060242,0.5363825429496367,True
dnn,0.1,1,8,0.5,4.054431795277528,0.174855723683044,dnn,0.5025942921638489,0.8780659437179565,0.9057380557060242,0.5549002705556806,True
dnn,0.1,1,8,0.0,7.4013339421880975,0.1748726348830673,dnn,0.3496110141277313,0.9057380557060242,0.9057380557060242,0.3859957213073144,True
dnn,0.1,1,8,1.0,4.955148403871969,0.1748852161868501,dnn,0.42019012570381165,0.7420299053192139,0.9057380557060242,0.463920140107476,True
dnn,0.1,2,2,0.0,0.2702215594677964,0.1749181051664421,dnn,5.44020206660889e-09,2.2899509133367246e-07,0.9057380557060242,6.006374616078425e-09,True
dnn,0.1,1,4,1.0,3.000820366267417,0.1749567757757829,dnn,0.4465928077697754,0.8183993101119995,0.9057380557060242,0.49307060132485614,True
dnn,0.1,1,2,0.5,6.69493964544323,0.1750150896135238,dnn,0.36370524764060974,0.8317868113517761,0.9057380557060242,0.40155676947580715,True
dnn,0.1,1,4,1.0,2.455349570439492,0.1750338722880271,dnn,0.4683092534542084,0.8183993101119995,0.9057380557060242,0.5170471203058379,True
dnn,0.1,1,2,1.0,1.3450342120312204,0.175042113211048,dnn,0.6296740174293518,0.7348215579986572,0.9057380557060242,0.695205433251361,True
dnn,0.1,1,8,1.0,6.69493964544323,0.1750813475089732,dnn,0.3845158815383911,0.7420299053192139,0.9057380557060242,0.4245332070525185,True
dnn,0.1,1,2,0.5,5.477974412378556,0.1750909078413798,dnn,0.44805383682250977,0.8317868113517761,0.9057380557060242,0.49468368255019507,True
dnn,0.1,2,8,1.0,0.900492287060531,0.175142179136594,dnn,1.0216939294593885e-08,0.5520374774932861,0.9057380557060242,1.128023630036144e-08,True
dnn,0.1,1,2,1.0,3.667470807015676,0.1752612624006708,dnn,0.5193172693252563,0.7348215579986572,0.9057380557060242,0.5733636409043757,True
dnn,0.1,2,4,1.0,0.3302529174737275,0.1752878513010064,dnn,8.990559963173439e-10,1.21780047379616e-07,0.9057380557060242,9.926225255231529e-10,True
dnn,0.1,1,8,1.0,4.482221685612751,0.1753290325861485,dnn,0.5134734511375427,0.7420299053192139,0.9057380557060242,0.5669116450421081,True
dnn,0.1,1,2,1.0,6.69493964544323,0.1753492753504971,dnn,0.41278186440467834,0.7348215579986572,0.9057380557060242,0.4557408864563102,True
dnn,0.1,1,2,1.0,2.455349570439492,0.1754279237764797,dnn,0.4697014391422272,0.7348215579986572,0.9057380557060242,0.5185841935018334,True
dnn,0.1,1,2,0.5,0.9955047366910889,0.1754290022997101,dnn,0.6271149516105652,0.8317868113517761,0.9057380557060242,0.6923800404099485,True
dnn,0.1,1,8,0.5,6.055964668833263,0.1754858002095393,dnn,0.39301782846450806,0.8780659437179565,0.9057380557060242,0.43391996834907204,True
dnn,0.1,1,4,0.5,4.955148403871969,0.1755948777191298,dnn,0.36432772874832153,0.7307830452919006,0.9057380557060242,0.4022440334190524,True
dnn,0.1,1,4,1.0,3.317441949813717,0.175676579069029,dnn,0.5534866452217102,0.8183993101119995,0.9057380557060242,0.6110890910841397,True
dnn,0.1,1,8,1.0,5.477974412378556,0.1756779818523997,dnn,0.37078776955604553,0.7420299053192139,0.9057380557060242,0.4093763834037159,True
dnn,0.1,1,2,1.0,2.714417616594908,0.1757080984656221,dnn,0.5793166160583496,0.7348215579986572,0.9057380557060242,0.6396072378859817,True
dnn,0.1,1,2,0.5,3.667470807015676,0.1757433278850853,dnn,0.6867253184318542,0.8317868113517761,0.9057380557060242,0.7581941755738096,True
dnn,0.1,1,2,1.0,1.4869510248216484,0.1757972497693538,dnn,0.6385847330093384,0.7348215579986572,0.9057380557060242,0.705043504561107,True
dnn,0.1,1,8,1.0,4.054431795277528,0.1758151977521884,dnn,0.40243059396743774,0.7420299053192139,0.9057380557060242,0.44431233890657545,True
dnn,0.1,1,4,0.5,6.69493964544323,0.175829359903619,dnn,0.32330772280693054,0.7307830452919006,0.9057380557060242,0.3569549946258046,True
dnn,0.1,2,2,1.0,0.2444312127604942,0.1758801702059439,dnn,0.00046292904880829155,0.4574171006679535,0.9057380557060242,0.0005111069871602532,True
dnn,0.1,1,4,0.5,7.4013339421880975,0.1760005220573271,dnn,0.3013874292373657,0.7307830452919006,0.9057380557060242,0.3327534129085851,True
dnn,0.1,1,8,1.0,3.667470807015676,0.1760243923499492,dnn,0.46635863184928894,0.7420299053192139,0.9057380557060242,0.5148934936666227,True
dnn,0.1,1,8,0.5,3.317441949813717,0.1761574640473908,dnn,0.507434070110321,0.8780659437179565,0.9057380557060242,0.5602437337302509,True
dnn,0.1,1,8,0.5,3.667470807015676,0.1761628608374528,dnn,0.45620641112327576,0.8780659437179565,0.9057380557060242,0.5036847113238079,True
dnn,0.1,1,4,0.5,4.054431795277528,0.1762169149580565,dnn,0.4355272352695465,0.7307830452919006,0.9057380557060242,0.48085341288884276,True
dnn,0.1,1,4,0.5,6.055964668833263,0.1762749131455018,dnn,0.33134448528289795,0.7307830452919006,0.9057380557060242,0.3658281588097945,True
dnn,0.1,1,4,1.0,4.054431795277528,0.1763077155048894,dnn,0.54970383644104,0.8183993101119995,0.9057380557060242,0.6069125979393072,True
dnn,0.1,1,2,1.0,2.221007363126434,0.1764023401864093,dnn,0.46893808245658875,0.7348215579986572,0.9057380557060242,0.517741392781659,True
dnn,0.1,1,8,1.0,3.317441949813717,0.1764198557996356,dnn,0.4703141748905182,0.7420299053192139,0.9057380557060242,0.5192606978668988,True
dnn,0.1,1,4,1.0,2.0090311238977194,0.1765390473005043,dnn,0.7276050448417664,0.8183993101119995,0.9057380557060242,0.8033283356683044,True
dnn,0.1,2,2,1.0,0.3650984560060393,0.1766054089623221,dnn,1.3873405805497896e-05,0.4574171006679535,0.9057380557060242,1.5317238486444686e-05,True
dnn,0.1,1,8,1.0,0.900492287060531,0.176667781342755,dnn,0.843250572681427,0.7420299053192139,0.9057380557060242,0.9310093214799415,True
dnn,0.1,1,4,1.0,1.2166621504910964,0.1767128916587825,dnn,0.7394593954086304,0.8183993101119995,0.9057380557060242,0.8164163918587043,True
dnn,0.1,2,8,1.0,0.6664844128899691,0.1767358477283671,dnn,3.394393615963054e-06,0.5520374774932861,0.9057380557060242,3.7476548485280537e-06,True
dnn,0.1,1,2,1.0,2.0090311238977194,0.1768095982160772,dnn,0.5690212845802307,0.7348215579986572,0.9057380557060242,0.6282404509730771,True
dnn,0.1,1,2,0.5,4.054431795277528,0.1768627715426764,dnn,0.6004446744918823,0.8317868113517761,0.9057380557060242,0.6629341349953931,True
dnn,0.1,1,8,1.0,2.455349570439492,0.1768969761118546,dnn,0.5015247464179993,0.7420299053192139,0.9057380557060242,0.5537194150764262,True
dnn,0.1,1,8,1.0,3.000820366267417,0.1769996614899082,dnn,0.6216320991516113,0.7420299053192139,0.9057380557060242,0.6863265766911474,True
dnn,0.1,1,2,0.5,4.482221685612751,0.1770516705799528,dnn,0.6377793550491333,0.8317868113517761,0.9057380557060242,0.7041543093295151,True
dnn,0.1,1,2,0.5,1.643841718255735,0.1772168379947437,dnn,0.7837682962417603,0.8317868113517761,0.9057380557060242,0.8653366073161315,True
dnn,0.1,1,8,0.5,2.221007363126434,0.1772453074849595,dnn,0.6041170358657837,0.8780659437179565,0.9057380557060242,0.6669886862541881,True
dnn,0.1,1,4,0.5,1.643841718255735,0.1772776840158076,dnn,0.677581787109375,0.7307830452919006,0.9057380557060242,0.7480990589284657,True
dnn,0.1,1,4,1.0,1.817286211563076,0.1773484334732525,dnn,0.66637122631073,0.8183993101119995,0.9057380557060242,0.7357217929761078,True
dnn,0.1,1,4,1.0,2.714417616594908,0.1773731307525383,dnn,0.5309958457946777,0.8183993101119995,0.9057380557060242,0.5862576298406339,True
dnn,0.1,1,2,0.5,4.955148403871969,0.1774656619729246,dnn,0.5191957950592041,0.8317868113517761,0.9057380557060242,0.5732295245720798,True
dnn,0.1,1,2,1.0,3.317441949813717,0.1775573381748056,dnn,0.4474126696586609,0.7348215579986572,0.9057380557060242,0.49397578785612806,True
dnn,0.1,1,8,1.0,2.221007363126434,0.1775637243624745,dnn,0.5039700865745544,0.7420299053192139,0.9057380557060242,0.5564192466018324,True
dnn,0.1,1,2,0.5,3.317441949813717,0.1776913439764681,dnn,0.678074061870575,0.8317868113517761,0.9057380557060242,0.7486425656941346,True
dnn,0.1,1,4,1.0,3.667470807015676,0.1777027229910932,dnn,0.45452097058296204,0.8183993101119995,0.9057380557060242,0.5018238636651545,True
dnn,0.1,1,2,0.0,4.955148403871969,0.1777946228109039,dnn,0.49783605337142944,0.767071008682251,0.9057380557060242,0.5496468324756052,True
dnn,0.1,1,8,1.0,0.8145479666433055,0.1779620185957416,dnn,0.6165847182273865,0.7420299053192139,0.9057380557060242,0.6807539048878296,True
dnn,0.1,1,2,1.0,0.9955047366910889,0.1780608439304595,dnn,0.6892497539520264,0.7348215579986572,0.9057380557060242,0.7609813340731887,True
dnn,0.1,1,2,0.5,0.6028741513057392,0.1781107154138393,dnn,0.8406410813331604,0.8317868113517761,0.9057380557060242,0.9281282552248281,True
dnn,0.1,1,4,1.0,1.3450342120312204,0.1781690242213548,dnn,0.5746880769729614,0.8183993101119995,0.9057380557060242,0.6344969976170332,True
dnn,0.1,2,4,1.0,0.2987330888578299,0.1781873622832352,dnn,1.366867508068026e-09,1.21780047379616e-07,0.9057380557060242,1.5091201031655347e-09,True
dnn,0.1,1,2,0.5,6.055964668833263,0.1782138144039818,dnn,0.4940163493156433,0.8317868113517761,0.9057380557060242,0.54542960429167,True
dnn,0.1,1,2,1.0,1.2166621504910964,0.1783105599451019,dnn,0.6532759666442871,0.7348215579986572,0.9057380557060242,0.7212636838308152,True
dnn,0.1,1,4,1.0,0.900492287060531,0.1785323199483549,dnn,0.5902546644210815,0.8183993101119995,0.9057380557060242,0.6516836304962114,True
dnn,0.1,2,8,1.0,0.4932873707061831,0.1785914209763663,dnn,0.013677273876965046,0.5520374774932861,0.9057380557060242,0.015100694721614176,True
dnn,0.1,1,4,1.0,1.1005421090383831,0.1786798404743812,dnn,0.7467321753501892,0.8183993101119995,0.9057380557060242,0.8244460643404349,True
dnn,0.1,1,2,0.5,3.000820366267417,0.1787061799384604,dnn,0.6661887764930725,0.8317868113517761,0.9057380557060242,0.7355203552463934,True
dnn,0.1,1,8,1.0,1.2166621504910964,0.1788550423160251,dnn,0.6570309996604919,0.7420299053192139,0.9057380557060242,0.7254095105326399,True
dnn,0.1,1,8,1.0,1.817286211563076,0.1789292505930378,dnn,0.6383426785469055,0.7420299053192139,0.9057380557060242,0.704776259013779,True
dnn,0.1,1,2,1.0,0.6664844128899691,0.1789468022044754,dnn,0.7302712202072144,0.7348215579986572,0.9057380557060242,0.806271985157968,True
dnn,0.1,2,8,1.0,0.4462072918927006,0.1789704079572117,dnn,0.16329580545425415,0.5520374774932861,0.9057380557060242,0.1802903217166522,True
dnn,0.1,2,2,1.0,0.2987330888578299,0.1790338213487856,dnn,5.6465196394128725e-05,0.4574171006679535,0.9057380557060242,6.234164065251076e-05,True
dnn,0.1,1,8,0.5,2.0090311238977194,0.1791436412380925,dnn,0.6535077095031738,0.8780659437179565,0.9057380557060242,0.721519544625696,True
dnn,0.1,1,2,0.5,1.2166621504910964,0.1792213571351689,dnn,0.9135554432868958,0.8317868113517761,0.9057380557060242,1.0,True
dnn,0.1,1,2,1.0,0.3650984560060393,0.1792529805219901,dnn,0.720575213432312,0.7348215579986572,0.9057380557060242,0.7955668958511659,True
dnn,0.1,1,8,1.0,0.6028741513057392,0.1792631297438972,dnn,0.6651822328567505,0.7420299053192139,0.9057380557060242,0.7344090586303563,True
dnn,0.1,2,4,1.0,0.4462072918927006,0.1793187232385636,dnn,2.0336864137160404e-10,1.21780047379616e-07,0.9057380557060242,2.2453361663497498e-10,True
dnn,0.1,1,4,1.0,1.643841718255735,0.1793829069243462,dnn,0.5942619442939758,0.8183993101119995,0.9057380557060242,0.6561079558821759,True
dnn,0.1,1,4,0.0,6.055964668833263,0.1796943237785804,dnn,0.3986683785915375,0.6598842144012451,0.9057380557060242,0.44015858236272837,True
dnn,0.1,1,2,1.0,1.1005421090383831,0.1798117942911291,dnn,0.5858621001243591,0.7348215579986572,0.9057380557060242,0.646833923377194,True
dnn,0.1,1,8,1.0,1.643841718255735,0.1798227839927308,dnn,0.576591432094574,0.7420299053192139,0.9057380557060242,0.6365984386568808,True
dnn,0.1,1,4,0.5,1.1005421090383831,0.1801481889540697,dnn,0.694327175617218,0.7307830452919006,0.9057380557060242,0.7665871730165836,True
dnn,0.1,1,4,0.0,6.69493964544323,0.1802188819088909,dnn,0.4077272415161133,0.6598842144012451,0.9057380557060242,0.4501602190031524,True
dnn,0.1,1,8,0.5,3.000820366267417,0.1804198977690205,dnn,0.6849594116210938,0.8780659437179565,0.9057380557060242,0.7562444873613783,True
dnn,0.1,1,4,1.0,1.4869510248216484,0.1804415245318329,dnn,0.5219926834106445,0.8183993101119995,0.9057380557060242,0.5763174906057695,True
dnn,0.1,1,4,0.5,3.317441949813717,0.180466623347981,dnn,0.4208928644657135,0.7307830452919006,0.9057380557060242,0.46469601427713764,True
dnn,0.1,2,8,1.0,0.2987330888578299,0.1804826913264497,dnn,0.49765676259994507,0.5520374774932861,0.9057380557060242,0.5494488825602242,True
dnn,0.1,1,8,1.0,1.1005421090383831,0.1805170444310401,dnn,0.6209962964057922,0.7420299053192139,0.9057380557060242,0.6856246047006656,True
dnn,0.1,1,2,1.0,0.8145479666433055,0.18053207405996,dnn,0.6729137897491455,0.7348215579986572,0.9057380557060242,0.742945253884257,True
dnn,0.1,1,2,1.0,0.900492287060531,0.1805565714386984,dnn,0.660409152507782,0.7348215579986572,0.9057380557060242,0.7291392344036953,True
dnn,0.1,1,8,0.5,1.817286211563076,0.1807218111239343,dnn,0.7071021199226379,0.8780659437179565,0.9057380557060242,0.780691630950022,True
dnn,0.1,1,2,1.0,0.4932873707061831,0.1807393426474946,dnn,0.5688772797584534,0.7348215579986572,0.9057380557060242,0.6280814592857232,True
dnn,0.1,2,8,1.0,0.3302529174737275,0.1807493008309687,dnn,0.418300986289978,0.5520374774932861,0.9057380557060242,0.4618343942321291,True
dnn,0.1,1,4,1.0,0.2444312127604942,0.180870450471517,dnn,0.7664533853530884,0.8183993101119995,0.9057380557060242,0.8462196995307179,True
dnn,0.1,1,8,0.5,1.4869510248216484,0.1808976700366323,dnn,0.8023983240127563,0.8780659437179565,0.9057380557060242,0.8859054987893665,True
dnn,0.1,1,2,1.0,1.817286211563076,0.1809102679195724,dnn,0.6629108786582947,0.7348215579986572,0.9057380557060242,0.7319013201245637,True
dnn,0.1,1,2,1.0,0.6028741513057392,0.1809123318310186,dnn,0.7276250123977661,0.7348215579986572,0.9057380557060242,0.8033503812872048,True
dnn,0.1,1,2,0.5,2.0090311238977194,0.1809181970334953,dnn,0.6676424741744995,0.8317868113517761,0.9057380557060242,0.7371253421101659,True
dnn,0.1,1,8,1.0,0.6664844128899691,0.1809253206958563,dnn,0.6432743072509766,0.7420299053192139,0.9057380557060242,0.7102211320352917,True
dnn,0.1,1,2,0.5,0.4932873707061831,0.1809314473734087,dnn,0.7489534616470337,0.8317868113517761,0.9057380557060242,0.8268985242794323,True
dnn,0.1,1,8,1.0,0.4462072918927006,0.1810303366162022,dnn,0.7639108896255493,0.7420299053192139,0.9057380557060242,0.843412601262602,True
dnn,0.1,1,2,0.5,2.221007363126434,0.1810483925832115,dnn,0.7024604678153992,0.8317868113517761,0.9057380557060242,0.7755669129611985,True
dnn,0.1,1,4,1.0,0.9955047366910889,0.1811343914162546,dnn,0.6065437197685242,0.8183993101119995,0.9057380557060242,0.6696679199326813,True
dnn,0.1,1,4,0.5,3.667470807015676,0.1811650627489137,dnn,0.4355119466781616,0.7307830452919006,0.9057380557060242,0.48083653318362496,True
dnn,0.1,2,2,0.5,0.2444312127604942,0.1811788363253424,dnn,2.4244610585810733e-07,2.3071708710631356e-05,0.9057380557060242,2.676779498561758e-07,True
dnn,0.1,2,4,1.0,0.2444312127604942,0.1811915917618791,dnn,2.862201142761478e-09,1.21780047379616e-07,0.9057380557060242,3.160076055908226e-09,True
dnn,0.1,1,4,1.0,0.6664844128899691,0.1812854850621138,dnn,0.6352000832557678,0.8183993101119995,0.9057380557060242,0.7013066076379317,True
dnn,0.1,1,8,1.0,0.7368062997280775,0.1814985030567027,dnn,0.6337105631828308,0.7420299053192139,0.9057380557060242,0.6996620702757735,True
dnn,0.1,1,2,0.5,2.455349570439492,0.1816065717726434,dnn,0.7966651320457458,0.8317868113517761,0.9057380557060242,0.8795756422365892,True
dnn,0.1,2,4,1.0,0.2702215594677964,0.1816640334874391,dnn,2.008491595262285e-09,1.21780047379616e-07,0.9057380557060242,2.2175192734909022e-09,True
dnn,0.1,1,2,0.5,0.6664844128899691,0.1816907358202478,dnn,0.669073224067688,0.8317868113517761,0.9057380557060242,0.7387049929641571,True
dnn,0.1,1,2,0.0,3.667470807015676,0.1817473373593105,dnn,0.6160719394683838,0.767071008682251,0.9057380557060242,0.6801877602329017,True
dnn,0.1,2,4,1.0,0.2211023350218148,0.181768535415026,dnn,3.962302930204942e-09,1.21780047379616e-07,0.9057380557060242,4.374667604218441e-09,True
dnn,0.1,1,4,1.0,0.7368062997280775,0.1818588000660724,dnn,0.6204068660736084,0.8183993101119995,0.9057380557060242,0.6849738311922869,True
dnn,0.1,1,4,1.0,0.6028741513057392,0.1819800672829333,dnn,0.79165118932724,0.8183993101119995,0.9057380557060242,0.8740398886189525,True
dnn,0.1,2,2,1.0,0.2,0.1820900714656559,dnn,0.01777707040309906,0.4574171006679535,0.9057380557060242,0.019627165151233274,True
dnn,0.1,2,2,1.0,0.2211023350218148,0.1821733388426905,dnn,0.0014422647655010223,0.4574171006679535,0.9057380557060242,0.0015923641017565225,True
dnn,0.1,1,4,0.5,2.714417616594908,0.1822322650192694,dnn,0.44652000069618225,0.7307830452919006,0.9057380557060242,0.4929902170756414,True
dnn,0.1,2,8,1.0,0.3650984560060393,0.1822372751446957,dnn,0.3391741216182709,0.5520374774932861,0.9057380557060242,0.37447264082757803,True
dnn,0.1,1,4,0.5,1.3450342120312204,0.1822737274140658,dnn,0.6215159893035889,0.7307830452919006,0.9057380557060242,0.6861983830624365,True
dnn,0.1,1,8,1.0,0.5453349474995434,0.1822921367214008,dnn,0.5797381401062012,0.7420299053192139,0.9057380557060242,0.6400726307721435,True
dnn,0.1,1,4,0.5,3.000820366267417,0.18248485161059,dnn,0.5006377696990967,0.7307830452919006,0.9057380557060242,0.5527401289425217,True
dnn,0.1,1,4,0.5,0.8145479666433055,0.1826143298489074,dnn,0.6091495156288147,0.7307830452919006,0.9057380557060242,0.6725449061031026,True
dnn,0.1,1,4,1.0,0.5453349474995434,0.1826396495055166,dnn,0.8158667087554932,0.8183993101119995,0.9057380557060242,0.9007755648729189,True
dnn,0.1,1,2,0.5,0.7368062997280775,0.1826751180580959,dnn,0.5485152006149292,0.8317868113517761,0.9057380557060242,0.6056002584404613,True
dnn,0.1,1,2,0.0,5.477974412378556,0.182681943009681,dnn,0.5001580119132996,0.767071008682251,0.9057380557060242,0.5522104418185516,True
dnn,0.1,1,2,1.0,0.7368062997280775,0.1828541770254895,dnn,0.6835879683494568,0.7348215579986572,0.9057380557060242,0.7547303152859123,True
dnn,0.1,1,2,1.0,0.4036206056789731,0.1828575100391231,dnn,0.7610675096511841,0.7348215579986572,0.9057380557060242,0.8402733051311737,True
dnn,0.1,1,4,1.0,0.4462072918927006,0.1829062113726659,dnn,0.737756609916687,0.8183993101119995,0.9057380557060242,0.8145363941251256,True
dnn,0.1,1,4,0.5,2.0090311238977194,0.1829143811344198,dnn,0.5142483115196228,0.7307830452919006,0.9057380557060242,0.567767146671082,True
dnn,0.1,1,8,0.5,2.455349570439492,0.1829273854706566,dnn,0.5633790493011475,0.8780659437179565,0.9057380557060242,0.622011017149978,True
dnn,0.1,1,8,1.0,0.9955047366910889,0.1830610913039689,dnn,0.7651957869529724,0.7420299053192139,0.9057380557060242,0.8448312203868934,True
dnn,0.1,1,4,1.0,0.2987330888578299,0.1832641545078468,dnn,0.7353437542915344,0.8183993101119995,0.9057380557060242,0.8118724278603187,True
dnn,0.1,1,4,1.0,0.4932873707061831,0.1835991722388133,dnn,0.7349932789802551,0.8183993101119995,0.9057380557060242,0.811485477892752,True
dnn,0.1,1,4,0.5,2.221007363126434,0.1836420955514391,dnn,0.5204532742500305,0.7307830452919006,0.9057380557060242,0.574617872100269,True
dnn,0.1,1,4,1.0,0.3302529174737275,0.1838027584371021,dnn,0.6454578638076782,0.8183993101119995,0.9057380557060242,0.7126319356257399,True
dnn,0.1,1,2,0.5,1.4869510248216484,0.1838674058986561,dnn,0.7572050094604492,0.8317868113517761,0.9057380557060242,0.8360088269341921,True
dnn,0.1,1,4,0.0,4.482221685612751,0.1840330968228838,dnn,0.5520635843276978,0.6598842144012451,0.9057380557060242,0.6095179294386205,True
dnn,0.1,1,8,1.0,0.4036206056789731,0.1840502924978065,dnn,0.5958455801010132,0.7420299053192139,0.9057380557060242,0.6578564037883454,True
dnn,0.1,1,2,0.5,0.4462072918927006,0.184103545579575,dnn,0.7707575559616089,0.8317868113517761,0.9057380557060242,0.8509718136562145,True
dnn,0.1,1,8,0.5,1.643841718255735,0.1841931902300107,dnn,0.7639600038528442,0.8780659437179565,0.9057380557060242,0.8434668269043154,True
dnn,0.1,1,8,0.0,4.955148403871969,0.1843225667220289,dnn,0.5001092553138733,0.9057380557060242,0.9057380557060242,0.5521566110237439,True
dnn,0.1,1,4,0.5,1.817286211563076,0.184371928341751,dnn,0.47086164355278015,0.7307830452919006,0.9057380557060242,0.5198651426716776,True
dnn,0.1,1,8,0.0,5.477974412378556,0.1844074796499283,dnn,0.4783087968826294,0.9057380557060242,0.9057380557060242,0.5280873359238362,True
dnn,0.1,1,8,1.0,0.2444312127604942,0.1844751115115251,dnn,0.780299186706543,0.7420299053192139,0.9057380557060242,0.861506460715398,True
dnn,0.1,1,4,1.0,0.2211023350218148,0.1846528547576875,dnn,0.7783753275871277,0.8183993101119995,0.9057380557060242,0.8593823817862913,True
dnn,0.1,1,4,1.0,0.3650984560060393,0.1847687883948811,dnn,0.64333176612854,0.8183993101119995,0.9057380557060242,0.710284570771471,True
dnn,0.1,2,4,1.0,0.2,0.1847734862950892,dnn,5.3418003354011034e-09,1.21780047379616e-07,0.9057380557060242,5.8977320227945614e-09,True
dnn,0.1,1,2,0.0,4.482221685612751,0.1849452915088542,dnn,0.5837908983230591,0.767071008682251,0.9057380557060242,0.644547167522947,True
dnn,0.1,1,4,1.0,0.8145479666433055,0.1850716633536218,dnn,0.6462327837944031,0.8183993101119995,0.9057380557060242,0.7134875030625313,True
dnn,0.1,1,4,0.5,1.4869510248216484,0.1851503525365353,dnn,0.5435749888420105,0.7307830452919006,0.9057380557060242,0.6001459090932124,True
dnn,0.1,1,2,1.0,0.5453349474995434,0.1852635143883429,dnn,0.710359513759613,0.7348215579986572,0.9057380557060242,0.7842880281825927,True
dnn,0.1,1,8,1.0,0.4932873707061831,0.185336549783098,dnn,0.8411680459976196,0.7420299053192139,0.9057380557060242,0.9287100621403479,True
dnn,0.1,2,8,1.0,0.4036206056789731,0.1853379867490313,dnn,0.2744368016719818,0.5520374774932861,0.9057380557060242,0.30299798042388526,True
dnn,0.1,1,8,0.0,6.69493964544323,0.1853996204351091,dnn,0.3897252678871155,0.9057380557060242,0.9057380557060242,0.4302847445041095,True
dnn,0.1,1,2,1.0,0.3302529174737275,0.1855156411483391,dnn,0.7245964407920837,0.7348215579986572,0.9057380557060242,0.8000066202664519,True
dnn,0.1,1,2,1.0,0.2,0.1855169619961701,dnn,0.6392665505409241,0.7348215579986572,0.9057380557060242,0.7057962801867863,True
dnn,0.1,1,8,1.0,0.3302529174737275,0.1856659784210872,dnn,0.8422346115112305,0.7420299053192139,0.9057380557060242,0.9298876272287215,True
dnn,0.1,1,8,1.0,0.3650984560060393,0.1856979787023445,dnn,0.7961676120758057,0.7420299053192139,0.9057380557060242,0.8790263443829704,True
dnn,0.1,1,8,1.0,0.2987330888578299,0.1857503016072505,dnn,0.8561283349990845,0.7420299053192139,0.9057380557060242,0.9452272978987629,True
dnn,0.1,2,8,1.0,0.2444312127604942,0.1857605642855079,dnn,0.3957752287387848,0.5520374774932861,0.9057380557060242,0.43696433670359297,True
dnn,0.1,1,2,1.0,0.2987330888578299,0.1859768067003109,dnn,0.7688339948654175,0.7348215579986572,0.9057380557060242,0.8488480637661959,True
dnn,0.1,1,2,1.0,0.4462072918927006,0.1860001186338268,dnn,0.5928548574447632,0.7348215579986572,0.9057380557060242,0.654554430731777,True
dnn,0.1,1,4,1.0,0.4036206056789731,0.1860496650767522,dnn,0.8546501398086548,0.8183993101119995,0.9057380557060242,0.9435952640219514,True
dnn,0.1,1,2,1.0,0.2444312127604942,0.1861579875320359,dnn,0.7603309154510498,0.7348215579986572,0.9057380557060242,0.8394600521211077,True
dnn,0.1,1,2,0.5,0.4036206056789731,0.1862084899323309,dnn,0.7899503707885742,0.8317868113517761,0.9057380557060242,0.872162062543355,True
dnn,0.1,2,8,1.0,0.2,0.1862694681841921,dnn,0.5110695958137512,0.5520374774932861,0.9057380557060242,0.5642576157577609,True
dnn,0.1,1,2,1.0,0.2211023350218148,0.186414206093459,dnn,0.6713047623634338,0.7348215579986572,0.9057380557060242,0.7411687718477842,True
dnn,0.1,2,8,1.0,0.2702215594677964,0.1865107735503018,dnn,0.41212695837020874,0.5520374774932861,0.9057380557060242,0.4550178230602833,True
dnn,0.1,1,2,1.0,0.2702215594677964,0.1866710961250447,dnn,0.6579904556274414,0.7348215579986572,0.9057380557060242,0.7264688189727624,True
dnn,0.1,1,8,0.0,6.055964668833263,0.187195548812529,dnn,0.48704662919044495,0.9057380557060242,0.9057380557060242,0.5377345316585945,True
dnn,0.1,1,2,0.5,1.817286211563076,0.1872498651949937,dnn,0.7582330107688904,0.8317868113517761,0.9057380557060242,0.8371438143645699,True
dnn,0.1,2,8,1.0,0.2211023350218148,0.1874623408425422,dnn,0.44428759813308716,0.5520374774932861,0.9057380557060242,0.490525483978659,True
dnn,0.1,1,4,1.0,0.2702215594677964,0.1875246121936228,dnn,0.6504828929901123,0.8183993101119995,0.9057380557060242,0.7181799294974527,True
dnn,0.1,1,8,1.0,0.2702215594677964,0.1881316893329135,dnn,0.6971151232719421,0.7420299053192139,0.9057380557060242,0.7696652678776315,True
dnn,0.1,1,8,1.0,0.2211023350218148,0.1881448496191227,dnn,0.6517122983932495,0.7420299053192139,0.9057380557060242,0.719537281543546,True
dnn,0.1,1,4,1.0,0.2,0.1883337610639916,dnn,0.8663923740386963,0.8183993101119995,0.9057380557060242,0.9565595357074206,True
dnn,0.1,1,2,0.5,1.3450342120312204,0.1885696208710111,dnn,0.6762377023696899,0.8317868113517761,0.9057380557060242,0.7466150926412843,True
dnn,0.1,1,8,1.0,0.2,0.1891614485903223,dnn,0.726101815700531,0.7420299053192139,0.9057380557060242,0.8016686625080952,True
dnn,0.1,1,4,0.5,0.5453349474995434,0.189744190326293,dnn,0.6808868050575256,0.7307830452919006,0.9057380557060242,0.7517480366073096,True
dnn,0.1,1,2,0.5,0.8145479666433055,0.1899002967147115,dnn,0.8698523044586182,0.8317868113517761,0.9057380557060242,0.9603795479042415,True
dnn,0.1,1,4,0.0,4.955148403871969,0.1902719837919917,dnn,0.4445416331291199,0.6598842144012451,0.9057380557060242,0.49080595689732726,True
dnn,0.1,1,4,0.5,1.2166621504910964,0.1910481383353329,dnn,0.6422070264816284,0.7307830452919006,0.9057380557060242,0.7090427772531067,True
dnn,0.1,1,2,0.0,2.714417616594908,0.1914455972350249,dnn,0.6407593488693237,0.767071008682251,0.9057380557060242,0.7074444369789131,True
dnn,0.1,1,2,0.5,0.2987330888578299,0.1914641055185123,dnn,0.8145397901535034,0.8317868113517761,0.9057380557060242,0.89931055123721,True
dnn,0.1,1,2,0.0,3.317441949813717,0.1922652209373477,dnn,0.5654953718185425,0.767071008682251,0.9057380557060242,0.6243475895221583,True
dnn,0.1,1,2,0.5,0.3302529174737275,0.1923863580630967,dnn,0.8316827416419983,0.8317868113517761,0.9057380557060242,0.918237603468809,True
dnn,0.1,1,8,0.5,1.1005421090383831,0.1926055831070014,dnn,0.7354857325553894,0.8780659437179565,0.9057380557060242,0.8120291820818737,True
dnn,0.1,1,4,0.0,3.000820366267417,0.192891576690178,dnn,0.5507538318634033,0.6598842144012451,0.9057380557060242,0.6080718684543843,True
dnn,0.1,1,8,0.5,1.3450342120312204,0.1930088037928366,dnn,0.6332389712333679,0.8780659437179565,0.9057380557060242,0.6991413988228166,True
dnn,0.1,1,2,0.0,2.221007363126434,0.1930364073620695,dnn,0.5925402641296387,0.767071008682251,0.9057380557060242,0.6542070970704137,True
dnn,0.1,1,4,0.5,0.7368062997280775,0.1933016305322994,dnn,0.6983513236045837,0.7307830452919006,0.9057380557060242,0.7710301220149327,True
dnn,0.1,1,8,0.0,4.482221685612751,0.1935651681847665,dnn,0.5270823836326599,0.9057380557060242,0.9057380557060242,0.5819368859595928,True
dnn,0.1,1,4,0.0,5.477974412378556,0.1940051317079018,dnn,0.4278644919395447,0.6598842144012451,0.9057380557060242,0.47239319276037667,True
dnn,0.1,1,2,0.5,0.2211023350218148,0.1943285901794957,dnn,0.7381719946861267,0.8317868113517761,0.9057380557060242,0.8149950088060731,True
dnn,0.1,1,8,0.5,0.6028741513057392,0.194701435001485,dnn,0.6859599351882935,0.8780659437179565,0.9057380557060242,0.7573491373878364,True
dnn,0.1,1,8,0.5,1.2166621504910964,0.1954087886041681,dnn,0.6306867003440857,0.8780659437179565,0.9057380557060242,0.6963235080726121,True
dnn,0.1,1,4,0.0,4.054431795277528,0.1955802626153041,dnn,0.5313284993171692,0.6598842144012451,0.9057380557060242,0.5866249032707341,True
dnn,0.1,1,2,0.5,0.900492287060531,0.1961837854855489,dnn,0.7096518278121948,0.8317868113517761,0.9057380557060242,0.7835066919640692,True
dnn,0.1,1,8,0.5,0.900492287060531,0.196685151916801,dnn,0.6004021167755127,0.8780659437179565,0.9057380557060242,0.6628871482136172,True
dnn,0.1,1,4,0.5,0.900492287060531,0.1972868934628852,dnn,0.6343758702278137,0.7307830452919006,0.9057380557060242,0.700396617135974,True
dnn,0.1,1,8,0.5,0.7368062997280775,0.1975329684440366,dnn,0.701873779296875,0.8780659437179565,0.9057380557060242,0.7749191666124301,True
dnn,0.1,1,8,0.5,0.4932873707061831,0.1977578083341907,dnn,0.7042026519775391,0.8780659437179565,0.9057380557060242,0.7774904096622196,True
dnn,0.1,1,8,0.0,4.054431795277528,0.197974543047911,dnn,0.5749079585075378,0.9057380557060242,0.9057380557060242,0.6347397626562088,True
dnn,0.1,1,4,0.5,0.4932873707061831,0.1981701136303121,dnn,0.7878977060317993,0.7307830452919006,0.9057380557060242,0.8698957729203858,True
dnn,0.1,1,8,0.5,0.8145479666433055,0.1983482957531001,dnn,0.7519939541816711,0.8780659437179565,0.9057380557060242,0.830255446863708,True
dnn,0.1,1,2,0.5,0.2,0.1991049647479335,dnn,0.8328763842582703,0.8317868113517761,0.9057380557060242,0.9195554708243344,True
dnn,0.1,1,4,0.5,0.6028741513057392,0.1991573034659163,dnn,0.6432716846466064,0.7307830452919006,0.9057380557060242,0.7102182364913167,True
dnn,0.1,1,8,0.5,0.6664844128899691,0.1993200775200911,dnn,0.7508474588394165,0.8780659437179565,0.9057380557060242,0.8289896334919148,True
dnn,0.1,1,8,0.5,0.9955047366910889,0.1994757049162243,dnn,0.8440517783164978,0.8780659437179565,0.9057380557060242,0.9318939101643005,True
dnn,0.1,1,2,0.0,1.1005421090383831,0.1997914428615,dnn,0.7745416164398193,0.767071008682251,0.9057380557060242,0.855149688765217,True
dnn,0.1,1,4,0.5,0.6664844128899691,0.1999686244530501,dnn,0.8078075647354126,0.7307830452919006,0.9057380557060242,0.8918776898534151,True
dnn,0.1,1,4,0.0,3.667470807015676,0.2010274419411236,dnn,0.5344197750091553,0.6598842144012451,0.9057380557060242,0.5900378941156164,True
dnn,0.1,1,8,0.5,0.3650984560060393,0.2013606251855866,dnn,0.6953912377357483,0.8780659437179565,0.9057380557060242,0.7677619741766175,True
dnn,0.1,1,8,0.0,3.667470807015676,0.2013976602394684,dnn,0.6455661654472351,0.9057380557060242,0.9057380557060242,0.7127515084303434,True
dnn,0.1,1,4,0.5,0.4036206056789731,0.2027056671407515,dnn,0.6225565671920776,0.7307830452919006,0.9057380557060242,0.6873472559423308,True
dnn,0.1,1,4,0.0,2.714417616594908,0.2027318164872409,dnn,0.6227021813392639,0.6598842144012451,0.9057380557060242,0.6875080244407602,True
dnn,0.1,1,8,0.5,0.5453349474995434,0.203294664014567,dnn,0.47906216979026794,0.8780659437179565,0.9057380557060242,0.5289191138345604,True
dnn,0.1,2,4,0.5,0.2,0.2036912851436161,dnn,9.924212840406454e-11,9.834734138181034e-10,0.9057380557060242,1.095704522724345e-10,True
dnn,0.1,1,2,0.5,1.1005421090383831,0.203831686537541,dnn,0.5771976709365845,0.8317868113517761,0.9057380557060242,0.6372677699698265,True
dnn,0.1,1,4,0.0,2.455349570439492,0.2040585388525322,dnn,0.592742383480072,0.6598842144012451,0.9057380557060242,0.6544302513799406,True
dnn,0.1,2,2,0.5,0.2,0.2040714876399635,dnn,5.392083721744712e-07,2.3071708710631356e-05,0.9057380557060242,5.953248500242793e-07,True
dnn,0.1,2,8,0.5,0.4932873707061831,0.2042821968584657,dnn,3.461193287535025e-08,9.862885053735226e-05,0.9057380557060242,3.821406493555159e-08,True
dnn,0.1,2,4,0.5,0.3302529174737275,0.2043404652455391,dnn,2.3006634791711278e-11,9.834734138181034e-10,0.9057380557060242,2.5400980611085808e-11,True
dnn,0.1,1,2,0.0,3.000820366267417,0.2046246816519774,dnn,0.6200207471847534,0.767071008682251,0.9057380557060242,0.6845475281497876,True
dnn,0.1,1,2,0.0,2.455349570439492,0.2048101552486104,dnn,0.6759696006774902,0.767071008682251,0.9057380557060242,0.7463190890776593,True
dnn,0.1,1,4,0.5,0.9955047366910889,0.205136016628695,dnn,0.736134946346283,0.7307830452919006,0.9057380557060242,0.8127459608313186,True
dnn,0.1,1,8,0.5,0.4036206056789731,0.2051905795508002,dnn,0.56288743019104,0.8780659437179565,0.9057380557060242,0.6214682342703028,True
dnn,0.1,2,8,0.5,0.3650984560060393,0.2053873124686115,dnn,2.3698923712345277e-07,9.862885053735226e-05,0.9057380557060242,2.616531740390651e-07,True
dnn,0.1,1,4,0.0,1.817286211563076,0.2070332446555923,dnn,0.676519513130188,0.6598842144012451,0.9057380557060242,0.7469262320029603,True
dnn,0.1,1,2,0.0,4.054431795277528,0.2083282247287397,dnn,0.5669893622398376,0.767071008682251,0.9057380557060242,0.6259970624706374,True
dnn,0.1,1,4,0.5,0.2444312127604942,0.20842396219941,dnn,0.6871147751808167,0.7307830452919006,0.9057380557060242,0.7586241638540954,True
dnn,0.1,1,4,0.5,0.3302529174737275,0.2088666018043896,dnn,0.7740523815155029,0.7307830452919006,0.9057380557060242,0.8546095381982465,True
dnn,0.1,1,4,0.5,0.4462072918927006,0.2117780020192948,dnn,0.7668691277503967,0.7307830452919006,0.9057380557060242,0.8466787090585711,True
dnn,0.1,1,4,0.0,2.0090311238977194,0.2119101096903975,dnn,0.5775298476219177,0.6598842144012451,0.9057380557060242,0.6376345169373858,True
dnn,0.1,1,4,0.5,0.2987330888578299,0.2123543938683554,dnn,0.6431512236595154,0.7307830452919006,0.9057380557060242,0.7100852388919201,True
dnn,0.1,1,2,0.0,0.9955047366910889,0.2129207385857417,dnn,0.6664089560508728,0.767071008682251,0.9057380557060242,0.7357634493246571,True
dnn,0.1,1,2,0.0,1.643841718255735,0.2133516379070353,dnn,0.7663688063621521,0.767071008682251,0.9057380557060242,0.8461263182375245,True
dnn,0.1,1,2,0.0,0.4462072918927006,0.2134648488849296,dnn,0.7970730066299438,0.767071008682251,0.9057380557060242,0.8800259651325175,True
dnn,0.1,2,8,0.5,0.4036206056789731,0.2136026327779978,dnn,1.3297901091391395e-07,9.862885053735226e-05,0.9057380557060242,1.4681839862658373e-07,True
dnn,0.1,1,4,0.0,3.317441949813717,0.2139273986331099,dnn,0.5378401875495911,0.6598842144012451,0.9057380557060242,0.5938142757293595,True
dnn,0.1,1,2,0.0,2.0090311238977194,0.2141745065270853,dnn,0.7124952077865601,0.767071008682251,0.9057380557060242,0.7866459880954975,True
dnn,0.1,2,2,0.0,0.2,0.2146214516735835,dnn,1.3679517074649539e-08,2.2899509133367246e-07,0.9057380557060242,1.5103171373302112e-08,True
dnn,0.1,2,4,0.5,0.2987330888578299,0.2163845612677975,dnn,3.276557150599935e-11,9.834734138181034e-10,0.9057380557060242,3.617554910007456e-11,True
dnn,0.1,1,2,0.0,1.3450342120312204,0.2164542740777259,dnn,0.6886332035064697,0.767071008682251,0.9057380557060242,0.760300618007796,True
dnn,0.1,1,2,0.0,0.2211023350218148,0.2166974346869197,dnn,0.7896968126296997,0.767071008682251,0.9057380557060242,0.8718821160872278,True
dnn,0.1,1,4,0.5,0.2,0.2196970431232133,dnn,0.7344167232513428,0.7307830452919006,0.9057380557060242,0.8108489188729779,True
dnn,0.1,1,8,0.5,0.2211023350218148,0.2200882539618503,dnn,0.8043649196624756,0.8780659437179565,0.9057380557060242,0.888076761923702,True
dnn,0.1,1,8,0.5,0.2702215594677964,0.2217307731159407,dnn,0.8019409775733948,0.8780659437179565,0.9057380557060242,0.8854005554048191,True
dnn,0.1,1,8,0.0,3.317441949813717,0.2229724286266385,dnn,0.6120684742927551,0.9057380557060242,0.9057380557060242,0.6757676465472645,True
dnn,0.1,2,8,0.5,0.5453349474995434,0.2233643025076222,dnn,1.6360035104412418e-08,9.862885053735226e-05,0.9057380557060242,1.8062656196619393e-08,True
dnn,0.1,1,8,0.0,2.714417616594908,0.223457700299907,dnn,0.43788832426071167,0.9057380557060242,0.9057380557060242,0.4834602250640524,True
dnn,0.1,1,8,0.5,0.2444312127604942,0.2247552570754567,dnn,0.8833448886871338,0.8780659437179565,0.9057380557060242,0.9752763319617449,True
dnn,0.1,1,8,0.0,3.000820366267417,0.2251931468222379,dnn,0.5894678235054016,0.9057380557060242,0.9057380557060242,0.6508149014958973,True
dnn,0.1,1,2,0.0,1.817286211563076,0.2255597225950754,dnn,0.715157687664032,0.767071008682251,0.9057380557060242,0.789585557500469,True
dnn,0.1,1,4,0.5,0.2702215594677964,0.2280882325850808,dnn,0.6132544279098511,0.7307830452919006,0.9057380557060242,0.6770770246943177,True
dnn,0.1,1,4,0.0,0.9955047366910889,0.2281381081131445,dnn,0.6844576597213745,0.6598842144012451,0.9057380557060242,0.755690517152709,True
dnn,0.1,1,4,0.0,2.221007363126434,0.2292266816457651,dnn,0.7240498661994934,0.6598842144012451,0.9057380557060242,0.7994031625789373,True
dnn,0.1,1,2,0.0,0.6028741513057392,0.2292413672557912,dnn,0.8451206088066101,0.767071008682251,0.9057380557060242,0.9330739759497434,True
dnn,0.1,1,2,0.5,0.2444312127604942,0.2296957846481676,dnn,0.9037051796913147,0.8317868113517761,0.9057380557060242,0.9977555585724784,True
dnn,0.1,1,8,0.0,2.221007363126434,0.2303528571270729,dnn,0.6765947341918945,0.9057380557060242,0.9057380557060242,0.7470092814687884,True
dnn,0.1,2,8,0.5,0.2702215594677964,0.2308845860362095,dnn,1.048459239427757e-06,9.862885053735226e-05,0.9057380557060242,1.1575744585563222e-06,True
dnn,0.1,1,8,0.5,0.2,0.2308879634416405,dnn,0.7769351601600647,0.8780659437179565,0.9057380557060242,0.8577923332971171,True
dnn,0.1,2,8,0.5,0.2987330888578299,0.2311638492390479,dnn,6.71109489758237e-07,9.862885053735226e-05,0.9057380557060242,7.409531768377627e-07,True
dnn,0.1,1,2,0.5,0.3650984560060393,0.2312249132576827,dnn,0.8177493214607239,0.8317868113517761,0.9057380557060242,0.9028541047922372,True
dnn,0.1,1,2,0.0,1.4869510248216484,0.2315912058431859,dnn,0.7345443367958069,0.767071008682251,0.9057380557060242,0.8109898134104881,True
dnn,0.1,1,8,0.0,2.455349570439492,0.2330960976016278,dnn,0.8259720206260681,0.9057380557060242,0.9057380557060242,0.911932556463272,True
dnn,0.1,1,8,0.5,0.2987330888578299,0.234349198808945,dnn,1.0337389707565308,0.8780659437179565,0.9057380557060242,1.0,True
dnn,0.1,1,8,0.5,0.3302529174737275,0.2343651417823025,dnn,0.7022671103477478,0.8780659437179565,0.9057380557060242,0.7753534324008607,True
dnn,0.1,1,8,0.5,0.4462072918927006,0.2344712022050799,dnn,0.7058818340301514,0.8780659437179565,0.9057380557060242,0.7793443475000236,True
dnn,0.1,1,8,0.0,1.3450342120312204,0.2361632472637905,dnn,0.7132877707481384,0.9057380557060242,0.9057380557060242,0.7875210346463024,True
dnn,0.1,2,4,0.5,0.2444312127604942,0.2361692316572829,dnn,6.010253406074639e-11,9.834734138181034e-10,0.9057380557060242,6.63575232177877e-11,True
dnn,0.1,1,2,0.0,0.900492287060531,0.236392667013631,dnn,0.7726247310638428,0.767071008682251,0.9057380557060242,0.853033309350771,True
dnn,0.1,1,2,0.0,1.2166621504910964,0.2365715532276459,dnn,0.7698954939842224,0.767071008682251,0.9057380557060242,0.8500200351900724,True
dnn,0.1,1,2,0.5,0.5453349474995434,0.2367531798378198,dnn,0.8122026920318604,0.8317868113517761,0.9057380557060242,0.8967302267085897,True
dnn,0.1,1,2,0.5,0.2702215594677964,0.2371756463067759,dnn,0.9148129224777222,0.8317868113517761,0.9057380557060242,1.0,True
dnn,0.1,2,8,0.5,0.2,0.2372066022438413,dnn,3.2870420909603126e-06,9.862885053735226e-05,0.9057380557060242,3.6291310387726375e-06,True
dnn,0.1,1,4,0.0,1.643841718255735,0.2374479323770339,dnn,0.6758564710617065,0.6598842144012451,0.9057380557060242,0.7461941858398292,True
dnn,0.1,1,4,0.0,1.2166621504910964,0.2393727383079722,dnn,0.7403774857521057,0.6598842144012451,0.9057380557060242,0.8174300296734031,True
dnn,0.1,1,8,0.0,1.817286211563076,0.2393902844355017,dnn,0.7415075898170471,0.9057380557060242,0.9057380557060242,0.8186777458953526,True
dnn,0.1,1,8,0.0,1.4869510248216484,0.2420557463624212,dnn,0.7419565320014954,0.9057380557060242,0.9057380557060242,0.8191734103776165,True
dnn,0.1,1,4,0.5,0.3650984560060393,0.2425051273582817,dnn,0.5110080242156982,0.7307830452919006,0.9057380557060242,0.5641896362821663,True
dnn,0.1,1,8,0.0,1.643841718255735,0.243521096547021,dnn,0.7074009776115417,0.9057380557060242,0.9057380557060242,0.7810215913475355,True
dnn,0.1,1,2,0.0,0.5453349474995434,0.2438444430887039,dnn,0.7964690327644348,0.767071008682251,0.9057380557060242,0.8793591345166413,True
dnn,0.1,1,2,0.0,0.2987330888578299,0.2446931437239535,dnn,0.8277891278266907,0.767071008682251,0.9057380557060242,0.9139387735910333,True
dnn,0.1,1,4,0.0,1.4869510248216484,0.2450193659454152,dnn,0.5673158168792725,0.6598842144012451,0.9057380557060242,0.6263574918877058,True
dnn,0.1,2,8,0.5,0.3302529174737275,0.2485438856956277,dnn,3.971407807057403e-07,9.862885053735226e-05,0.9057380557060242,4.3847200435469007e-07,True
dnn,0.1,2,8,0.0,0.3650984560060393,0.2486486160170507,dnn,8.939031181931512e-10,7.049475669873573e-08,0.9057380557060242,9.86933377218375e-10,True
dnn,0.1,1,2,0.0,0.2702215594677964,0.2495566681524956,dnn,0.6764646172523499,0.767071008682251,0.9057380557060242,0.7468656230029384,True
dnn,0.1,1,2,0.0,0.8145479666433055,0.2507277817460377,dnn,0.7334294319152832,0.767071008682251,0.9057380557060242,0.8097588781820301,True
dnn,0.1,1,4,0.0,1.1005421090383831,0.2510667958717362,dnn,0.6883556246757507,0.6598842144012451,0.9057380557060242,0.7599941510011705,True
dnn,0.1,2,8,0.5,0.2444312127604942,0.2529514565009283,dnn,1.555285848553467e-06,9.862885053735226e-05,0.9057380557060242,1.7171475116402384e-06,True
dnn,0.1,1,2,0.0,0.6664844128899691,0.2530649795467095,dnn,0.8640304207801819,0.767071008682251,0.9057380557060242,0.9539517693188555,True
dnn,0.1,1,8,0.0,2.0090311238977194,0.2530764744698522,dnn,0.764992892742157,0.9057380557060242,0.9057380557060242,0.8446072105757375,True
dnn,0.1,1,4,0.0,0.6664844128899691,0.2538967871695289,dnn,0.7824392914772034,0.6598842144012451,0.9057380557060242,0.8638692904068062,True
dnn,0.1,1,2,0.0,0.4036206056789731,0.2539468098786729,dnn,0.8435157537460327,0.767071008682251,0.9057380557060242,0.9313021004605033,True
dnn,0.1,1,4,0.0,0.4036206056789731,0.2566316970856956,dnn,0.790072500705719,0.6598842144012451,0.9057380557060242,0.8722969027616448,True
dnn,0.1,2,8,0.5,0.2211023350218148,0.2574556871984178,dnn,2.3950296963448636e-06,9.862885053735226e-05,0.9057380557060242,2.6442851564605337e-06,True
dnn,0.1,1,2,0.0,0.2,0.2575323891359098,dnn,0.8918739557266235,0.767071008682251,0.9057380557060242,0.9846930358153124,True
dnn,0.1,1,8,0.0,1.1005421090383831,0.2585981465771402,dnn,0.7687780857086182,0.9057380557060242,0.9057380557060242,0.8487863360332746,True
dnn,0.1,1,2,0.0,0.3650984560060393,0.2597151813668627,dnn,0.5790169835090637,0.767071008682251,0.9057380557060242,0.6392764219868393,True
dnn,0.1,1,2,0.0,0.4932873707061831,0.2630980573769815,dnn,0.8923236727714539,0.767071008682251,0.9057380557060242,0.9851895557992053,True
dnn,0.1,1,4,0.0,0.3650984560060393,0.2633905509525053,dnn,0.7057425379753113,0.6598842144012451,0.9057380557060242,0.7791905546302611,True
dnn,0.1,2,8,0.0,0.3302529174737275,0.2639686451177673,dnn,1.340282107520352e-09,7.049475669873573e-08,0.9057380557060242,1.4797679075939898e-09,True
dnn,0.1,2,4,0.0,0.2,0.2641543934205529,dnn,4.4585134195695986e-12,3.291540998096032e-11,0.9057380557060242,4.9225196970377715e-12,True
dnn,0.1,1,2,0.0,0.3302529174737275,0.2656527673213713,dnn,0.8246908187866211,0.767071008682251,0.9057380557060242,0.9105180174236727,True
dnn,0.1,1,4,0.5,0.2211023350218148,0.2680025356929404,dnn,0.6875007748603821,0.7307830452919006,0.9057380557060242,0.7590503352809596,True
dnn,0.1,1,4,0.0,0.4932873707061831,0.2681531076817997,dnn,0.6670850515365601,0.6598842144012451,0.9057380557060242,0.7365099073998456,True
dnn,0.1,1,8,0.0,1.2166621504910964,0.268990728270122,dnn,0.516984760761261,0.9057380557060242,0.9057380557060242,0.5707883835777118,True
dnn,0.1,2,4,0.5,0.2211023350218148,0.275389155978075,dnn,7.831016390902334e-11,9.834734138181034e-10,0.9057380557060242,8.646005698411386e-11,True
dnn,0.1,1,4,0.0,0.2702215594677964,0.2785753157707618,dnn,0.7207587361335754,0.6598842144012451,0.9057380557060242,0.7957695181215975,True
dnn,0.1,1,8,0.0,0.9955047366910889,0.2799123775179024,dnn,0.8822925090789795,0.9057380557060242,0.9057380557060242,0.9741144291339632,True
dnn,0.1,1,4,0.0,0.6028741513057392,0.2814787213375559,dnn,0.7472601532936096,0.6598842144012451,0.9057380557060242,0.8250289899888541,True
dnn,0.1,1,4,0.0,1.3450342120312204,0.2828820888250893,dnn,0.655649721622467,0.6598842144012451,0.9057380557060242,0.7238844801672677,True
dnn,0.1,1,8,0.0,0.8145479666433055,0.2845448466539371,dnn,0.8401663899421692,0.9057380557060242,0.9057380557060242,0.9276041617653552,True
dnn,0.1,2,4,0.0,0.2211023350218148,0.2852151067586547,dnn,3.4713139480946342e-12,3.291540998096032e-11,0.9057380557060242,3.83258043120286e-12,True
dnn,0.1,2,4,0.0,0.3302529174737275,0.2853744684011464,dnn,1.1788188697750557e-12,3.291540998096032e-11,0.9057380557060242,1.3015008725190028e-12,True
dnn,0.1,1,4,0.0,0.8145479666433055,0.2868223749077749,dnn,0.7463142275810242,0.6598842144012451,0.9057380557060242,0.8239846199233299,True
dnn,0.1,2,8,0.0,0.2987330888578299,0.2870491023633549,dnn,1.9325112621260132e-09,7.049475669873573e-08,0.9057380557060242,2.133631517359197e-09,True
dnn,0.1,2,8,0.0,0.2,0.2872165852545925,dnn,6.14032069634618e-09,7.049475669873573e-08,0.9057380557060242,6.779355971257927e-09,True
dnn,0.1,1,8,0.0,0.4036206056789731,0.2914658164148418,dnn,0.6372004151344299,0.9057380557060242,0.9057380557060242,0.7035151179970364,True
dnn,0.1,1,8,0.0,0.900492287060531,0.2930189460725202,dnn,0.9441362619400024,0.9057380557060242,0.9057380557060242,1.0,True
dnn,0.1,1,4,0.0,0.900492287060531,0.2948061331184185,dnn,0.7074530720710754,0.6598842144012451,0.9057380557060242,0.7810791073801295,True
dnn,0.1,1,4,0.0,0.3302529174737275,0.2952689673380705,dnn,0.7192888855934143,0.6598842144012451,0.9057380557060242,0.7941466973392517,True
dnn,0.1,2,8,0.0,0.2211023350218148,0.2955488574671722,dnn,4.78175854468077e-09,7.049475669873573e-08,0.9057380557060242,5.279405579302265e-09,True
dnn,0.1,1,8,0.0,0.7368062997280775,0.295911187703777,dnn,0.7438985705375671,0.9057380557060242,0.9057380557060242,0.8213175606910953,True
dnn,0.1,1,4,0.0,0.2444312127604942,0.2983678144905872,dnn,0.7650617957115173,0.6598842144012451,0.9057380557060242,0.8446832844128985,True
dnn,0.1,1,4,0.0,0.2,0.3091240501415097,dnn,0.8681735992431641,0.6598842144012451,0.9057380557060242,0.9585261365289786,True
dnn,0.1,2,8,0.0,0.2444312127604942,0.3102183701518201,dnn,3.64312602307848e-09,7.049475669873573e-08,0.9057380557060242,4.022273327401108e-09,True
dnn,0.1,1,8,0.0,0.6028741513057392,0.3104932544958843,dnn,0.6628856062889099,0.9057380557060242,0.9057380557060242,0.7318734176098955,True
dnn,0.1,1,8,0.0,0.6664844128899691,0.3115832940283964,dnn,0.6952720880508423,0.9057380557060242,0.9057380557060242,0.7676304243492084,True
dnn,0.1,2,8,0.0,0.2702215594677964,0.3127203762956421,dnn,2.6966655575222376e-09,7.049475669873573e-08,0.9057380557060242,2.9773128561106806e-09,True
dnn,0.1,1,4,0.0,0.5453349474995434,0.3132213289585487,dnn,0.5509691834449768,0.6598842144012451,0.9057380557060242,0.6083096320994213,True
dnn,0.1,1,8,0.0,0.5453349474995434,0.3148463722814085,dnn,0.831340491771698,0.9057380557060242,0.9057380557060242,0.9178597349800731,True
dnn,0.1,1,8,0.0,0.4462072918927006,0.3149422960105859,dnn,0.770138680934906,0.9057380557060242,0.9057380557060242,0.8502885310859349,True
dnn,0.1,1,4,0.0,0.2211023350218148,0.3159669388355909,dnn,0.6417520642280579,0.6598842144012451,0.9057380557060242,0.7085404661812638,True
dnn,0.1,1,8,0.0,0.3650984560060393,0.3178942146063547,dnn,0.9917933344841003,0.9057380557060242,0.9057380557060242,1.0,True
dnn,0.1,1,8,0.0,0.2702215594677964,0.3240312429326277,dnn,0.8902039527893066,0.9057380557060242,0.9057380557060242,0.9828492323814211,True
dnn,0.1,1,8,0.0,0.2987330888578299,0.3243103502949689,dnn,0.641755998134613,0.9057380557060242,0.9057380557060242,0.7085448094972263,True
dnn,0.1,1,4,0.0,0.4462072918927006,0.3247648121081278,dnn,0.7649409174919128,0.6598842144012451,0.9057380557060242,0.8445498261587786,True
dnn,0.1,1,8,0.0,0.2211023350218148,0.325606393677338,dnn,0.8259550929069519,0.9057380557060242,0.9057380557060242,0.9119138670430699,True
dnn,0.1,1,8,0.0,0.2,0.3308650767504479,dnn,0.9099820852279663,0.9057380557060242,0.9057380557060242,1.0,True
dnn,0.1,1,4,0.0,0.7368062997280775,0.3330811378364718,dnn,0.7263593673706055,0.6598842144012451,0.9057380557060242,0.8019530180880026,True
dnn,0.1,1,8,0.0,0.4932873707061831,0.3332116785723636,dnn,0.8426368832588196,0.9057380557060242,0.9057380557060242,0.9303317641897942,True
dnn,0.1,1,2,0.0,0.2444312127604942,0.3384681912703193,dnn,0.5251306295394897,0.767071008682251,0.9057380557060242,0.579782008971843,True
dnn,0.1,1,8,0.0,0.2444312127604942,0.3503991157743834,dnn,0.8909315466880798,0.9057380557060242,0.9057380557060242,0.9836525484110274,True
dnn,0.1,1,4,0.0,0.2987330888578299,0.3516850534640217,dnn,0.7892557978630066,0.6598842144012451,0.9057380557060242,0.8713952040447064,True
dnn,0.1,1,8,0.0,0.3302529174737275,0.3689887461500531,dnn,0.6695926785469055,0.9057380557060242,0.9057380557060242,0.7392785080946577,True
dnn,0.25,2,8,0.0,0.8145479666433055,0.2565251115634238,dnn,8.868535072981132e-11,0.01619279757142067,1.0447865724563599,8.48837007172732e-11,True
dnn,0.25,2,4,0.5,0.7368062997280775,0.256607680265114,dnn,1.5477468482197332e-12,3.2314126485744055e-08,1.0447865724563599,1.4814000189348544e-12,True
dnn,0.25,2,8,0.0,3.667470807015676,0.2566105485508039,dnn,0.0,0.01619279757142067,1.0447865724563599,0.0,True
dnn,0.25,2,8,0.0,10.000000000000002,0.2566105488612448,dnn,0.0,0.01619279757142067,1.0447865724563599,0.0,True
dnn,0.25,2,8,0.5,1.817286211563076,0.2566285840176098,dnn,9.956124873101643e-14,0.5583295226097107,1.0447865724563599,9.529338465457265e-14,True
dnn,0.25,2,4,0.5,4.054431795277528,0.2566285888915313,dnn,0.0,3.2314126485744055e-08,1.0447865724563599,0.0,True
dnn,0.25,2,4,0.5,3.317441949813717,0.2566285888915313,dnn,0.0,3.2314126485744055e-08,1.0447865724563599,0.0,True
dnn,0.25,2,8,0.5,10.000000000000002,0.2566285888915313,dnn,1.4210854715202004e-14,0.5583295226097107,1.0447865724563599,1.3601681998832907e-14,True
dnn,0.25,2,4,0.0,1.3450342120312204,0.2566285898849421,dnn,2.9842793970187966e-15,1.7228451998363425e-10,1.0447865724563599,2.856353130575334e-15,True
dnn,0.25,2,2,0.0,1.3450342120312204,0.2566292996132567,dnn,8.35569840314937e-13,0.8752461075782776,1.0447865724563599,7.997517027333717e-13,True
dnn,0.25,2,4,0.0,10.000000000000002,0.2566292996132567,dnn,0.0,1.7228451998363425e-10,1.0447865724563599,0.0,True
dnn,0.25,2,2,0.0,2.455349570439492,0.2566292996132567,dnn,0.0,0.8752461075782776,1.0447865724563599,0.0,True
dnn,0.25,2,8,0.5,1.2166621504910964,0.2566421523630672,dnn,4.230937378224553e-09,0.5583295226097107,1.0447865724563599,4.049570974364026e-09,True
dnn,0.25,2,4,0.0,0.900492287060531,0.2566452495073331,dnn,1.2008172640921508e-14,1.7228451998363425e-10,1.0447865724563599,1.1493421678161051e-14,True
dnn,0.25,2,2,0.0,0.4036206056789731,0.2566686205636987,dnn,0.002701190998777747,0.8752461075782776,1.0447865724563599,0.002585399803164655,True
dnn,0.25,2,2,0.0,8.182261084470007,0.2566686469511717,dnn,0.0,0.8752461075782776,1.0447865724563599,0.0,True
dnn,0.25,2,2,0.0,0.9955047366910889,0.256736911782977,dnn,1.1512871211927234e-10,0.8752461075782776,1.0447865724563599,1.1019352196362688e-10,True
dnn,0.25,2,2,0.5,4.054431795277528,0.2567841854791865,dnn,3.552713678800501e-15,0.8411887884140015,1.0447865724563599,3.400420499708227e-15,True
dnn,0.25,2,2,0.0,0.4932873707061831,0.2567857745598825,dnn,3.38406753144227e-05,0.8752461075782776,1.0447865724563599,3.239003659365674e-05,True
dnn,0.25,2,4,0.0,7.4013339421880975,0.2567936205211824,dnn,0.0,1.7228451998363425e-10,1.0447865724563599,0.0,True
dnn,0.25,2,8,0.0,6.69493964544323,0.2567990819248971,dnn,0.0,0.01619279757142067,1.0447865724563599,0.0,True
dnn,0.25,2,2,0.0,0.3650984560060393,0.2568368873366287,dnn,0.043781910091638565,0.8752461075782776,1.0447865724563599,0.04190512325278502,True
dnn,0.25,2,4,0.0,8.182261084470007,0.2568470324097366,dnn,0.0,1.7228451998363425e-10,1.0447865724563599,0.0,True
dnn,0.25,2,4,0.5,2.455349570439492,0.2568470325960011,dnn,3.552713678800501e-15,3.2314126485744055e-08,1.0447865724563599,3.400420499708227e-15,True
dnn,0.25,2,4,0.0,4.955148403871969,0.2568716932312673,dnn,0.0,1.7228451998363425e-10,1.0447865724563599,0.0,True
dnn,0.25,2,8,0.0,7.4013339421880975,0.2568716932933554,dnn,0.0,0.01619279757142067,1.0447865724563599,0.0,True
dnn,0.25,2,8,0.0,2.714417616594908,0.2568716941625898,dnn,3.552713678800501e-15,0.01619279757142067,1.0447865724563599,3.400420499708227e-15,True
dnn,0.25,2,4,0.0,3.000820366267417,0.2569025250890424,dnn,0.0,1.7228451998363425e-10,1.0447865724563599,0.0,True
dnn,0.25,2,2,0.0,5.477974412378556,0.2569550072962385,dnn,0.0,0.8752461075782776,1.0447865724563599,0.0,True
dnn,0.25,2,4,0.0,6.69493964544323,0.2569584665256151,dnn,0.0,1.7228451998363425e-10,1.0447865724563599,0.0,True
dnn,0.25,2,2,0.0,0.4462072918927006,0.2570138205213306,dnn,0.0002493356878403574,0.8752461075782776,1.0447865724563599,0.0002386474849635111,True
dnn,0.25,2,4,0.0,3.667470807015676,0.2570138320697305,dnn,0.0,1.7228451998363425e-10,1.0447865724563599,0.0,True
dnn,0.25,2,4,0.0,3.317441949813717,0.2570138320697305,dnn,0.0,1.7228451998363425e-10,1.0447865724563599,0.0,True
dnn,0.25,2,4,0.0,0.7368062997280775,0.2570634354427337,dnn,5.967137726861985e-14,1.7228451998363425e-10,1.0447865724563599,5.711346110462411e-14,True
dnn,0.25,2,4,0.0,9.045585157672232,0.2570634535103916,dnn,0.0,1.7228451998363425e-10,1.0447865724563599,0.0,True
dnn,0.25,2,8,0.0,5.477974412378556,0.2570634535103916,dnn,0.0,0.01619279757142067,1.0447865724563599,0.0,True
dnn,0.25,2,4,0.0,4.482221685612751,0.2570634535103916,dnn,0.0,1.7228451998363425e-10,1.0447865724563599,0.0,True
dnn,0.25,2,4,1.0,1.4869510248216484,0.2570634544417142,dnn,9.606537773924027e-15,0.5370639562606812,1.0447865724563599,9.194737018239471e-15,True
dnn,0.25,2,2,0.0,2.0090311238977194,0.257066484035405,dnn,9.379164061211346e-16,0.8752461075782776,1.0447865724563599,8.977110070586313e-16,True
dnn,0.25,2,4,0.5,4.482221685612751,0.2570804960658293,dnn,0.0,3.2314126485744055e-08,1.0447865724563599,0.0,True
dnn,0.25,2,8,0.5,1.4869510248216484,0.2570825554683944,dnn,1.5577327622251502e-11,0.5583295226097107,1.0447865724563599,1.4909578695702618e-11,True
dnn,0.25,2,2,0.0,0.3302529174737275,0.2570917920576939,dnn,0.20410168170928955,0.8752461075782776,1.0447865724563599,0.19535251226423545,True
dnn,0.25,2,2,0.5,1.1005421090383831,0.2570980560401985,dnn,2.0015916035731607e-08,0.8411887884140015,1.0447865724563599,1.9157899386735907e-08,True
dnn,0.25,2,2,1.0,2.0090311238977194,0.2570980563506393,dnn,1.760298585498296e-13,0.6598412990570068,1.0447865724563599,1.6848403606104181e-13,True
dnn,0.25,2,4,0.0,0.2211023350218148,0.2570996198860217,dnn,1.3344560699513064e-11,1.7228451998363425e-10,1.0447865724563599,1.277252316531897e-11,True
dnn,0.25,2,4,0.0,0.4462072918927006,0.2571007214850823,dnn,1.1437322443297315e-12,1.7228451998363425e-10,1.0447865724563599,1.094704195557131e-12,True
dnn,0.25,2,4,0.0,2.455349570439492,0.2571063798288414,dnn,0.0,1.7228451998363425e-10,1.0447865724563599,0.0,True
dnn,0.25,2,4,0.0,2.0090311238977194,0.2571063798288414,dnn,3.552713678800501e-15,1.7228451998363425e-10,1.0447865724563599,3.400420499708227e-15,True
dnn,0.25,2,8,0.0,2.0090311238977194,0.2571063798288414,dnn,3.93640689841249e-15,0.01619279757142067,1.0447865724563599,3.767666049878251e-15,True
dnn,0.25,2,4,0.5,6.69493964544323,0.2571144114340339,dnn,0.0,3.2314126485744055e-08,1.0447865724563599,0.0,True
dnn,0.25,2,8,0.5,5.477974412378556,0.2571144114340339,dnn,3.552713678800501e-15,0.5583295226097107,1.0447865724563599,3.400420499708227e-15,True
dnn,0.25,2,8,1.0,2.0090311238977194,0.257114413979649,dnn,2.6206662707972672e-12,0.944232702255249,1.0447865724563599,2.5083269060741406e-12,True
dnn,0.25,2,8,0.0,4.482221685612751,0.2571147103540508,dnn,0.0,0.01619279757142067,1.0447865724563599,0.0,True
dnn,0.25,2,8,0.5,1.3450342120312204,0.2571224835997712,dnn,2.3104107516047634e-10,0.5583295226097107,1.0447865724563599,2.2113710230529095e-10,True
dnn,0.25,2,4,0.0,1.1005421090383831,0.2571225169411194,dnn,3.666400323398605e-15,1.7228451998363425e-10,1.0447865724563599,3.5092337708539496e-15,True
dnn,0.25,2,8,0.0,2.455349570439492,0.2571225211010269,dnn,3.552713678800501e-15,0.01619279757142067,1.0447865724563599,3.400420499708227e-15,True
dnn,0.25,2,8,0.0,9.045585157672232,0.2571225223427903,dnn,0.0,0.01619279757142067,1.0447865724563599,0.0,True
dnn,0.25,2,4,0.5,5.477974412378556,0.2571225223427903,dnn,0.0,3.2314126485744055e-08,1.0447865724563599,0.0,True
dnn,0.25,2,2,1.0,1.3450342120312204,0.2571342822394223,dnn,0.35431617498397827,0.6598412990570068,1.0447865724563599,0.3391278030602541,True
dnn,0.25,2,2,1.0,4.955148403871969,0.2571342830465685,dnn,3.552713678800501e-15,0.6598412990570068,1.0447865724563599,3.400420499708227e-15,True
dnn,0.25,2,2,0.0,0.7368062997280775,0.2571342830465685,dnn,1.4431763339928239e-08,0.8752461075782776,1.0447865724563599,1.3813120995609891e-08,True
dnn,0.25,2,2,1.0,10.000000000000002,0.2571342830465685,dnn,3.552713678800501e-15,0.6598412990570068,1.0447865724563599,3.400420499708227e-15,True
dnn,0.25,2,2,0.0,1.4869510248216484,0.2571397106220234,dnn,1.451496664832061e-13,0.8752461075782776,1.0447865724563599,1.3892757651158357e-13,True
dnn,0.25,2,8,0.5,6.055964668833263,0.2572014613884404,dnn,3.552713678800501e-15,0.5583295226097107,1.0447865724563599,3.400420499708227e-15,True
dnn,0.25,2,2,0.0,6.69493964544323,0.2572014615126168,dnn,0.0,0.8752461075782776,1.0447865724563599,0.0,True
dnn,0.25,2,4,1.0,3.317441949813717,0.2572014615126168,dnn,3.552713678800501e-15,0.5370639562606812,1.0447865724563599,3.400420499708227e-15,True
dnn,0.25,2,2,1.0,4.054431795277528,0.2572014615126168,dnn,3.552713678800501e-15,0.6598412990570068,1.0447865724563599,3.400420499708227e-15,True
dnn,0.25,2,2,0.5,9.045585157672232,0.2572014615126168,dnn,0.0,0.8411887884140015,1.0447865724563599,0.0,True
dnn,0.25,2,8,1.0,2.221007363126434,0.2572014625060275,dnn,5.2096991813837396e-14,0.944232702255249,1.0447865724563599,4.9863764703018765e-14,True
dnn,0.25,2,8,0.5,3.000820366267417,0.257211320732285,dnn,3.552713678800501e-15,0.5583295226097107,1.0447865724563599,3.400420499708227e-15,True
dnn,0.25,2,2,0.0,0.6664844128899691,0.2572113208564613,dnn,7.894933418128858e-08,0.8752461075782776,1.0447865724563599,7.556503525468715e-08,True
dnn,0.25,2,2,0.0,4.955148403871969,0.2572113208564613,dnn,0.0,0.8752461075782776,1.0447865724563599,0.0,True
dnn,0.25,2,4,0.5,9.045585157672232,0.2572113208564613,dnn,0.0,3.2314126485744055e-08,1.0447865724563599,0.0,True
dnn,0.25,2,8,1.0,3.667470807015676,0.2572113209185495,dnn,0.0,0.944232702255249,1.0447865724563599,0.0,True
dnn,0.25,2,4,0.0,0.9955047366910889,0.2572188108394167,dnn,6.096456533908256e-15,1.7228451998363425e-10,1.0447865724563599,5.835121444540676e-15,True
dnn,0.25,2,8,1.0,4.955148403871969,0.2572189358229063,dnn,3.552713678800501e-15,0.944232702255249,1.0447865724563599,3.400420499708227e-15,True
dnn,0.25,2,8,0.0,3.317441949813717,0.2572189358229063,dnn,0.0,0.01619279757142067,1.0447865724563599,0.0,True
dnn,0.25,2,4,0.5,8.182261084470007,0.2572532647087955,dnn,0.0,3.2314126485744055e-08,1.0447865724563599,0.0,True
dnn,0.25,2,2,0.0,1.817286211563076,0.2572532647087955,dnn,6.224354273778919e-15,0.8752461075782776,1.0447865724563599,5.957536627930684e-15,True
dnn,0.25,2,2,0.5,0.6028741513057392,0.2572533181046231,dnn,0.4753796458244324,0.8411887884140015,1.0447865724563599,0.4550016801104024,True
dnn,0.25,2,2,0.5,2.0090311238977194,0.2572764559524969,dnn,5.542233135640874e-15,0.8411887884140015,1.0447865724563599,5.3046557849712126e-15,True
dnn,0.25,2,2,0.5,4.955148403871969,0.257276456014585,dnn,0.0,0.8411887884140015,1.0447865724563599,0.0,True
dnn,0.25,2,8,1.0,6.055964668833263,0.257276456014585,dnn,3.552713678800501e-15,0.944232702255249,1.0447865724563599,3.400420499708227e-15,True
dnn,0.25,2,4,1.0,3.667470807015676,0.257276456014585,dnn,3.552713678800501e-15,0.5370639562606812,1.0447865724563599,3.400420499708227e-15,True
dnn,0.25,2,2,0.5,8.182261084470007,0.257276456014585,dnn,0.0,0.8411887884140015,1.0447865724563599,0.0,True
dnn,0.25,2,8,1.0,4.054431795277528,0.257276456014585,dnn,3.552713678800501e-15,0.944232702255249,1.0447865724563599,3.400420499708227e-15,True
dnn,0.25,2,2,0.5,1.4869510248216484,0.2572764589948172,dnn,5.637261490942791e-12,0.8411887884140015,1.0447865724563599,5.395610586465741e-12,True
dnn,0.25,2,4,0.5,0.9955047366910889,0.2572764740822429,dnn,7.97086870249139e-14,3.2314126485744055e-08,1.0447865724563599,7.629183713331393e-14,True
dnn,0.25,2,4,0.0,1.4869510248216484,0.2573013288346277,dnn,1.4210855390181384e-17,1.7228451998363425e-10,1.0447865724563599,1.3601682644878136e-17,True
dnn,0.25,2,4,0.0,1.643841718255735,0.2573013361610319,dnn,0.0,1.7228451998363425e-10,1.0447865724563599,0.0,True
dnn,0.25,2,4,0.5,10.000000000000002,0.2573013362852083,dnn,0.0,3.2314126485744055e-08,1.0447865724563599,0.0,True
dnn,0.25,2,4,0.0,5.477974412378556,0.2573013362852083,dnn,0.0,1.7228451998363425e-10,1.0447865724563599,0.0,True
dnn,0.25,2,4,1.0,8.182261084470007,0.2573013362852083,dnn,3.552713678800501e-15,0.5370639562606812,1.0447865724563599,3.400420499708227e-15,True
dnn,0.25,2,8,0.0,4.955148403871969,0.2573013379305448,dnn,0.0,0.01619279757142067,1.0447865724563599,0.0,True
dnn,0.25,2,2,0.0,1.2166621504910964,0.2573158606117517,dnn,4.511676188895253e-12,0.8752461075782776,1.0447865724563599,4.31827543331459e-12,True
dnn,0.25,2,8,0.0,1.1005421090383831,0.2573468625475378,dnn,1.9529408472329646e-12,0.01619279757142067,1.0447865724563599,1.869224680636425e-12,True
dnn,0.25,2,2,1.0,1.2166621504910964,0.2573525098942746,dnn,0.7330137491226196,0.6598412990570068,1.0447865724563599,0.7015918546878503,True
dnn,0.25,2,2,0.5,1.3450342120312204,0.2573525103288918,dnn,6.817131581460245e-11,0.8411887884140015,1.0447865724563599,6.524903517311419e-11,True
dnn,0.25,2,8,1.0,6.69493964544323,0.2573525115706552,dnn,3.552713678800501e-15,0.944232702255249,1.0447865724563599,3.400420499708227e-15,True
dnn,0.25,2,2,0.5,4.482221685612751,0.2573525115706552,dnn,0.0,0.8411887884140015,1.0447865724563599,0.0,True
dnn,0.25,2,2,0.0,3.667470807015676,0.2573656736543769,dnn,0.0,0.8752461075782776,1.0447865724563599,0.0,True
dnn,0.25,2,2,0.5,1.2166621504910964,0.2573848321271965,dnn,9.897259678481873e-10,0.8411887884140015,1.0447865724563599,9.472996628596388e-10,True
dnn,0.25,2,2,0.5,0.2702215594677964,0.2573848331826954,dnn,0.7230384349822998,0.8411887884140015,1.0447865724563599,0.6920441495361013,True
dnn,0.25,2,4,0.5,1.2166621504910964,0.2574051427584798,dnn,9.450218690541193e-15,3.2314126485744055e-08,1.0447865724563599,9.045118821084316e-15,True
dnn,0.25,2,4,1.0,0.9955047366910889,0.2574051427584798,dnn,3.881524442139739e-12,0.5370639562606812,1.0447865724563599,3.715136224438669e-12,True
dnn,0.25,2,2,1.0,1.1005421090383831,0.257405146794211,dnn,0.7735113501548767,0.6598412990570068,1.0447865724563599,0.7403534564349369,True
dnn,0.25,2,8,1.0,8.182261084470007,0.2574051478497099,dnn,3.552713678800501e-15,0.944232702255249,1.0447865724563599,3.400420499708227e-15,True
dnn,0.25,2,8,1.0,10.000000000000002,0.2574051478497099,dnn,3.552713678800501e-15,0.944232702255249,1.0447865724563599,3.400420499708227e-15,True
dnn,0.25,2,2,1.0,6.055964668833263,0.2574051478497099,dnn,3.552713678800501e-15,0.6598412990570068,1.0447865724563599,3.400420499708227e-15,True
dnn,0.25,2,2,0.0,6.055964668833263,0.2574052545844013,dnn,0.0,0.8752461075782776,1.0447865724563599,0.0,True
dnn,0.25,2,2,0.5,7.4013339421880975,0.2574094250158463,dnn,0.0,0.8411887884140015,1.0447865724563599,0.0,True
dnn,0.25,2,2,0.0,0.5453349474995434,0.2574094255125517,dnn,3.5263753943581833e-06,0.8752461075782776,1.0447865724563599,3.375211251105046e-06,True
dnn,0.25,2,4,0.0,2.714417616594908,0.2574094260713452,dnn,0.0,1.7228451998363425e-10,1.0447865724563599,0.0,True
dnn,0.25,2,8,0.0,0.7368062997280775,0.2574095157887532,dnn,3.615704957660171e-10,0.01619279757142067,1.0447865724563599,3.4607115491151634e-10,True
dnn,0.25,2,2,0.0,2.714417616594908,0.2574096940336888,dnn,0.0,0.8752461075782776,1.0447865724563599,0.0,True
dnn,0.25,2,2,0.0,9.045585157672232,0.2574451756073846,dnn,0.0,0.8752461075782776,1.0447865724563599,0.0,True
dnn,0.25,2,2,0.0,0.8145479666433055,0.257445175731561,dnn,2.822370337440816e-09,0.8752461075782776,1.0447865724563599,2.7013845811640203e-09,True
dnn,0.25,2,2,0.5,1.643841718255735,0.2574451782150879,dnn,5.182556857621923e-13,0.8411887884140015,1.0447865724563599,4.960397648906801e-13,True
dnn,0.25,2,8,0.0,8.182261084470007,0.2574515375132146,dnn,0.0,0.01619279757142067,1.0447865724563599,0.0,True
dnn,0.25,2,4,0.0,4.054431795277528,0.2574515377615672,dnn,0.0,1.7228451998363425e-10,1.0447865724563599,0.0,True
dnn,0.25,2,4,0.5,3.667470807015676,0.257452609181793,dnn,0.0,3.2314126485744055e-08,1.0447865724563599,0.0,True
dnn,0.25,2,8,0.5,4.054431795277528,0.2574615382681963,dnn,3.552713678800501e-15,0.5583295226097107,1.0447865724563599,3.400420499708227e-15,True
dnn,0.25,2,4,0.5,7.4013339421880975,0.2574615383302845,dnn,0.0,3.2314126485744055e-08,1.0447865724563599,0.0,True
dnn,0.25,2,2,0.5,0.3302529174737275,0.2574618473369692,dnn,0.8392401933670044,0.8411887884140015,1.0447865724563599,0.8032647197923851,True
dnn,0.25,2,2,0.5,0.8145479666433055,0.2574618688194766,dnn,0.011789503507316113,0.8411887884140015,1.0447865724563599,0.011284126172868243,True
dnn,0.25,2,4,1.0,4.054431795277528,0.2574618732898249,dnn,3.552713678800501e-15,0.5370639562606812,1.0447865724563599,3.400420499708227e-15,True
dnn,0.25,2,8,0.5,9.045585157672232,0.2574618732898249,dnn,3.552713678800501e-15,0.5583295226097107,1.0447865724563599,3.400420499708227e-15,True
dnn,0.25,2,2,1.0,3.000820366267417,0.2574618732898249,dnn,1.4210855390181384e-17,0.6598412990570068,1.0447865724563599,1.3601682644878136e-17,True
dnn,0.25,2,4,0.5,2.714417616594908,0.2574618734760895,dnn,0.0,3.2314126485744055e-08,1.0447865724563599,0.0,True
dnn,0.25,2,8,0.0,1.3450342120312204,0.2574618768288507,dnn,1.0794565518138996e-13,0.01619279757142067,1.0447865724563599,1.0331837910933602e-13,True
dnn,0.25,2,8,0.5,1.1005421090383831,0.2574732457318717,dnn,8.602719958616944e-08,0.5583295226097107,1.0447865724563599,8.233949579186686e-08,True
dnn,0.25,2,2,0.5,2.221007363126434,0.2574858491324939,dnn,2.7853274513347593e-15,0.8411887884140015,1.0447865724563599,2.6659296020490354e-15,True
dnn,0.25,2,2,0.5,6.055964668833263,0.2574858491324939,dnn,0.0,0.8411887884140015,1.0447865724563599,0.0,True
dnn,0.25,2,4,0.0,1.2166621504910964,0.2574858535407541,dnn,5.8264505941690815e-16,1.7228451998363425e-10,1.0447865724563599,5.576689773558943e-16,True
dnn,0.25,2,4,0.5,1.3450342120312204,0.2574858656479475,dnn,7.24753576922775e-15,3.2314126485744055e-08,1.0447865724563599,6.936857689689035e-15,True
dnn,0.25,2,2,0.0,0.900492287060531,0.2574909444156553,dnn,5.672979863646788e-10,0.8752461075782776,1.0447865724563599,5.429797829722534e-10,True
dnn,0.25,2,2,0.0,7.4013339421880975,0.2574909444156553,dnn,0.0,0.8752461075782776,1.0447865724563599,0.0,True
dnn,0.25,2,8,0.0,3.000820366267417,0.2574909463403886,dnn,0.0,0.01619279757142067,1.0447865724563599,0.0,True
dnn,0.25,2,8,0.0,1.643841718255735,0.2574909548464681,dnn,4.362732556809209e-15,0.01619279757142067,1.0447865724563599,4.175716526057707e-15,True
dnn,0.25,2,2,1.0,0.6028741513057392,0.2575139145341736,dnn,0.6315686106681824,0.6598412990570068,1.0447865724563599,0.6044953364813297,True
dnn,0.25,2,4,1.0,6.69493964544323,0.2575139196254036,dnn,3.552713678800501e-15,0.5370639562606812,1.0447865724563599,3.400420499708227e-15,True
dnn,0.25,2,2,0.0,0.6028741513057392,0.2575139196254036,dnn,4.806515789823607e-07,0.8752461075782776,1.0447865724563599,4.6004762279086164e-07,True
dnn,0.25,2,2,0.5,2.455349570439492,0.2575139196254036,dnn,0.0,0.8411887884140015,1.0447865724563599,0.0,True
dnn,0.25,2,2,0.5,5.477974412378556,0.2575139196254036,dnn,0.0,0.8411887884140015,1.0447865724563599,0.0,True
dnn,0.25,2,4,1.0,9.045585157672232,0.2575139196254036,dnn,3.552713678800501e-15,0.5370639562606812,1.0447865724563599,3.400420499708227e-15,True
dnn,0.25,2,2,0.5,3.667470807015676,0.2575139196254036,dnn,3.552713678800501e-15,0.8411887884140015,1.0447865724563599,3.400420499708227e-15,True
dnn,0.25,2,2,1.0,1.643841718255735,0.2575139196874919,dnn,4.110534967960433e-10,0.6598412990570068,1.0447865724563599,3.9343298203922194e-10,True
dnn,0.25,2,2,1.0,2.714417616594908,0.25751391974958,dnn,2.842171078036277e-17,0.6598412990570068,1.0447865724563599,2.7203365289756272e-17,True
dnn,0.25,2,4,0.0,0.6028741513057392,0.2575139245924574,dnn,2.282547523387024e-13,1.7228451998363425e-10,1.0447865724563599,2.1847022000106771e-13,True
dnn,0.25,2,8,0.5,2.714417616594908,0.2575207873177352,dnn,0.0,0.5583295226097107,1.0447865724563599,0.0,True
dnn,0.25,2,2,0.0,3.000820366267417,0.2575369702287277,dnn,0.0,0.8752461075782776,1.0447865724563599,0.0,True
dnn,0.25,2,2,1.0,0.6664844128899691,0.2575510029005767,dnn,0.7056965231895447,0.6598412990570068,1.0447865724563599,0.6754456286037512,True
dnn,0.25,2,2,0.5,0.9955047366910889,0.2575697901010428,dnn,8.052124371715763e-07,0.8411887884140015,1.0447865724563599,7.706956218612865e-07,True
dnn,0.25,2,8,0.5,2.0090311238977194,0.2576141943600571,dnn,8.881784197001252e-15,0.5583295226097107,1.0447865724563599,8.501051249270567e-15,True
dnn,0.25,2,2,0.5,2.714417616594908,0.2576141990787581,dnn,3.552713678800501e-15,0.8411887884140015,1.0447865724563599,3.400420499708227e-15,True
dnn,0.25,2,2,1.0,5.477974412378556,0.2576141991408463,dnn,3.552713678800501e-15,0.6598412990570068,1.0447865724563599,3.400420499708227e-15,True
dnn,0.25,2,8,1.0,7.4013339421880975,0.2576141991408463,dnn,3.552713678800501e-15,0.944232702255249,1.0447865724563599,3.400420499708227e-15,True
dnn,0.25,2,8,1.0,2.455349570439492,0.2576141994512871,dnn,5.485390025100059e-15,0.944232702255249,1.0447865724563599,5.250249352079207e-15,True
dnn,0.25,2,4,1.0,2.0090311238977194,0.2576142006309624,dnn,3.552713678800501e-15,0.5370639562606812,1.0447865724563599,3.400420499708227e-15,True
dnn,0.25,2,8,1.0,1.817286211563076,0.257614201189756,dnn,4.1762693303581955e-10,0.944232702255249,1.0447865724563599,3.9972463663459224e-10,True
dnn,0.25,2,2,0.0,3.317441949813717,0.2576204542136983,dnn,0.0,0.8752461075782776,1.0447865724563599,0.0,True
dnn,0.25,2,4,1.0,6.055964668833263,0.2576428171977186,dnn,3.552713678800501e-15,0.5370639562606812,1.0447865724563599,3.400420499708227e-15,True
dnn,0.25,2,8,0.0,6.055964668833263,0.257642817321895,dnn,0.0,0.01619279757142067,1.0447865724563599,0.0,True
dnn,0.25,2,2,0.0,1.643841718255735,0.2576428176323358,dnn,2.4598988753073148e-14,0.8752461075782776,1.0447865724563599,2.3544510813571578e-14,True
dnn,0.25,2,2,0.5,1.817286211563076,0.257642817694424,dnn,5.175593230355956e-14,0.8411887884140015,1.0447865724563599,4.953732529494331e-14,True
dnn,0.25,2,8,0.5,2.455349570439492,0.2576428183153057,dnn,3.552713678800501e-15,0.5583295226097107,1.0447865724563599,3.400420499708227e-15,True
dnn,0.25,2,8,0.0,2.221007363126434,0.2576428192466283,dnn,3.552713678800501e-15,0.01619279757142067,1.0447865724563599,3.400420499708227e-15,True
dnn,0.25,2,8,0.0,0.9955047366910889,0.2576428969810191,dnn,7.642810863350835e-12,0.01619279757142067,1.0447865724563599,7.315188637409552e-12,True
dnn,0.25,2,4,0.0,1.817286211563076,0.2576513014630003,dnn,0.0,1.7228451998363425e-10,1.0447865724563599,0.0,True
dnn,0.25,2,4,0.0,0.6664844128899691,0.2576513056849959,dnn,1.1985434888485413e-13,1.7228451998363425e-10,1.0447865724563599,1.1471658618570193e-13,True
dnn,0.25,2,4,0.5,1.4869510248216484,0.2576921478260826,dnn,4.220623721665987e-15,3.2314126485744055e-08,1.0447865724563599,4.039699430423413e-15,True
dnn,0.25,2,4,0.5,3.000820366267417,0.2576921488815815,dnn,0.0,3.2314126485744055e-08,1.0447865724563599,0.0,True
dnn,0.25,2,4,1.0,10.000000000000002,0.257692149067846,dnn,3.552713678800501e-15,0.5370639562606812,1.0447865724563599,3.400420499708227e-15,True
dnn,0.25,2,8,0.5,6.69493964544323,0.257692149067846,dnn,3.552713678800501e-15,0.5583295226097107,1.0447865724563599,3.400420499708227e-15,True
dnn,0.25,2,8,0.5,3.317441949813717,0.2576921495645514,dnn,0.0,0.5583295226097107,1.0447865724563599,0.0,True
dnn,0.25,2,8,0.5,3.667470807015676,0.2576921495645514,dnn,0.0,0.5583295226097107,1.0447865724563599,0.0,True
dnn,0.25,2,4,0.0,6.055964668833263,0.2577329689379279,dnn,0.0,1.7228451998363425e-10,1.0447865724563599,0.0,True
dnn,0.25,2,2,0.0,2.221007363126434,0.2577329690000161,dnn,3.637978979886434e-15,0.8752461075782776,1.0447865724563599,3.482030757088803e-15,True
dnn,0.25,2,4,0.5,0.900492287060531,0.2577342876286054,dnn,2.3253222806475515e-13,3.2314126485744055e-08,1.0447865724563599,2.2256433437697908e-13,True
dnn,0.25,2,2,1.0,0.9955047366910889,0.257762092700034,dnn,0.7943522930145264,0.6598412990570068,1.0447865724563599,0.760301016452531,True
dnn,0.25,2,4,1.0,0.5453349474995434,0.2578264286559891,dnn,8.78570727280703e-09,0.5370639562606812,1.0447865724563599,8.409092827591833e-09,True
dnn,0.25,2,4,0.5,1.1005421090383831,0.2578264430604449,dnn,2.3803180970337e-14,3.2314126485744055e-08,1.0447865724563599,2.2782816699466382e-14,True
dnn,0.25,2,2,1.0,4.482221685612751,0.2578264456681481,dnn,3.552713678800501e-15,0.6598412990570068,1.0447865724563599,3.400420499708227e-15,True
dnn,0.25,2,4,0.5,6.055964668833263,0.2578264456681481,dnn,0.0,3.2314126485744055e-08,1.0447865724563599,0.0,True
dnn,0.25,2,4,1.0,4.482221685612751,0.2578264456681481,dnn,3.552713678800501e-15,0.5370639562606812,1.0447865724563599,3.400420499708227e-15,True
dnn,0.25,2,8,0.5,7.4013339421880975,0.2578264456681481,dnn,3.552713678800501e-15,0.5583295226097107,1.0447865724563599,3.400420499708227e-15,True
dnn,0.25,2,4,1.0,5.477974412378556,0.2578264456681481,dnn,3.552713678800501e-15,0.5370639562606812,1.0447865724563599,3.400420499708227e-15,True
dnn,0.25,2,2,0.0,10.000000000000002,0.2578264456681481,dnn,0.0,0.8752461075782776,1.0447865724563599,0.0,True
dnn,0.25,2,2,0.0,4.054431795277528,0.2578264456681481,dnn,0.0,0.8752461075782776,1.0447865724563599,0.0,True
dnn,0.25,2,4,1.0,2.455349570439492,0.2578264457302363,dnn,3.552713678800501e-15,0.5370639562606812,1.0447865724563599,3.400420499708227e-15,True
dnn,0.25,2,2,1.0,1.817286211563076,0.2578264459165008,dnn,5.684952942425214e-12,0.6598412990570068,1.0447865724563599,5.441257661896944e-12,True
dnn,0.25,2,8,1.0,2.714417616594908,0.2578264459785889,dnn,2.1316281596346973e-16,0.944232702255249,1.0447865724563599,2.0402522542217435e-16,True
dnn,0.25,2,4,1.0,1.3450342120312204,0.2578264473445287,dnn,4.905586909451955e-14,0.5370639562606812,1.0447865724563599,4.695300493687057e-14,True
dnn,0.25,2,4,0.0,0.8145479666433055,0.2578264481516749,dnn,2.7199576412787613e-14,1.7228451998363425e-10,1.0447865724563599,2.603361981274288e-14,True
dnn,0.25,2,2,1.0,0.4932873707061831,0.2578469957912262,dnn,0.8067605495452881,0.6598412990570068,1.0447865724563599,0.7721773717368348,True
dnn,0.25,2,2,0.5,10.000000000000002,0.2578685039582259,dnn,0.0,0.8411887884140015,1.0447865724563599,0.0,True
dnn,0.25,2,2,1.0,0.8145479666433055,0.2578819060379949,dnn,0.544569194316864,0.6598412990570068,1.0447865724563599,0.5212252996672297,True
dnn,0.25,2,2,0.5,3.317441949813717,0.2578819747696009,dnn,3.552713678800501e-15,0.8411887884140015,1.0447865724563599,3.400420499708227e-15,True
dnn,0.25,2,2,0.5,3.000820366267417,0.2578819747696009,dnn,3.552713678800501e-15,0.8411887884140015,1.0447865724563599,3.400420499708227e-15,True
dnn,0.25,2,2,1.0,6.69493964544323,0.2578819747696009,dnn,3.552713678800501e-15,0.6598412990570068,1.0447865724563599,3.400420499708227e-15,True
dnn,0.25,2,2,1.0,8.182261084470007,0.2578819747696009,dnn,3.552713678800501e-15,0.6598412990570068,1.0447865724563599,3.400420499708227e-15,True
dnn,0.25,2,2,1.0,2.221007363126434,0.2578819747696009,dnn,9.436007171752161e-15,0.6598412990570068,1.0447865724563599,9.03151650347832e-15,True
dnn,0.25,2,4,0.5,4.955148403871969,0.2578819747696009,dnn,0.0,3.2314126485744055e-08,1.0447865724563599,0.0,True
dnn,0.25,2,2,1.0,2.455349570439492,0.2578819748937773,dnn,1.1709744298878978e-14,0.6598412990570068,1.0447865724563599,1.120778598000989e-14,True
dnn,0.25,2,4,0.5,1.817286211563076,0.2578819770047751,dnn,3.552713678800501e-15,3.2314126485744055e-08,1.0447865724563599,3.400420499708227e-15,True
dnn,0.25,2,8,0.0,4.054431795277528,0.2579229471003538,dnn,3.552713678800501e-15,0.01619279757142067,1.0447865724563599,3.400420499708227e-15,True
dnn,0.25,2,8,1.0,9.045585157672232,0.2579229471624419,dnn,3.552713678800501e-15,0.944232702255249,1.0447865724563599,3.400420499708227e-15,True
dnn,0.25,2,2,0.0,1.1005421090383831,0.2579229471624419,dnn,2.3185705091965936e-11,0.8752461075782776,1.0447865724563599,2.219180998608631e-11,True
dnn,0.25,2,8,0.5,8.182261084470007,0.2579229471624419,dnn,3.552713678800501e-15,0.5583295226097107,1.0447865724563599,3.400420499708227e-15,True
dnn,0.25,2,4,1.0,2.221007363126434,0.2579899759160549,dnn,3.552713678800501e-15,0.5370639562606812,1.0447865724563599,3.400420499708227e-15,True
dnn,0.25,2,4,0.5,1.643841718255735,0.2579913687574056,dnn,6.536993287577534e-15,3.2314126485744055e-08,1.0447865724563599,6.256773832964417e-15,True
dnn,0.25,2,2,1.0,0.4036206056789731,0.2579962063862416,dnn,0.5833976864814758,0.6598412990570068,1.0447865724563599,0.5583893417675446,True
dnn,0.25,2,4,1.0,1.643841718255735,0.2579962106703254,dnn,1.8474110452136247e-15,0.5370639562606812,1.0447865724563599,1.7682185949904041e-15,True
dnn,0.25,2,2,1.0,9.045585157672232,0.2580333389900014,dnn,3.552713678800501e-15,0.6598412990570068,1.0447865724563599,3.400420499708227e-15,True
dnn,0.25,2,2,0.0,4.482221685612751,0.2580555937224163,dnn,0.0,0.8752461075782776,1.0447865724563599,0.0,True
dnn,0.25,2,2,0.0,0.2211023350218148,0.2580555937224163,dnn,0.5775001645088196,0.8752461075782776,1.0447865724563599,0.5527446272123118,True
dnn,0.25,2,8,0.0,1.817286211563076,0.2581551923031282,dnn,7.10542746348012e-16,0.01619279757142067,1.0447865724563599,6.800841100756882e-16,True
dnn,0.25,2,2,1.0,0.3302529174737275,0.2581551955317132,dnn,0.8792607188224792,0.6598412990570068,1.0447865724563599,0.8415696966273994,True
dnn,0.25,2,2,1.0,0.7368062997280775,0.2581551956558895,dnn,0.5993584990501404,0.6598412990570068,1.0447865724563599,0.573665966668207,True
dnn,0.25,2,8,1.0,4.482221685612751,0.2581551961525948,dnn,3.552713678800501e-15,0.944232702255249,1.0447865724563599,3.400420499708227e-15,True
dnn,0.25,2,4,1.0,1.817286211563076,0.2581551961525948,dnn,3.5100810282575343e-15,0.5370639562606812,1.0447865724563599,3.359615371017939e-15,True
dnn,0.25,2,4,1.0,3.000820366267417,0.258155196214683,dnn,3.552713678800501e-15,0.5370639562606812,1.0447865724563599,3.400420499708227e-15,True
dnn,0.25,2,8,0.5,4.482221685612751,0.2581551963388594,dnn,1.4210854715202004e-14,0.5583295226097107,1.0447865724563599,1.3601681998832907e-14,True
dnn,0.25,2,4,0.5,2.221007363126434,0.2581718722904396,dnn,3.552713678800501e-15,3.2314126485744055e-08,1.0447865724563599,3.400420499708227e-15,True
dnn,0.25,2,2,1.0,0.900492287060531,0.2581718724146159,dnn,0.8051113486289978,0.6598412990570068,1.0447865724563599,0.7705988666528607,True
dnn,0.25,2,4,1.0,2.714417616594908,0.2581718727250568,dnn,3.552713678800501e-15,0.5370639562606812,1.0447865724563599,3.400420499708227e-15,True
dnn,0.25,2,2,1.0,3.667470807015676,0.2581718727250568,dnn,3.552713678800501e-15,0.6598412990570068,1.0447865724563599,3.400420499708227e-15,True
dnn,0.25,2,2,1.0,3.317441949813717,0.2581718727250568,dnn,0.0,0.6598412990570068,1.0447865724563599,0.0,True
dnn,0.25,2,2,1.0,7.4013339421880975,0.2581718727250568,dnn,3.552713678800501e-15,0.6598412990570068,1.0447865724563599,3.400420499708227e-15,True
dnn,0.25,2,4,0.0,2.221007363126434,0.2582125076017948,dnn,0.0,1.7228451998363425e-10,1.0447865724563599,0.0,True
dnn,0.25,2,8,1.0,3.000820366267417,0.2582125076017948,dnn,3.552713678800501e-15,0.944232702255249,1.0447865724563599,3.400420499708227e-15,True
dnn,0.25,2,4,1.0,1.1005421090383831,0.258346329871336,dnn,9.70857183708873e-13,0.5370639562606812,1.0447865724563599,9.29239721588617e-13,True
dnn,0.25,2,8,1.0,3.317441949813717,0.2583463354592714,dnn,3.552713678800501e-15,0.944232702255249,1.0447865724563599,3.400420499708227e-15,True
dnn,0.25,2,8,0.5,4.955148403871969,0.2583463354592714,dnn,3.552713678800501e-15,0.5583295226097107,1.0447865724563599,3.400420499708227e-15,True
dnn,0.25,2,4,1.0,4.955148403871969,0.2583463354592714,dnn,3.552713678800501e-15,0.5370639562606812,1.0447865724563599,3.400420499708227e-15,True
dnn,0.25,2,8,1.0,5.477974412378556,0.2583463354592714,dnn,3.552713678800501e-15,0.944232702255249,1.0447865724563599,3.400420499708227e-15,True
dnn,0.25,2,2,0.5,6.69493964544323,0.2583463354592714,dnn,0.0,0.8411887884140015,1.0447865724563599,0.0,True
dnn,0.25,2,4,1.0,7.4013339421880975,0.2583463354592714,dnn,3.552713678800501e-15,0.5370639562606812,1.0447865724563599,3.400420499708227e-15,True
dnn,0.25,2,2,1.0,1.4869510248216484,0.2583463355213596,dnn,4.0966179426504823e-07,0.6598412990570068,1.0447865724563599,3.921009372296078e-07,True
dnn,0.25,2,8,0.5,1.643841718255735,0.2583463355834478,dnn,1.218268107922027e-12,0.5583295226097107,1.0447865724563599,1.1660449512265467e-12,True
dnn,0.25,2,8,0.5,2.221007363126434,0.2583463364526822,dnn,2.600586389165044e-15,0.5583295226097107,1.0447865724563599,2.489107783086166e-15,True
dnn,0.25,2,4,1.0,1.2166621504910964,0.2583463369493876,dnn,2.2646417889831544e-13,0.5370639562606812,1.0447865724563599,2.1675640256926705e-13,True
dnn,0.25,2,4,0.5,2.0090311238977194,0.258346337818622,dnn,3.552713678800501e-15,3.2314126485744055e-08,1.0447865724563599,3.400420499708227e-15,True
dnn,0.25,2,8,0.0,1.4869510248216484,0.2583463394950026,dnn,2.2325252472979278e-14,0.01619279757142067,1.0447865724563599,2.136824214776343e-14,True
dnn,0.25,2,2,0.5,0.900492287060531,0.258346358121454,dnn,7.282230217242613e-05,0.8411887884140015,1.0447865724563599,6.97006490054866e-05,True
dnn,0.25,1,8,0.5,6.69493964544323,0.2634432037826458,dnn,0.5994625687599182,0.9108823537826538,1.0447865724563599,0.5737655752509754,True
dnn,0.25,1,8,0.5,5.477974412378556,0.2673933470413209,dnn,0.4482789635658264,0.9108823537826538,1.0447865724563599,0.4290627151839193,True
dnn,0.25,1,8,0.5,8.182261084470007,0.2676471167923263,dnn,0.39394068717956543,0.9108823537826538,1.0447865724563599,0.37705374242452766,True
dnn,0.25,1,2,0.0,4.955148403871969,0.2681884465911361,dnn,0.4066532552242279,0.9726513028144836,1.0447865724563599,0.38922136438656574,True
dnn,0.25,1,2,1.0,7.4013339421880975,0.2684606644392254,dnn,0.4754209518432617,0.8857753872871399,1.0447865724563599,0.45504121547572796,True
dnn,0.25,1,8,1.0,10.000000000000002,0.2684748616207805,dnn,0.4281696677207947,0.9048431515693665,1.0447865724563599,0.4098154388739324,True
dnn,0.25,1,8,0.0,7.4013339421880975,0.2686429489634643,dnn,0.5939620733261108,0.7383495569229126,1.0447865724563599,0.5685008680095,True
dnn,0.25,1,2,0.5,10.000000000000002,0.2686514178689002,dnn,0.3881644308567047,1.0447865724563599,1.0447865724563599,0.3715250952585516,True
dnn,0.25,1,8,0.5,7.4013339421880975,0.2689612307428108,dnn,0.409996896982193,0.9108823537826538,1.0447865724563599,0.39242167519272775,True
dnn,0.25,1,4,1.0,10.000000000000002,0.2691629310681919,dnn,0.3989652991294861,0.8818209767341614,1.0447865724563599,0.38186296574571515,True
dnn,0.25,1,4,0.5,6.055964668833263,0.2695355907877337,dnn,0.4430997371673584,1.005303144454956,1.0447865724563599,0.4241055052283096,True
dnn,0.25,1,4,0.5,9.045585157672232,0.2703195106381162,dnn,0.49720796942710876,1.005303144454956,1.0447865724563599,0.47589429509812814,True
dnn,0.25,1,4,0.5,7.4013339421880975,0.2706239485982573,dnn,0.4385218918323517,1.005303144454956,1.0447865724563599,0.4197238971030789,True
dnn,0.25,1,2,1.0,10.000000000000002,0.2707400300039138,dnn,0.4235518276691437,0.8857753872871399,1.0447865724563599,0.4053955504743388,True
dnn,0.25,1,4,0.5,8.182261084470007,0.2707672243425737,dnn,0.5670391917228699,1.005303144454956,1.0447865724563599,0.5427320820076436,True
dnn,0.25,1,2,0.5,6.69493964544323,0.2710986545278721,dnn,0.712418258190155,1.0447865724563599,1.0447865724563599,0.6818792248786413,True
dnn,0.25,1,2,1.0,9.045585157672232,0.2721125563222545,dnn,0.4397684633731842,0.8857753872871399,1.0447865724563599,0.42091703221190957,True
dnn,0.25,1,8,1.0,9.045585157672232,0.2722165774618211,dnn,0.35617533326148987,0.9048431515693665,1.0447865724563599,0.34090726532223603,True
dnn,0.25,1,8,0.5,6.055964668833263,0.2723922892041729,dnn,0.6301392316818237,0.9108823537826538,1.0447865724563599,0.6031272302823784,True
dnn,0.25,1,8,0.0,10.000000000000002,0.2728649943815385,dnn,0.5877010822296143,0.7383495569229126,1.0447865724563599,0.5625082650592375,True
dnn,0.25,1,4,0.0,7.4013339421880975,0.273389425497955,dnn,0.4909369647502899,0.9400436878204346,1.0447865724563599,0.4698921078168777,True
dnn,0.25,1,8,0.5,2.455349570439492,0.2738384821558657,dnn,0.9247036576271057,0.9108823537826538,1.0447865724563599,0.8850646457420184,True
dnn,0.25,1,4,0.0,9.045585157672232,0.273946738258125,dnn,0.6069124937057495,0.9400436878204346,1.0447865724563599,0.5808961463572981,True
dnn,0.25,1,4,0.5,4.054431795277528,0.2739654964617815,dnn,0.7430979013442993,1.005303144454956,1.0447865724563599,0.7112437323895049,True
dnn,0.25,1,8,0.5,10.000000000000002,0.273965651148476,dnn,0.34485796093940735,0.9108823537826538,1.0447865724563599,0.33007503161973484,True
dnn,0.25,1,8,0.0,9.045585157672232,0.2739860147397553,dnn,0.4229227900505066,0.7383495569229126,1.0447865724563599,0.4047934776345643,True
dnn,0.25,1,8,1.0,8.182261084470007,0.2739968055812665,dnn,0.5047571659088135,0.9048431515693665,1.0447865724563599,0.4831198822952875,True
dnn,0.25,1,2,1.0,8.182261084470007,0.2742207011592411,dnn,0.5020485520362854,0.8857753872871399,1.0447865724563599,0.48052737781261606,True
dnn,0.25,1,4,1.0,8.182261084470007,0.274628098144663,dnn,0.3998466730117798,0.8818209767341614,1.0447865724563599,0.38270655802142894,True
dnn,0.25,1,4,1.0,4.482221685612751,0.274669134341076,dnn,0.7852445244789124,0.8818209767341614,1.0447865724563599,0.751583668071798,True
dnn,0.25,1,8,0.5,9.045585157672232,0.2747053188125433,dnn,0.42675432562828064,0.9108823537826538,1.0447865724563599,0.4084607678532411,True
dnn,0.25,1,4,0.5,10.000000000000002,0.2750265579000923,dnn,0.3775355815887451,1.005303144454956,1.0447865724563599,0.3613518698858609,True
dnn,0.25,1,4,0.5,6.69493964544323,0.2750868389767628,dnn,0.4213443100452423,1.005303144454956,1.0447865724563599,0.40328266188819306,True
dnn,0.25,1,2,0.5,6.055964668833263,0.2751987135399122,dnn,0.7206614017486572,1.0447865724563599,1.0447865724563599,0.6897690119182297,True
dnn,0.25,1,2,0.5,4.482221685612751,0.275688503732324,dnn,0.5593712329864502,1.0447865724563599,1.0447865724563599,0.5353928235039743,True
dnn,0.25,1,4,0.5,2.714417616594908,0.275904136561752,dnn,0.8870015740394592,1.005303144454956,1.0447865724563599,0.8489787267786778,True
dnn,0.25,1,8,0.5,3.000820366267417,0.2760083628353865,dnn,0.5870768427848816,0.9108823537826538,1.0447865724563599,0.5619107847113947,True
dnn,0.25,1,4,1.0,9.045585157672232,0.2760650897592799,dnn,0.502837598323822,0.8818209767341614,1.0447865724563599,0.4812826002746367,True
dnn,0.25,1,4,1.0,7.4013339421880975,0.2763721312879248,dnn,0.4429827928543091,0.8818209767341614,1.0447865724563599,0.4239935739342709,True
dnn,0.25,1,8,1.0,7.4013339421880975,0.2764659675317925,dnn,0.46253830194473267,0.9048431515693665,1.0447865724563599,0.44271080251086653,True
dnn,0.25,1,4,1.0,4.955148403871969,0.2764700925549826,dnn,0.44407689571380615,0.8818209767341614,1.0447865724563599,0.425040776193891,True
dnn,0.25,1,4,1.0,6.69493964544323,0.2765193443382002,dnn,0.47703540325164795,0.8818209767341614,1.0447865724563599,0.4565864606491901,True
dnn,0.25,1,8,1.0,4.054431795277528,0.2768319708747785,dnn,0.46946847438812256,0.9048431515693665,1.0447865724563599,0.4493439011992394,True
dnn,0.25,1,2,0.5,8.182261084470007,0.2768371896968896,dnn,0.5407883524894714,1.0447865724563599,1.0447865724563599,0.5176065301241798,True
dnn,0.25,1,8,1.0,6.055964668833263,0.2773561005687257,dnn,0.5339856743812561,0.9048431515693665,1.0447865724563599,0.5110954605071366,True
dnn,0.25,1,8,0.5,3.317441949813717,0.2774345733826989,dnn,0.7992359399795532,0.9108823537826538,1.0447865724563599,0.7649753174952264,True
dnn,0.25,1,2,0.5,9.045585157672232,0.277562540802835,dnn,0.5107851624488831,1.0447865724563599,1.0447865724563599,0.48888947840131075,True
dnn,0.25,1,2,1.0,6.69493964544323,0.2776644208305796,dnn,0.45096099376678467,0.8857753872871399,1.0447865724563599,0.43162977554980114,True
dnn,0.25,1,2,0.5,4.955148403871969,0.2778788605326338,dnn,0.5703564882278442,1.0447865724563599,1.0447865724563599,0.5459071768953727,True
dnn,0.25,1,4,0.5,5.477974412378556,0.2782213977873906,dnn,0.6088570356369019,1.005303144454956,1.0447865724563599,0.5827573321558298,True
dnn,0.25,1,8,1.0,3.667470807015676,0.2783438416687394,dnn,0.7567487955093384,0.9048431515693665,1.0447865724563599,0.7243094575097512,True
dnn,0.25,1,2,1.0,4.054431795277528,0.278424791198071,dnn,0.4962185025215149,0.8857753872871399,1.0447865724563599,0.47494724339237393,True
dnn,0.25,1,4,1.0,2.714417616594908,0.2785395557905812,dnn,0.6000638008117676,0.8818209767341614,1.0447865724563599,0.5743410344573814,True
dnn,0.25,1,8,0.5,4.955148403871969,0.2785881392547145,dnn,0.6768112778663635,0.9108823537826538,1.0447865724563599,0.6477985989761881,True
dnn,0.25,1,8,1.0,6.69493964544323,0.2786159642329286,dnn,0.4875474274158478,0.9048431515693665,1.0447865724563599,0.46664786882702053,True
dnn,0.25,1,2,0.0,7.4013339421880975,0.2786522369449162,dnn,0.6588324308395386,0.9726513028144836,1.0447865724563599,0.6305904461334926,True
dnn,0.25,1,8,1.0,4.482221685612751,0.2787059361680267,dnn,0.7177935242652893,0.9048431515693665,1.0447865724563599,0.6870240709331773,True
dnn,0.25,1,2,0.5,3.000820366267417,0.2787344545916602,dnn,0.6410584449768066,1.0447865724563599,1.0447865724563599,0.6135783727289271,True
dnn,0.25,1,4,0.5,2.455349570439492,0.2788684723397798,dnn,0.6399961113929749,1.005303144454956,1.0447865724563599,0.6125615779003584,True
dnn,0.25,1,2,1.0,6.055964668833263,0.2793968463696273,dnn,0.4925154447555542,0.8857753872871399,1.0447865724563599,0.47140292356324887,True
dnn,0.25,1,2,1.0,5.477974412378556,0.2795146800319571,dnn,0.5588778257369995,0.8857753872871399,1.0447865724563599,0.5349205670044573,True
dnn,0.25,1,2,1.0,4.955148403871969,0.2795812375609577,dnn,0.6245084404945374,0.8857753872871399,1.0447865724563599,0.59773781263888,True
dnn,0.25,1,2,0.5,7.4013339421880975,0.2796809979895087,dnn,0.5575941205024719,1.0447865724563599,1.0447865724563599,0.533691890001546,True
dnn,0.25,1,2,0.0,10.000000000000002,0.2800945883413109,dnn,0.49882107973098755,0.9726513028144836,1.0447865724563599,0.47743825665583295,True
dnn,0.25,1,4,0.5,4.482221685612751,0.2801264150922825,dnn,0.6058643460273743,1.005303144454956,1.0447865724563599,0.5798929293309624,True
dnn,0.25,1,2,1.0,3.317441949813717,0.2802841588920427,dnn,0.7111833691596985,0.8857753872871399,1.0447865724563599,0.6806972714892966,True
dnn,0.25,1,2,0.5,5.477974412378556,0.280815028143568,dnn,0.7429995536804199,1.0447865724563599,1.0447865724563599,0.7111496005673011,True
dnn,0.25,1,2,1.0,3.667470807015676,0.2808970698150606,dnn,0.6379096508026123,0.8857753872871399,1.0447865724563599,0.6105645570299071,True
dnn,0.25,1,4,1.0,5.477974412378556,0.2811480264736688,dnn,0.6480512619018555,0.8818209767341614,1.0447865724563599,0.6202714305355644,True
dnn,0.25,1,4,1.0,3.667470807015676,0.2813918969275222,dnn,0.7057376503944397,0.8818209767341614,1.0447865724563599,0.6754849928203092,True
dnn,0.25,1,4,1.0,4.054431795277528,0.2819652670785422,dnn,0.7389005422592163,0.8818209767341614,1.0447865724563599,0.7072263003170246,True
dnn,0.25,1,8,1.0,4.955148403871969,0.2820412187832805,dnn,0.6324654221534729,0.9048431515693665,1.0447865724563599,0.6053537046006501,True
dnn,0.25,1,4,1.0,6.055964668833263,0.2821041626250934,dnn,0.46069180965423584,0.8818209767341614,1.0447865724563599,0.4409434632865926,True
dnn,0.25,1,4,0.0,8.182261084470007,0.2824953423808484,dnn,0.5430672764778137,0.9400436878204346,1.0447865724563599,0.5197877641182045,True
dnn,0.25,1,2,1.0,4.482221685612751,0.2826778672430621,dnn,0.5422443747520447,0.8857753872871399,1.0447865724563599,0.51900013748951,True
dnn,0.25,1,2,0.0,5.477974412378556,0.2828666664642967,dnn,0.518485426902771,0.9726513028144836,1.0447865724563599,0.49625965778233416,True
dnn,0.25,1,8,1.0,3.317441949813717,0.2828862657368622,dnn,0.5694624781608582,0.9048431515693665,1.0447865724563599,0.5450514901067455,True
dnn,0.25,1,2,0.5,3.317441949813717,0.2830311041697117,dnn,0.45695942640304565,1.0447865724563599,1.0447865724563599,0.437371075059574,True
dnn,0.25,1,4,0.0,10.000000000000002,0.283320763901757,dnn,0.5527762174606323,0.9400436878204346,1.0447865724563599,0.5290805146557542,True
dnn,0.25,1,8,1.0,3.000820366267417,0.2834563406581589,dnn,0.7294337153434753,0.9048431515693665,1.0447865724563599,0.6981652852108639,True
dnn,0.25,1,8,1.0,5.477974412378556,0.2836700395604463,dnn,0.5964926481246948,0.9048431515693665,1.0447865724563599,0.5709229653691879,True
dnn,0.25,1,8,0.5,4.482221685612751,0.2836723168273481,dnn,0.47449421882629395,0.9108823537826538,1.0447865724563599,0.45415420846262194,True
dnn,0.25,1,2,1.0,2.455349570439492,0.2838462260447973,dnn,0.8082927465438843,0.8857753872871399,1.0447865724563599,0.773643888477181,True
dnn,0.25,1,8,0.5,4.054431795277528,0.2839261472131545,dnn,0.7321877479553223,0.9108823537826538,1.0447865724563599,0.7008012614805167,True
dnn,0.25,1,2,1.0,2.714417616594908,0.2842231928632194,dnn,0.7344598174095154,0.8857753872871399,1.0447865724563599,0.7029759347717817,True
dnn,0.25,1,4,1.0,2.455349570439492,0.2843425853225067,dnn,0.6725999712944031,0.8818209767341614,1.0447865724563599,0.6437678172998316,True
dnn,0.25,1,2,0.5,3.667470807015676,0.2845382438459912,dnn,0.8505417108535767,1.0447865724563599,1.0447865724563599,0.8140817783041553,True
dnn,0.25,1,2,0.0,6.69493964544323,0.2846371483858559,dnn,0.6771941781044006,0.9726513028144836,1.0447865724563599,0.6481650855373016,True
dnn,0.25,1,4,1.0,3.317441949813717,0.2851428705796132,dnn,0.4806061387062073,0.8818209767341614,1.0447865724563599,0.4600041303902591,True
dnn,0.25,1,2,1.0,3.000820366267417,0.2852035923235547,dnn,0.6317545771598816,0.8857753872871399,1.0447865724563599,0.6046733311996787,True
dnn,0.25,1,8,1.0,2.714417616594908,0.2853171634091663,dnn,0.670124888420105,0.9048431515693665,1.0447865724563599,0.6413988331077022,True
dnn,0.25,1,2,0.0,3.000820366267417,0.2853857380566014,dnn,0.6936029195785522,0.9726513028144836,1.0447865724563599,0.6638704381009105,True
dnn,0.25,1,8,0.5,1.1005421090383831,0.2858649586273968,dnn,0.5564203262329102,0.9108823537826538,1.0447865724563599,0.5325684124411462,True
dnn,0.25,1,4,0.0,6.69493964544323,0.2859443982504668,dnn,0.5354700088500977,0.9400436878204346,1.0447865724563599,0.5125161664273437,True
dnn,0.25,1,8,0.5,3.667470807015676,0.2862156703834845,dnn,0.8730063438415527,0.9108823537826538,1.0447865724563599,0.8355834261815398,True
dnn,0.25,1,2,1.0,2.221007363126434,0.2864245793294981,dnn,0.7699447274208069,0.8857753872871399,1.0447865724563599,0.7369397231155237,True
dnn,0.25,1,4,1.0,3.000820366267417,0.2864410126854312,dnn,0.7137592434883118,0.8818209767341614,1.0447865724563599,0.6831627265367876,True
dnn,0.25,1,4,0.5,2.0090311238977194,0.286534557117958,dnn,0.6490734219551086,1.005303144454956,1.0447865724563599,0.6212497739410028,True
dnn,0.25,1,8,0.5,2.714417616594908,0.2866334311285622,dnn,0.576551616191864,0.9108823537826538,1.0447865724563599,0.5518367400495533,True
dnn,0.25,1,4,1.0,2.0090311238977194,0.2866659074898181,dnn,0.5596787333488464,0.8818209767341614,1.0447865724563599,0.5356871423347316,True
dnn,0.25,1,4,0.5,4.955148403871969,0.2867886206446938,dnn,0.6118541359901428,1.005303144454956,1.0447865724563599,0.5856259566502992,True
dnn,0.25,1,8,1.0,2.455349570439492,0.2870328880612653,dnn,0.7847570776939392,0.9048431515693665,1.0447865724563599,0.7511171165312024,True
dnn,0.25,1,4,0.5,3.667470807015676,0.2870372543960282,dnn,0.6693139672279358,1.005303144454956,1.0447865724563599,0.6406226734464399,True
dnn,0.25,1,2,0.0,2.0090311238977194,0.2870700074441805,dnn,0.5805647373199463,0.9726513028144836,1.0447865724563599,0.5556778318417718,True
dnn,0.25,1,2,0.0,9.045585157672232,0.2873260086093496,dnn,0.48428863286972046,0.9726513028144836,1.0447865724563599,0.4635287681111052,True
dnn,0.25,2,8,1.0,1.4869510248216484,0.2876269722536416,dnn,0.679135799407959,0.944232702255249,1.0447865724563599,0.6500234759059618,True
dnn,0.25,1,2,1.0,2.0090311238977194,0.2876720895486512,dnn,0.5483682751655579,0.8857753872871399,1.0447865724563599,0.5248615263845793,True
dnn,0.25,1,2,0.5,1.817286211563076,0.2880065728039626,dnn,0.8687650561332703,1.0447865724563599,1.0447865724563599,0.8315239485618083,True
dnn,0.25,1,2,1.0,1.4869510248216484,0.2880078004003185,dnn,0.8801783919334412,0.8857753872871399,1.0447865724563599,0.8424480321029448,True
dnn,0.25,1,2,0.5,4.054431795277528,0.2880407397049013,dnn,0.8181761503219604,1.0447865724563599,1.0447865724563599,0.7831036231623614,True
dnn,0.25,1,2,1.0,1.817286211563076,0.2882836101322921,dnn,0.7526649832725525,0.8857753872871399,1.0447865724563599,0.7204007049047243,True
dnn,0.25,1,8,1.0,1.643841718255735,0.288420808416655,dnn,0.8215712308883667,0.9048431515693665,1.0447865724563599,0.7863531677640155,True
dnn,0.25,1,8,1.0,2.0090311238977194,0.2884667725958188,dnn,0.8301196098327637,0.9048431515693665,1.0447865724563599,0.794535105749971,True
dnn,0.25,1,4,1.0,2.221007363126434,0.288494934634122,dnn,0.7576321959495544,0.8818209767341614,1.0447865724563599,0.7251549894714983,True
dnn,0.25,1,2,0.0,8.182261084470007,0.2887125022151384,dnn,0.507057785987854,0.9726513028144836,1.0447865724563599,0.48532188233978624,True
dnn,0.25,1,2,0.0,6.055964668833263,0.2890226849589598,dnn,0.5754910707473755,0.9726513028144836,1.0447865724563599,0.5508216567086609,True
dnn,0.25,1,4,0.5,3.000820366267417,0.289031824016547,dnn,0.6381171941757202,1.005303144454956,1.0447865724563599,0.6107632036995517,True
dnn,0.25,1,8,0.0,8.182261084470007,0.2891319894674158,dnn,0.6590865254402161,0.7383495569229126,1.0447865724563599,0.6308336485323137,True
dnn,0.25,1,8,1.0,2.221007363126434,0.2892928716600677,dnn,0.5661301016807556,0.9048431515693665,1.0447865724563599,0.541861961672945,True
dnn,0.25,1,4,0.0,4.054431795277528,0.2894142841888362,dnn,0.5133103132247925,0.9400436878204346,1.0447865724563599,0.49130638424838025,True
dnn,0.25,1,2,0.0,4.482221685612751,0.2896660532803767,dnn,0.6171239614486694,0.9726513028144836,1.0447865724563599,0.5906698819815148,True
dnn,0.25,1,2,0.5,2.0090311238977194,0.2897677187518764,dnn,0.8604834079742432,1.0447865724563599,1.0447865724563599,0.8235973074875874,True
dnn,0.25,1,2,0.5,1.2166621504910964,0.2898079679634825,dnn,0.8142489194869995,1.0447865724563599,1.0447865724563599,0.7793447398282008,True
dnn,0.25,1,8,1.0,1.817286211563076,0.2900323023911086,dnn,0.6997197270393372,0.9048431515693665,1.0447865724563599,0.6697250380948632,True
dnn,0.25,1,4,1.0,1.817286211563076,0.2901981963484322,dnn,0.8492636680603027,0.8818209767341614,1.0447865724563599,0.8128585210122194,True
dnn,0.25,1,4,0.5,3.317441949813717,0.2904935671277269,dnn,0.5637943744659424,1.005303144454956,1.0447865724563599,0.539626359420399,True
dnn,0.25,2,8,1.0,1.643841718255735,0.291036945353413,dnn,1.3780951121589169e-05,0.944232702255249,1.0447865724563599,1.3190206961780983e-05,True
dnn,0.25,1,8,0.5,1.3450342120312204,0.2911407461528374,dnn,0.4577208459377289,0.9108823537826538,1.0447865724563599,0.4380998550369938,True
dnn,0.25,1,4,0.5,1.643841718255735,0.2912878239013557,dnn,0.6340365409851074,1.005303144454956,1.0447865724563599,0.6068574747227533,True
dnn,0.25,1,8,0.0,6.055964668833263,0.291429610606652,dnn,0.7021384239196777,0.7383495569229126,1.0447865724563599,0.6720400533755957,True
dnn,0.25,2,8,1.0,0.9955047366910889,0.2920916216423832,dnn,0.8073099851608276,0.944232702255249,1.0447865724563599,0.7727032548502134,True
dnn,0.25,1,4,1.0,1.643841718255735,0.2921813915341621,dnn,0.7993552684783936,0.8818209767341614,1.0447865724563599,0.7650895307728337,True
dnn,0.25,1,2,1.0,1.3450342120312204,0.2925471540311188,dnn,0.7160898447036743,0.8857753872871399,1.0447865724563599,0.6853934225246611,True
dnn,0.25,1,8,1.0,1.3450342120312204,0.2927576995239956,dnn,0.8177382946014404,0.9048431515693665,1.0447865724563599,0.7826845368799922,True
dnn,0.25,2,8,1.0,1.2166621504910964,0.2930985919912253,dnn,0.7280703783035278,0.944232702255249,1.0447865724563599,0.6968603899567621,True
dnn,0.25,1,2,0.0,4.054431795277528,0.293402451916591,dnn,0.6662141680717468,0.9726513028144836,1.0447865724563599,0.637655752509754,True
dnn,0.25,1,8,0.0,6.69493964544323,0.2934293878637167,dnn,0.5361602306365967,0.7383495569229126,1.0447865724563599,0.5131768006704468,True
dnn,0.25,1,2,0.0,1.3450342120312204,0.2940098600513206,dnn,1.015547275543213,0.9726513028144836,1.0447865724563599,0.9720140958125031,True
dnn,0.25,1,8,1.0,1.1005421090383831,0.2943219551803076,dnn,0.8168472647666931,0.9048431515693665,1.0447865724563599,0.7818317025708257,True
dnn,0.25,1,2,0.5,2.714417616594908,0.2943452378004539,dnn,0.9183195233345032,1.0447865724563599,1.0447865724563599,0.8789541783404389,True
dnn,0.25,1,2,1.0,1.643841718255735,0.294360518640873,dnn,0.7576848268508911,0.8857753872871399,1.0447865724563599,0.7252053642587747,True
dnn,0.25,1,2,0.5,1.643841718255735,0.2944340271495007,dnn,0.6204614639282227,1.0447865724563599,1.0447865724563599,0.5938643166799877,True
dnn,0.25,2,4,1.0,0.7368062997280775,0.2945364138823551,dnn,1.920817671585695e-10,0.5370639562606812,1.0447865724563599,1.8384785201342415e-10,True
dnn,0.25,1,8,1.0,1.2166621504910964,0.2949160494069996,dnn,0.8642268180847168,0.9048431515693665,1.0447865724563599,0.8271802498886107,True
dnn,0.25,2,8,1.0,1.3450342120312204,0.2950328095487112,dnn,0.7550108432769775,0.944232702255249,1.0447865724563599,0.7226460055874367,True
dnn,0.25,2,8,1.0,1.1005421090383831,0.2951332630960604,dnn,0.7950201630592346,0.944232702255249,1.0447865724563599,0.7609402570996787,True
dnn,0.25,1,8,1.0,1.4869510248216484,0.295182302349896,dnn,0.7836010456085205,0.9048431515693665,1.0447865724563599,0.7500106397483884,True
dnn,0.25,2,4,1.0,0.6028741513057392,0.2953248147197501,dnn,2.4102382312207737e-09,0.5370639562606812,1.0447865724563599,2.3069192261479297e-09,True
dnn,0.25,1,2,0.0,0.7368062997280775,0.2954019207045553,dnn,0.5291651487350464,0.9726513028144836,1.0447865724563599,0.5064815749794194,True
dnn,0.25,2,8,1.0,0.900492287060531,0.2955216751715924,dnn,0.7925997376441956,0.944232702255249,1.0447865724563599,0.7586235873808591,True
dnn,0.25,1,4,1.0,1.2166621504910964,0.295602279110048,dnn,0.8407734036445618,0.8818209767341614,1.0447865724563599,0.8047322063757479,True
dnn,0.25,1,4,1.0,1.3450342120312204,0.2956987903910559,dnn,0.9011808633804321,0.8818209767341614,1.0447865724563599,0.86255019650731,True
dnn,0.25,2,2,0.5,0.7368062997280775,0.2957493788446496,dnn,0.41487357020378113,0.8411887884140015,1.0447865724563599,0.39708930143348503,True
dnn,0.25,1,4,1.0,0.900492287060531,0.2962532439353055,dnn,0.8556191921234131,0.8818209767341614,1.0447865724563599,0.818941604610976,True
dnn,0.25,2,8,1.0,0.8145479666433055,0.2962753702152321,dnn,0.6595837473869324,0.944232702255249,1.0447865724563599,0.6313095562055405,True
dnn,0.25,1,4,1.0,1.4869510248216484,0.2962790729536843,dnn,0.6236612796783447,0.8818209767341614,1.0447865724563599,0.5969269668273753,True
dnn,0.25,1,8,0.5,1.4869510248216484,0.2963288950710611,dnn,0.8806115984916687,0.9108823537826538,1.0447865724563599,0.8428626685173554,True
dnn,0.25,1,2,0.0,1.4869510248216484,0.296370436016484,dnn,0.8166797161102295,0.9726513028144836,1.0447865724563599,0.7816713361755439,True
dnn,0.25,2,4,1.0,0.3302529174737275,0.2964742697502338,dnn,2.1800313334097154e-05,0.5370639562606812,1.0447865724563599,2.0865805427459913e-05,True
dnn,0.25,1,4,0.5,1.817286211563076,0.2966653685362629,dnn,0.6088027954101562,1.005303144454956,1.0447865724563599,0.5827054170296446,True
dnn,0.25,1,8,0.0,5.477974412378556,0.2968226035942463,dnn,0.967778742313385,0.7383495569229126,1.0447865724563599,0.9262932428755046,True
dnn,0.25,1,2,1.0,1.2166621504910964,0.2968976644608606,dnn,0.5321565270423889,0.8857753872871399,1.0447865724563599,0.5093447227133241,True
dnn,0.25,1,4,0.5,2.221007363126434,0.2969475671486378,dnn,0.7979664206504822,1.005303144454956,1.0447865724563599,0.7637602182945482,True
dnn,0.25,2,4,1.0,0.6664844128899691,0.2970882956535094,dnn,6.782593930942937e-10,0.5370639562606812,1.0447865724563599,6.491846382555076e-10,True
dnn,0.25,2,4,1.0,0.8145479666433055,0.2972219526825463,dnn,5.387629231634605e-11,0.5370639562606812,1.0447865724563599,5.156679243080187e-11,True
dnn,0.25,2,2,1.0,0.2702215594677964,0.2973567901571238,dnn,0.850431501865387,0.6598412990570068,1.0447865724563599,0.8139762936136978,True
dnn,0.25,1,4,0.5,0.8145479666433055,0.2975010427601469,dnn,0.6026726365089417,1.005303144454956,1.0447865724563599,0.5768380379277079,True
dnn,0.25,1,8,1.0,0.9955047366910889,0.2975012039320051,dnn,0.8197801113128662,0.9048431515693665,1.0447865724563599,0.7846388276081218,True
dnn,0.25,1,2,0.5,0.8145479666433055,0.2975558466645641,dnn,0.9808003902435303,1.0447865724563599,1.0447865724563599,0.9387566954824141,True
dnn,0.25,1,2,0.5,2.221007363126434,0.2977264115580704,dnn,0.6081780791282654,1.0447865724563599,1.0447865724563599,0.5821074802850882,True
dnn,0.25,1,4,0.0,6.055964668833263,0.2978099092926652,dnn,0.6783731579780579,0.9400436878204346,1.0447865724563599,0.649293526411963,True
dnn,0.25,2,4,1.0,0.4932873707061831,0.2978564103093724,dnn,3.3590826120644124e-08,0.5370639562606812,1.0447865724563599,3.215089761506979e-08,True
dnn,0.25,1,4,0.0,5.477974412378556,0.2980424620746522,dnn,0.7213135957717896,0.9400436878204346,1.0447865724563599,0.690393248523414,True
dnn,0.25,1,2,1.0,1.1005421090383831,0.2981598000738207,dnn,0.7585152387619019,0.8857753872871399,1.0447865724563599,0.7260001791357101,True
dnn,0.25,1,2,1.0,0.900492287060531,0.2981626159884827,dnn,0.6725645065307617,0.8857753872871399,1.0447865724563599,0.643733872794249,True
dnn,0.25,1,2,0.0,0.9955047366910889,0.2982934053624902,dnn,0.8434225916862488,0.9726513028144836,1.0447865724563599,0.8072678324179726,True
dnn,0.25,1,4,1.0,0.7368062997280775,0.2983712956782794,dnn,0.6692124605178833,0.8818209767341614,1.0447865724563599,0.6405255179960077,True
dnn,0.25,1,2,1.0,0.8145479666433055,0.2984310036870107,dnn,0.8615061044692993,0.8857753872871399,1.0447865724563599,0.8245761643393287,True
dnn,0.25,2,2,1.0,0.4462072918927006,0.2985588445097956,dnn,0.6674134731292725,0.6598412990570068,1.0447865724563599,0.6388036472943377,True
dnn,0.25,1,2,0.0,2.455349570439492,0.2985776118579764,dnn,0.8229994773864746,0.9726513028144836,1.0447865724563599,0.7877201900207718,True
dnn,0.25,1,4,1.0,0.8145479666433055,0.2988246708579257,dnn,0.9004178643226624,0.8818209767341614,1.0447865724563599,0.8618199047157761,True
dnn,0.25,2,2,1.0,0.5453349474995434,0.2988742806774257,dnn,0.785639226436615,0.6598412990570068,1.0447865724563599,0.751961450451576,True
dnn,0.25,1,2,0.5,2.455349570439492,0.2989469961282046,dnn,0.556884765625,1.0447865724563599,1.0447865724563599,0.5330129428403051,True
dnn,0.25,1,2,0.0,3.317441949813717,0.2989512990279356,dnn,0.7797308564186096,0.9726513028144836,1.0447865724563599,0.7463063528711061,True
dnn,0.25,1,2,1.0,0.9955047366910889,0.2989973918924245,dnn,0.7697785496711731,0.8857753872871399,1.0447865724563599,0.7367806688607939,True
dnn,0.25,2,8,1.0,0.7368062997280775,0.2993787418004219,dnn,0.659153401851654,0.944232702255249,1.0447865724563599,0.6308976581714123,True
dnn,0.25,2,8,1.0,0.6664844128899691,0.2994021016422057,dnn,0.6763281226158142,0.944232702255249,1.0447865724563599,0.6473361550060159,True
dnn,0.25,1,8,0.5,1.817286211563076,0.2994672138041601,dnn,0.9426174759864807,0.9108823537826538,1.0447865724563599,0.9022105574828808,True
dnn,0.25,2,8,1.0,0.6028741513057392,0.2995627491688827,dnn,0.6677725911140442,0.944232702255249,1.0447865724563599,0.6391473710693546,True
dnn,0.25,2,2,0.5,0.6664844128899691,0.2996696841549539,dnn,0.4704325497150421,0.8411887884140015,1.0447865724563599,0.45026664977998826,True
dnn,0.25,1,2,0.5,1.3450342120312204,0.2997933365862268,dnn,0.5099060535430908,1.0447865724563599,1.0447865724563599,0.4880480540099871,True
dnn,0.25,1,4,0.5,0.5453349474995434,0.2998001306966232,dnn,0.4830533564090729,1.005303144454956,1.0447865724563599,0.4623464438994307,True
dnn,0.25,2,4,1.0,0.900492287060531,0.2999321801382645,dnn,1.474495525677355e-11,0.5370639562606812,1.0447865724563599,1.4112887402550763e-11,True
dnn,0.25,2,4,0.5,0.3650984560060393,0.29994190415899,dnn,1.48920153986154e-10,3.2314126485744055e-08,1.0447865724563599,1.425364355861056e-10,True
dnn,0.25,1,2,0.5,0.2,0.3001231592341707,dnn,0.727678120136261,1.0447865724563599,1.0447865724563599,0.6964849466101419,True
dnn,0.25,1,4,1.0,1.1005421090383831,0.3002473478331205,dnn,0.8324085474014282,0.8818209767341614,1.0447865724563599,0.7967259240749837,True
dnn,0.25,1,2,1.0,0.6028741513057392,0.3002720592869922,dnn,0.8056623339653015,0.8857753872871399,1.0447865724563599,0.7711262330555588,True
dnn,0.25,2,4,1.0,0.4036206056789731,0.3003054232332598,dnn,6.416273663489847e-07,0.5370639562606812,1.0447865724563599,6.141229063084892e-07,True
dnn,0.25,1,8,1.0,0.900492287060531,0.3003315830124838,dnn,0.6864690184593201,0.9048431515693665,1.0447865724563599,0.6570423439166027,True
dnn,0.25,1,8,0.5,2.0090311238977194,0.3005778791638187,dnn,0.5049406886100769,0.9108823537826538,1.0447865724563599,0.48329553798047875,True
dnn,0.25,1,8,0.5,2.221007363126434,0.3009802784922542,dnn,0.895892322063446,0.9108823537826538,1.0447865724563599,0.857488357605081,True
dnn,0.25,1,8,1.0,0.6664844128899691,0.3011380214915964,dnn,0.856525719165802,0.9048431515693665,1.0447865724563599,0.8198092718133383,True
dnn,0.25,2,2,1.0,0.3650984560060393,0.3012229973741608,dnn,0.7898356318473816,0.6598412990570068,1.0447865724563599,0.7559779697306289,True
dnn,0.25,1,8,1.0,0.8145479666433055,0.3013628070596444,dnn,0.8743799924850464,0.9048431515693665,1.0447865724563599,0.8368981910145756,True
dnn,0.25,1,2,0.5,0.4932873707061831,0.3015515924721746,dnn,0.8703621029853821,1.0447865724563599,1.0447865724563599,0.8330525352552199,True
dnn,0.25,2,2,1.0,0.2444312127604942,0.3016145406720333,dnn,0.669824481010437,0.6598412990570068,1.0447865724563599,0.6411113031780614,True
dnn,0.25,1,2,0.5,0.9955047366910889,0.3018609266703324,dnn,0.8922470211982727,1.0447865724563599,1.0447865724563599,0.8539993188279048,True
dnn,0.25,1,8,1.0,0.7368062997280775,0.3019022970480932,dnn,0.6147071719169617,0.9048431515693665,1.0447865724563599,0.5883566922876372,True
dnn,0.25,2,8,1.0,0.5453349474995434,0.3020267364571345,dnn,0.5829461216926575,0.944232702255249,1.0447865724563599,0.5579571340796561,True
dnn,0.25,2,8,1.0,0.4932873707061831,0.3022060965682752,dnn,0.789054811000824,0.944232702255249,1.0447865724563599,0.7552306201119199,True
dnn,0.25,1,4,1.0,0.9955047366910889,0.3023960329564658,dnn,0.648158609867096,0.8818209767341614,1.0447865724563599,0.6203741768457396,True
dnn,0.25,1,2,1.0,0.6664844128899691,0.3024035819701269,dnn,0.5993127226829529,0.8857753872871399,1.0447865724563599,0.5736221525836903,True
dnn,0.25,1,4,0.0,4.955148403871969,0.3025181370098148,dnn,0.5800673961639404,0.9400436878204346,1.0447865724563599,0.5552018100693666,True
dnn,0.25,1,4,0.5,1.2166621504910964,0.3029012025844511,dnn,0.55288165807724,1.005303144454956,1.0447865724563599,0.5291814353790746,True
dnn,0.25,2,2,0.5,0.2211023350218148,0.3031346875740665,dnn,0.8552546501159668,0.8411887884140015,1.0447865724563599,0.8185926893233405,True
dnn,0.25,1,2,0.5,0.2987330888578299,0.3032102997547499,dnn,0.8737392425537109,1.0447865724563599,1.0447865724563599,0.8362849079305205,True
dnn,0.25,1,8,1.0,0.4462072918927006,0.3033527887330114,dnn,0.8696005344390869,0.9048431515693665,1.0447865724563599,0.832323612653827,True
dnn,0.25,1,2,0.5,0.4462072918927006,0.3033697251511212,dnn,0.9731444120407104,1.0447865724563599,1.0447865724563599,0.9314289039461772,True
dnn,0.25,1,2,0.5,0.4036206056789731,0.3034868515035677,dnn,0.9147945046424866,1.0447865724563599,1.0447865724563599,0.8755802656342973,True
dnn,0.25,1,8,0.0,4.955148403871969,0.3036584053905457,dnn,0.799488365650177,0.7383495569229126,1.0447865724563599,0.7652169225055495,True
dnn,0.25,1,2,0.5,0.2211023350218148,0.303667089004298,dnn,0.9053176045417786,1.0447865724563599,1.0447865724563599,0.8665096091475594,True
dnn,0.25,2,2,0.0,0.2987330888578299,0.3037278482074211,dnn,0.3191884756088257,0.8752461075782776,1.0447865724563599,0.3055059129046741,True
dnn,0.25,1,2,1.0,0.5453349474995434,0.3038562199963716,dnn,0.8836867213249207,0.8857753872871399,1.0447865724563599,0.8458059709241064,True
dnn,0.25,1,4,1.0,0.6028741513057392,0.3039237822957598,dnn,0.6278433203697205,0.8818209767341614,1.0447865724563599,0.6009297371554276,True
dnn,0.25,1,4,0.5,1.1005421090383831,0.3039659137074732,dnn,0.4707117974758148,1.005303144454956,1.0447865724563599,0.45053392710545787,True
dnn,0.25,2,2,0.5,0.2444312127604942,0.3043297330495523,dnn,0.6714449524879456,0.8411887884140015,1.0447865724563599,0.6426623103600343,True
dnn,0.25,1,2,1.0,0.4462072918927006,0.3047854712457357,dnn,0.6479471921920776,0.8857753872871399,1.0447865724563599,0.6201718219527961,True
dnn,0.25,1,2,0.5,1.4869510248216484,0.3052299769256488,dnn,0.7149984240531921,1.0447865724563599,1.0447865724563599,0.6843487874965556,True
dnn,0.25,1,8,0.0,4.054431795277528,0.3053159115449689,dnn,0.9388535022735596,0.7383495569229126,1.0447865724563599,0.8986079329735787,True
dnn,0.25,1,2,1.0,0.4932873707061831,0.3053185920263598,dnn,0.8776408433914185,0.8857753872871399,1.0447865724563599,0.8400192599413188,True
dnn,0.25,1,2,1.0,0.7368062997280775,0.3053254146456867,dnn,0.8439504504203796,0.8857753872871399,1.0447865724563599,0.8077730635800557,True
dnn,0.25,1,4,0.5,0.2444312127604942,0.3053332405934524,dnn,0.9759515523910522,1.005303144454956,1.0447865724563599,0.9341157113998201,True
dnn,0.25,2,8,1.0,0.2444312127604942,0.3053345092710479,dnn,0.62232506275177,0.944232702255249,1.0447865724563599,0.5956480291363662,True
dnn,0.25,1,8,0.5,0.4036206056789731,0.3056291154110909,dnn,0.9716312885284424,0.9108823537826538,1.0447865724563599,0.9299806430743796,True
dnn,0.25,1,8,1.0,0.4932873707061831,0.3056424569903083,dnn,0.8383129835128784,0.9048431515693665,1.0447865724563599,0.8023772563825654,True
dnn,0.25,2,4,1.0,0.3650984560060393,0.3056665787216177,dnn,3.5267057683086023e-06,0.5370639562606812,1.0447865724563599,3.375527463008155e-06,True
dnn,0.25,2,4,1.0,0.4462072918927006,0.3057349980333304,dnn,1.3858227987384453e-07,0.5370639562606812,1.0447865724563599,1.3264171221882068e-07,True
dnn,0.25,1,8,0.5,1.643841718255735,0.3059031619676713,dnn,0.7173503637313843,0.9108823537826538,1.0447865724563599,0.686599907237368,True
dnn,0.25,2,4,1.0,0.2,0.3060531495561883,dnn,0.16081424057483673,0.5370639562606812,1.0447865724563599,0.15392066170677537,True
dnn,0.25,2,8,1.0,0.4462072918927006,0.3061545557165422,dnn,0.6190782189369202,0.944232702255249,1.0447865724563599,0.5925403668630884,True
dnn,0.25,1,8,1.0,0.4036206056789731,0.30626667220943,dnn,0.6729407906532288,0.9048431515693665,1.0447865724563599,0.6440940268509596,True
dnn,0.25,1,2,0.0,1.1005421090383831,0.306288304177349,dnn,0.9062677025794983,0.9726513028144836,1.0447865724563599,0.8674189795996374,True
dnn,0.25,1,4,1.0,0.4462072918927006,0.3063235815880001,dnn,0.7427222728729248,0.8818209767341614,1.0447865724563599,0.7108842058782756,True
dnn,0.25,2,2,1.0,0.2987330888578299,0.306429442493481,dnn,0.6765761971473694,0.6598412990570068,1.0447865724563599,0.6475735953963263,True
dnn,0.25,1,2,0.5,0.3302529174737275,0.3064832470173277,dnn,0.5949385762214661,1.0447865724563599,1.0447865724563599,0.5694355114295999,True
dnn,0.25,1,8,0.5,0.9955047366910889,0.3068716670089734,dnn,0.9224401712417603,0.9108823537826538,1.0447865724563599,0.8828981875916002,True
dnn,0.25,1,8,0.5,0.7368062997280775,0.3069718903618524,dnn,0.5913576483726501,0.9108823537826538,1.0447865724563599,0.5660080862087753,True
dnn,0.25,1,4,1.0,0.6664844128899691,0.3071890210140638,dnn,0.7153494358062744,0.8818209767341614,1.0447865724563599,0.6846847525274394,True
dnn,0.25,2,8,1.0,0.3302529174737275,0.3072659678838782,dnn,0.8294528722763062,0.944232702255249,1.0447865724563599,0.7938969490450184,True
dnn,0.25,2,2,1.0,0.2211023350218148,0.3073904358546284,dnn,0.8343040347099304,0.6598412990570068,1.0447865724563599,0.7985401580615918,True
dnn,0.25,1,4,1.0,0.5453349474995434,0.3075008054469807,dnn,0.6537194848060608,0.8818209767341614,1.0447865724563599,0.6256966753210893,True
dnn,0.25,1,8,0.5,1.2166621504910964,0.3077865003644678,dnn,0.6730330586433411,0.9108823537826538,1.0447865724563599,0.6441823396150635,True
dnn,0.25,1,8,1.0,0.6028741513057392,0.3080623214814962,dnn,0.7463250160217285,0.9048431515693665,1.0447865724563599,0.7143325112487527,True
dnn,0.25,1,4,0.5,1.4869510248216484,0.3082636577475668,dnn,0.8232517838478088,1.005303144454956,1.0447865724563599,0.7879616809319164,True
dnn,0.25,1,4,1.0,0.3302529174737275,0.3083570862836597,dnn,0.9259995818138123,0.8818209767341614,1.0447865724563599,0.8863050179107186,True
dnn,0.25,2,4,1.0,0.2702215594677964,0.308526506524756,dnn,0.00046888418728485703,0.5370639562606812,1.0447865724563599,0.0004487846605670672,True
dnn,0.25,1,2,0.5,0.6028741513057392,0.3086541664788182,dnn,0.8727109432220459,1.0447865724563599,1.0447865724563599,0.835300688417393,True
dnn,0.25,2,4,1.0,0.2444312127604942,0.3088246895150183,dnn,0.0034592370502650738,0.5370639562606812,1.0447865724563599,0.0033109509075448652,True
dnn,0.25,2,8,1.0,0.2987330888578299,0.3088808450690735,dnn,0.7324520349502563,0.944232702255249,1.0447865724563599,0.7010542193590935,True
dnn,0.25,1,8,1.0,0.5453349474995434,0.3092105721051134,dnn,0.6071058511734009,0.9048431515693665,1.0447865724563599,0.5810812152247098,True
dnn,0.25,1,2,1.0,0.3302529174737275,0.3092543531844759,dnn,0.82295823097229,0.8857753872871399,1.0447865724563599,0.7876807117050354,True
dnn,0.25,1,4,1.0,0.2702215594677964,0.3092599551684937,dnn,0.7090739607810974,0.8818209767341614,1.0447865724563599,0.6786782865269979,True
dnn,0.25,1,2,1.0,0.2987330888578299,0.3093541598852853,dnn,0.6933347582817078,0.8857753872871399,1.0447865724563599,0.6636137719990347,True
dnn,0.25,1,4,1.0,0.4932873707061831,0.3094595690226505,dnn,0.8527446389198303,0.8818209767341614,1.0447865724563599,0.8161902740719316,True
dnn,0.25,1,8,1.0,0.2987330888578299,0.3095673311516388,dnn,0.7487492561340332,0.9048431515693665,1.0447865724563599,0.7166528321412822,True
dnn,0.25,1,8,1.0,0.3302529174737275,0.3096805774880373,dnn,0.8519459962844849,0.9048431515693665,1.0447865724563599,0.8154258666260473,True
dnn,0.25,2,8,1.0,0.2,0.3097372158865177,dnn,0.9244910478591919,0.944232702255249,1.0447865724563599,0.8848611498572905,True
dnn,0.25,1,8,1.0,0.2702215594677964,0.3098322486692949,dnn,0.8482311964035034,0.9048431515693665,1.0447865724563599,0.8118703080278471,True
dnn,0.25,1,8,1.0,0.2444312127604942,0.3099282843708453,dnn,0.7313864231109619,0.9048431515693665,1.0447865724563599,0.7000342868031179,True
dnn,0.25,1,4,1.0,0.3650984560060393,0.3101140604248724,dnn,0.8319543600082397,0.8818209767341614,1.0447865724563599,0.7962912062051697,True
dnn,0.25,1,2,1.0,0.2702215594677964,0.3101168939710023,dnn,0.8872749209403992,0.8857753872871399,1.0447865724563599,0.8492403561948152,True
dnn,0.25,2,8,0.5,0.9955047366910889,0.3103908586728948,dnn,2.9481166166078765e-06,0.5583295226097107,1.0447865724563599,2.8217405299119288e-06,True
dnn,0.25,1,4,1.0,0.4036206056789731,0.3105341089283173,dnn,0.8894187808036804,0.8818209767341614,1.0447865724563599,0.8512923158196799,True
dnn,0.25,2,8,1.0,0.2211023350218148,0.3108580651386949,dnn,0.6235731840133667,0.944232702255249,1.0447865724563599,0.5968426475345164,True
dnn,0.25,1,8,1.0,0.3650984560060393,0.3110333467047406,dnn,0.8264789581298828,0.9048431515693665,1.0447865724563599,0.7910505168407534,True
dnn,0.25,2,8,1.0,0.2702215594677964,0.3111645684635177,dnn,0.7539820671081543,0.944232702255249,1.0447865724563599,0.7216613296775957,True
dnn,0.25,1,4,0.5,1.3450342120312204,0.311208319419367,dnn,0.8866340517997742,1.005303144454956,1.0447865724563599,0.8486269590115816,True
dnn,0.25,1,2,1.0,0.3650984560060393,0.3113078959297671,dnn,0.7383812665939331,0.8857753872871399,1.0447865724563599,0.7067292842957884,True
dnn,0.25,2,2,1.0,0.2,0.3114734138422745,dnn,0.8731610178947449,0.6598412990570068,1.0447865724563599,0.8357314698655512,True
dnn,0.25,1,2,1.0,0.2444312127604942,0.3116496673570201,dnn,0.780217707157135,0.8857753872871399,1.0447865724563599,0.7467723339158097,True
dnn,0.25,2,8,1.0,0.4036206056789731,0.3116643764053049,dnn,0.8669015169143677,0.944232702255249,1.0447865724563599,0.8297402931550192,True
dnn,0.25,2,4,1.0,0.2987330888578299,0.3116946364537999,dnn,9.872269583866e-05,0.5370639562606812,1.0447865724563599,9.449077777345152e-05,True
dnn,0.25,2,2,0.0,0.2444312127604942,0.3121084576201509,dnn,0.5814788937568665,0.8752461075782776,1.0447865724563599,0.5565528013915536,True
dnn,0.25,1,4,1.0,0.2444312127604942,0.3121993904299849,dnn,0.681071400642395,0.8818209767341614,1.0447865724563599,0.6518761042661112,True
dnn,0.25,1,4,0.0,3.000820366267417,0.3123366692578639,dnn,0.8036601543426514,0.9400436878204346,1.0447865724563599,0.7692098803042569,True
dnn,0.25,1,2,1.0,0.4036206056789731,0.3126412698280362,dnn,0.8354194164276123,0.8857753872871399,1.0447865724563599,0.7996077270245615,True
dnn,0.25,1,8,0.0,3.317441949813717,0.3130425149958873,dnn,0.5213214159011841,0.7383495569229126,1.0447865724563599,0.49897407723715687,True
dnn,0.25,1,2,1.0,0.2,0.3133738030015168,dnn,0.8528422117233276,0.8857753872871399,1.0447865724563599,0.8162836642494756,True
dnn,0.25,1,8,0.0,3.000820366267417,0.3134463218448515,dnn,0.8022000193595886,0.7383495569229126,1.0447865724563599,0.7678123365172709,True
dnn,0.25,2,4,0.5,0.4462072918927006,0.3135493476737018,dnn,5.25939049256241e-11,3.2314126485744055e-08,1.0447865724563599,5.033937678005612e-11,True
dnn,0.25,2,4,0.5,0.4036206056789731,0.3137061432127929,dnn,9.036095482972684e-11,3.2314126485744055e-08,1.0447865724563599,8.64874771670184e-11,True
dnn,0.25,1,8,0.5,0.6664844128899691,0.3139766722311987,dnn,0.641754686832428,0.9108823537826538,1.0447865724563599,0.6142447689805409,True
dnn,0.25,1,8,1.0,0.2,0.3142999244489507,dnn,0.8854329586029053,0.9048431515693665,1.0447865724563599,0.8474773527393216,True
dnn,0.25,2,4,1.0,0.2211023350218148,0.3144366794843213,dnn,0.040350541472435,0.5370639562606812,1.0447865724563599,0.03862084614809731,True
dnn,0.25,1,4,1.0,0.2211023350218148,0.3144520369929072,dnn,0.9021111726760864,0.8818209767341614,1.0447865724563599,0.8634406264957689,True
dnn,0.25,1,2,0.0,0.900492287060531,0.3145045056501171,dnn,0.8595201373100281,0.9726513028144836,1.0447865724563599,0.822675329076293,True
dnn,0.25,2,8,1.0,0.3650984560060393,0.3147845564497,dnn,0.9049087166786194,0.944232702255249,1.0447865724563599,0.8661182489655483,True
dnn,0.25,2,2,0.5,0.5453349474995434,0.3150962873128888,dnn,0.6677888035774231,0.8411887884140015,1.0447865724563599,0.6391628885576209,True
dnn,0.25,1,8,0.0,3.667470807015676,0.3151468255597116,dnn,1.0166224241256714,0.7383495569229126,1.0447865724563599,0.9730431563027531,True
dnn,0.25,1,2,0.5,0.900492287060531,0.3153353163831836,dnn,0.4998166561126709,1.0447865724563599,1.0447865724563599,0.4783911559444816,True
dnn,0.25,1,8,1.0,0.2211023350218148,0.315347753116929,dnn,0.7703079581260681,0.9048431515693665,1.0447865724563599,0.7372873833121965,True
dnn,0.25,1,2,0.5,0.6664844128899691,0.3156485755027634,dnn,0.656275749206543,1.0447865724563599,1.0447865724563599,0.6281433610537287,True
dnn,0.25,1,4,1.0,0.2987330888578299,0.316322436241811,dnn,0.822054386138916,0.8818209767341614,1.0447865724563599,0.7868156117341877,True
dnn,0.25,2,8,0.5,0.900492287060531,0.3169984920088786,dnn,9.703334217192605e-05,0.5583295226097107,1.0447865724563599,9.287384115570558e-05,True
dnn,0.25,1,2,1.0,0.2211023350218148,0.3170208089176227,dnn,0.9490431547164917,0.8857753872871399,1.0447865724563599,0.9083607884481428,True
dnn,0.25,1,8,0.5,0.900492287060531,0.3172737541539732,dnn,0.4796476662158966,0.9108823537826538,1.0447865724563599,0.4590867444708964,True
dnn,0.25,1,4,1.0,0.2,0.3179205745918889,dnn,0.7754203081130981,0.8818209767341614,1.0447865724563599,0.7421805836287075,True
dnn,0.25,1,8,0.0,4.482221685612751,0.3182575808101236,dnn,0.7452709078788757,0.7383495569229126,1.0447865724563599,0.7133235892634955,True
dnn,0.25,1,2,0.5,1.1005421090383831,0.3186319476951522,dnn,0.5869182348251343,1.0447865724563599,1.0447865724563599,0.5617589757544951,True
dnn,0.25,1,4,0.0,2.455349570439492,0.3191866480348839,dnn,0.811549723148346,0.9400436878204346,1.0447865724563599,0.7767612491806253,True
dnn,0.25,1,8,0.5,0.2211023350218148,0.3193572285152113,dnn,0.6127405762672424,0.9108823537826538,1.0447865724563599,0.5864743981410961,True
dnn,0.25,1,4,0.5,0.900492287060531,0.3199082409206153,dnn,0.8676804900169373,1.005303144454956,1.0447865724563599,0.8304858742364626,True
dnn,0.25,1,2,0.5,0.7368062997280775,0.3199807081615923,dnn,0.7113216519355774,1.0447865724563599,1.0447865724563599,0.6808296265362741,True
dnn,0.25,2,4,0.5,0.2702215594677964,0.3201293181307361,dnn,5.255602619769206e-10,3.2314126485744055e-08,1.0447865724563599,5.030312178891186e-10,True
dnn,0.25,1,2,0.0,2.714417616594908,0.320243995986407,dnn,0.8699185848236084,0.9726513028144836,1.0447865724563599,0.8326280292618753,True
dnn,0.25,1,4,0.5,0.4036206056789731,0.3205079101278735,dnn,0.696687638759613,1.005303144454956,1.0447865724563599,0.666822925491525,True
dnn,0.25,1,4,0.0,2.714417616594908,0.3209014575435021,dnn,0.6445685029029846,0.9400436878204346,1.0447865724563599,0.6169379659881759,True
dnn,0.25,1,2,0.0,3.667470807015676,0.3210841815063264,dnn,0.6242621541023254,0.9726513028144836,1.0447865724563599,0.597502083736246,True
dnn,0.25,2,2,0.5,0.3650984560060393,0.3219021356518671,dnn,0.8324582576751709,0.8411887884140015,1.0447865724563599,0.7967735034323885,True
dnn,0.25,1,8,0.5,0.4932873707061831,0.3231428266531954,dnn,0.8030199408531189,0.9108823537826538,1.0447865724563599,0.7685971106665046,True
dnn,0.25,2,4,0.5,0.4932873707061831,0.3236809374846702,dnn,2.9091423714433517e-11,3.2314126485744055e-08,1.0447865724563599,2.7844369827645972e-11,True
dnn,0.25,1,8,0.5,0.8145479666433055,0.3242810087727157,dnn,0.8329824805259705,0.9108823537826538,1.0447865724563599,0.7972752545695295,True
dnn,0.25,1,8,0.5,0.2444312127604942,0.32435633979384,dnn,0.5410448312759399,0.9108823537826538,1.0447865724563599,0.5178520145065696,True
dnn,0.25,2,2,0.5,0.4462072918927006,0.3252579995922026,dnn,0.8350799083709717,0.8411887884140015,1.0447865724563599,0.7992827725643962,True
dnn,0.25,1,8,0.5,0.6028741513057392,0.3254677029042654,dnn,0.5282303690910339,0.9108823537826538,1.0447865724563599,0.5055868662717694,True
dnn,0.25,1,4,0.5,0.7368062997280775,0.3257217441900246,dnn,0.9780367016792297,1.005303144454956,1.0447865724563599,0.9361114771793085,True
dnn,0.25,1,8,0.0,1.3450342120312204,0.3258343336205485,dnn,1.0011030435562134,0.7383495569229126,1.0447865724563599,0.9581890406598127,True
dnn,0.25,1,4,0.0,3.667470807015676,0.3259026037359945,dnn,0.8275906443595886,0.9400436878204346,1.0447865724563599,0.7921145487291918,True
dnn,0.25,2,4,0.5,0.6028741513057392,0.3261417588827771,dnn,7.618921986363159e-12,3.2314126485744055e-08,1.0447865724563599,7.292323798199844e-12,True
dnn,0.25,2,4,0.5,0.2444312127604942,0.3261699472625116,dnn,7.503425658583751e-10,3.2314126485744055e-08,1.0447865724563599,7.181778419053299e-10,True
dnn,0.25,2,2,0.0,0.2702215594677964,0.32654712105691,dnn,0.35690802335739136,0.8752461075782776,1.0447865724563599,0.34160854739765445,True
dnn,0.25,1,2,0.0,0.8145479666433055,0.326662531458305,dnn,0.88226318359375,0.9726513028144836,1.0447865724563599,0.8444434555848981,True
dnn,0.25,1,4,0.5,0.4462072918927006,0.3267800290223578,dnn,0.6901167035102844,1.005303144454956,1.0447865724563599,0.6605336646773475,True
dnn,0.25,1,4,0.0,4.482221685612751,0.3273571862022005,dnn,0.9386656880378723,0.9400436878204346,1.0447865724563599,0.8984281697179639,True
dnn,0.25,2,2,0.5,0.2987330888578299,0.3274327887550198,dnn,0.861839234828949,0.8411887884140015,1.0447865724563599,0.8248950144934482,True
dnn,0.25,1,4,0.0,2.0090311238977194,0.3274430170545307,dnn,0.8242443203926086,0.9400436878204346,1.0447865724563599,0.7889116706915151,True
dnn,0.25,1,4,0.0,1.817286211563076,0.3277060963869851,dnn,0.5956136584281921,0.9400436878204346,1.0447865724563599,0.5700816550770427,True
dnn,0.25,2,2,0.5,0.4036206056789731,0.3279834277075686,dnn,0.8341916799545288,0.8411887884140015,1.0447865724563599,0.7984326195859227,True
dnn,0.25,2,2,0.5,0.4932873707061831,0.3281855429926341,dnn,0.7536419630050659,0.8411887884140015,1.0447865724563599,0.7213358047215381,True
dnn,0.25,1,4,0.5,0.3650984560060393,0.3282558808149123,dnn,0.5519736409187317,1.005303144454956,1.0447865724563599,0.5283123419369818,True
dnn,0.25,2,8,0.0,1.2166621504910964,0.3282659715755335,dnn,4.732072481257454e-13,0.01619279757142067,1.0447865724563599,4.5292240597350426e-13,True
dnn,0.25,1,8,0.5,0.3650984560060393,0.3286707991838066,dnn,0.6926640272140503,0.9108823537826538,1.0447865724563599,0.6629717929716047,True
dnn,0.25,2,4,0.5,0.2987330888578299,0.3287785133656019,dnn,3.583106589211127e-10,3.2314126485744055e-08,1.0447865724563599,3.429510565767528e-10,True
dnn,0.25,1,2,0.0,0.4036206056789731,0.3290143814641064,dnn,0.7457480430603027,0.9726513028144836,1.0447865724563599,0.7137802712251571,True
dnn,0.25,1,8,0.5,0.5453349474995434,0.3294027403004692,dnn,0.4931321442127228,0.9108823537826538,1.0447865724563599,0.471993187138056,True
dnn,0.25,1,8,0.5,0.3302529174737275,0.3300487331343698,dnn,0.8542786240577698,0.9108823537826538,1.0447865724563599,0.8176585022999542,True
dnn,0.25,1,2,0.0,0.6028741513057392,0.3302230107947093,dnn,0.9149056673049927,0.9726513028144836,1.0447865724563599,0.8756866631181822,True
dnn,0.25,2,4,0.5,0.3302529174737275,0.3303224009348137,dnn,2.344757998873348e-10,3.2314126485744055e-08,1.0447865724563599,2.2442459165230965e-10,True
dnn,0.25,1,4,0.0,1.643841718255735,0.3310379779700392,dnn,0.6533861756324768,0.9400436878204346,1.0447865724563599,0.6253776540182022,True
dnn,0.25,2,8,0.5,0.4932873707061831,0.3311597676315335,dnn,0.5566126108169556,0.5583295226097107,1.0447865724563599,0.532752454415952,True
dnn,0.25,1,4,0.5,0.6028741513057392,0.331787420142954,dnn,1.0073133707046509,1.005303144454956,1.0447865724563599,0.9641331514592429,True
dnn,0.25,1,8,0.0,1.817286211563076,0.3322487738731859,dnn,0.873741090297699,0.7383495569229126,1.0447865724563599,0.8362866764677861,True
dnn,0.25,1,4,0.5,0.2,0.3332396540533811,dnn,0.6326984167098999,1.005303144454956,1.0447865724563599,0.6055767114448892,True
dnn,0.25,2,8,0.5,0.3302529174737275,0.3340263889947624,dnn,0.6612995862960815,0.5583295226097107,1.0447865724563599,0.6329518427302564,True
dnn,0.25,2,8,0.5,0.2702215594677964,0.335015875307778,dnn,0.4901904761791229,0.5583295226097107,1.0447865724563599,0.4691776187615561,True
dnn,0.25,2,2,0.5,0.2,0.3372591794976972,dnn,0.6234996318817139,0.8411887884140015,1.0447865724563599,0.5967722483414258,True
dnn,0.25,1,8,0.5,0.2702215594677964,0.3373704570123886,dnn,0.6869446039199829,0.9108823537826538,1.0447865724563599,0.6574975425889446,True
dnn,0.25,1,4,0.5,0.9955047366910889,0.3375082988759619,dnn,0.6903088092803955,1.005303144454956,1.0447865724563599,0.6607175355033856,True
dnn,0.25,2,4,0.5,0.6664844128899691,0.3376502911517293,dnn,3.5532111107572373e-12,3.2314126485744055e-08,1.0447865724563599,3.4008966083890334e-12,True
dnn,0.25,1,8,0.0,2.455349570439492,0.3376931413340834,dnn,0.4854482412338257,0.7383495569229126,1.0447865724563599,0.464638667869272,True
dnn,0.25,1,2,0.0,1.817286211563076,0.339267433746833,dnn,0.6129845380783081,0.9726513028144836,1.0447865724563599,0.5867079021097509,True
dnn,0.25,1,2,0.0,0.5453349474995434,0.3392727000892134,dnn,1.0540636777877808,0.9726513028144836,1.0447865724563599,1.0,True
dnn,0.25,1,2,0.0,0.3650984560060393,0.3394919463974467,dnn,0.8543261885643005,0.9726513028144836,1.0447865724563599,0.8177040278721474,True
dnn,0.25,2,4,0.5,0.8145479666433055,0.3398649920853748,dnn,6.249933838693711e-13,3.2314126485744055e-08,1.0447865724563599,5.982019680823154e-13,True
dnn,0.25,1,4,0.5,0.2987330888578299,0.3398753168863696,dnn,0.6511341333389282,1.005303144454956,1.0447865724563599,0.6232221493889133,True
dnn,0.25,1,2,0.0,0.2987330888578299,0.3405559424271234,dnn,0.8115511536598206,0.9726513028144836,1.0447865724563599,0.7767626183707664,True
dnn,0.25,1,8,0.5,0.4462072918927006,0.3406762429181962,dnn,0.8472067713737488,0.9108823537826538,1.0447865724563599,0.8108897967380186,True
dnn,0.25,1,8,0.5,0.2,0.3407755942625974,dnn,0.8673680424690247,0.9108823537826538,1.0447865724563599,0.8301868202898005,True
dnn,0.25,2,2,0.0,0.2,0.3411739032313142,dnn,0.5407391786575317,0.8752461075782776,1.0447865724563599,0.517559464213078,True
dnn,0.25,1,4,0.0,1.4869510248216484,0.3413316206187954,dnn,0.7019203305244446,0.9400436878204346,1.0447865724563599,0.67183130892866,True
dnn,0.25,1,4,0.0,3.317441949813717,0.3424695812969085,dnn,0.6241080164909363,0.9400436878204346,1.0447865724563599,0.5973545534985375,True
dnn,0.25,1,2,0.0,0.4462072918927006,0.3426403539869621,dnn,0.7791098356246948,0.9726513028144836,1.0447865724563599,0.745711953201081,True
dnn,0.25,1,8,0.0,2.714417616594908,0.3430124529720326,dnn,0.9200578331947327,0.7383495569229126,1.0447865724563599,0.8806179725602886,True
dnn,0.25,1,2,0.0,0.3302529174737275,0.3431305997510456,dnn,1.040589451789856,0.9726513028144836,1.0447865724563599,0.9959827961258765,True
dnn,0.25,2,4,0.0,0.2444312127604942,0.3436597324994603,dnn,1.0276963308131215e-11,1.7228451998363425e-10,1.0447865724563599,9.83642360943577e-12,True
dnn,0.25,1,2,0.0,0.2702215594677964,0.3439206971671781,dnn,0.8289492130279541,0.9726513028144836,1.0447865724563599,0.7934148800161565,True
dnn,0.25,1,2,0.0,1.643841718255735,0.3446914998194206,dnn,0.9258099794387817,0.9726513028144836,1.0447865724563599,0.8861235431674275,True
dnn,0.25,1,4,0.5,0.6664844128899691,0.3449238196251767,dnn,0.855254054069519,1.005303144454956,1.0447865724563599,0.8185921188274484,True
dnn,0.25,1,4,0.5,0.3302529174737275,0.3452120318538636,dnn,0.7136993408203125,1.005303144454956,1.0447865724563599,0.683105391699627,True
dnn,0.25,1,4,0.0,0.2702215594677964,0.3460324003267408,dnn,0.9365366697311401,0.9400436878204346,1.0447865724563599,0.8963904154408137,True
dnn,0.25,1,4,0.0,0.4932873707061831,0.3460875007303224,dnn,0.6798534393310547,0.9400436878204346,1.0447865724563599,0.6507103529601035,True
dnn,0.25,1,2,0.5,0.5453349474995434,0.3460923156193543,dnn,0.5037426948547363,1.0447865724563599,1.0447865724563599,0.48214889828685786,True
dnn,0.25,2,4,0.0,0.5453349474995434,0.3490788464466323,dnn,4.09272604955796e-13,1.7228451998363425e-10,1.0447865724563599,3.9172843118912795e-13,True
dnn,0.25,2,4,0.0,0.3650984560060393,0.3501855003698232,dnn,2.7056898388444495e-12,1.7228451998363425e-10,1.0447865724563599,2.58970579271822e-12,True
dnn,0.25,2,8,0.5,0.4462072918927006,0.3511591705053418,dnn,0.5495618581771851,0.5583295226097107,1.0447865724563599,0.5260039444085983,True
dnn,0.25,1,4,0.0,2.221007363126434,0.3513174507340842,dnn,0.6308037042617798,0.9400436878204346,1.0447865724563599,0.6037632191029408,True
dnn,0.25,1,8,0.5,0.2987330888578299,0.3514332305391198,dnn,0.5884451270103455,0.9108823537826538,1.0447865724563599,0.5632204150814012,True
dnn,0.25,2,8,0.5,0.3650984560060393,0.3516196092771811,dnn,0.6656963229179382,0.5583295226097107,1.0447865724563599,0.6371601056786591,True
dnn,0.25,2,8,0.0,0.900492287060531,0.3517059594408834,dnn,2.6721166945797847e-11,0.01619279757142067,1.0447865724563599,2.5575718189959773e-11,True
dnn,0.25,2,8,0.5,0.2987330888578299,0.3526178604081968,dnn,0.8067957758903503,0.5583295226097107,1.0447865724563599,0.7722110880440606,True
dnn,0.25,2,8,0.5,0.7368062997280775,0.3537135691887061,dnn,0.2895197868347168,0.5583295226097107,1.0447865724563599,0.2771090234764765,True
dnn,0.25,2,8,0.0,0.6664844128899691,0.3537225920342612,dnn,8.318594701961501e-10,0.01619279757142067,1.0447865724563599,7.962003840079945e-10,True
dnn,0.25,1,4,0.0,0.9955047366910889,0.3543195080151002,dnn,0.7950475215911865,0.9400436878204346,1.0447865724563599,0.7609664428611281,True
dnn,0.25,2,8,0.5,0.8145479666433055,0.3545031341708846,dnn,0.00638929195702076,0.5583295226097107,1.0447865724563599,0.006115403973846186,True
dnn,0.25,2,8,0.5,0.6664844128899691,0.3547774983296308,dnn,0.4327029287815094,0.5583295226097107,1.0447865724563599,0.4141543739064307,True
dnn,0.25,2,8,0.0,0.4932873707061831,0.3560763719973667,dnn,1.3197705150957972e-08,0.01619279757142067,1.0447865724563599,1.263196283230299e-08,True
dnn,0.25,1,4,0.5,0.2211023350218148,0.356203078352412,dnn,0.9089494347572327,1.005303144454956,1.0447865724563599,0.8699857547175731,True
dnn,0.25,2,8,0.0,0.5453349474995434,0.3563193488208407,dnn,6.566465593493831e-09,0.01619279757142067,1.0447865724563599,6.2849827578235925e-09,True
dnn,0.25,1,4,0.5,0.4932873707061831,0.3566558889467054,dnn,0.6661882996559143,1.005303144454956,1.0447865724563599,0.6376309929880349,True
dnn,0.25,1,4,0.0,0.6664844128899691,0.3567532731575226,dnn,0.6893318891525269,0.9400436878204346,1.0447865724563599,0.6597824927361611,True
dnn,0.25,1,2,0.5,0.2702215594677964,0.3569782282619583,dnn,0.5461994409561157,1.0447865724563599,1.0447865724563599,0.5227856629818337,True
dnn,0.25,2,4,0.5,0.5453349474995434,0.3570684024035372,dnn,1.535202867608554e-11,3.2314126485744055e-08,1.0447865724563599,1.469393757616155e-11,True
dnn,0.25,1,2,0.0,2.221007363126434,0.3577704158615672,dnn,0.7330032587051392,0.9726513028144836,1.0447865724563599,0.7015818139601486,True
dnn,0.25,1,4,0.5,0.2702215594677964,0.3584706437467598,dnn,0.9026826024055481,1.005303144454956,1.0447865724563599,0.8639875609075677,True
dnn,0.25,1,4,0.0,1.1005421090383831,0.358913722810578,dnn,0.9918249249458313,0.9400436878204346,1.0447865724563599,0.9493086445531049,True
dnn,0.25,2,4,0.0,0.2987330888578299,0.3615484005652716,dnn,5.600767679497798e-12,1.7228451998363425e-10,1.0447865724563599,5.360681144982593e-12,True
dnn,0.25,2,8,0.0,0.3650984560060393,0.3617480295534095,dnn,1.3192601500122692e-07,0.01619279757142067,1.0447865724563599,1.2627077958234134e-07,True
dnn,0.25,1,8,0.0,0.4036206056789731,0.3619155693999196,dnn,0.8943910598754883,0.7383495569229126,1.0447865724563599,0.8560514496015371,True
dnn,0.25,2,4,0.0,0.2702215594677964,0.3619583102380722,dnn,7.718540216694603e-12,1.7228451998363425e-10,1.0447865724563599,7.387671721840588e-12,True
dnn,0.25,2,8,0.5,0.4036206056789731,0.3625893946743004,dnn,0.5662580728530884,0.5583295226097107,1.0447865724563599,0.5419844471409884,True
dnn,0.25,1,8,0.0,2.0090311238977194,0.3627250369475281,dnn,0.8683462142944336,0.7383495569229126,1.0447865724563599,0.8311230610983985,True
dnn,0.25,2,8,0.0,0.4036206056789731,0.3639660682409348,dnn,6.349545600414785e-08,0.01619279757142067,1.0447865724563599,6.077361413141632e-08,True
dnn,0.25,2,8,0.5,0.6028741513057392,0.3643166375566286,dnn,0.577034592628479,0.5583295226097107,1.0447865724563599,0.5522990128709578,True
dnn,0.25,1,8,0.0,1.1005421090383831,0.3647603582817591,dnn,0.8022987246513367,0.7383495569229126,1.0447865724563599,0.76790681063701,True
dnn,0.25,1,8,0.0,0.7368062997280775,0.3651300455739603,dnn,0.8943944573402405,0.7383495569229126,1.0447865724563599,0.8560547014281223,True
dnn,0.25,2,4,0.0,0.4932873707061831,0.3659363762650952,dnn,6.963744901902769e-13,1.7228451998363425e-10,1.0447865724563599,6.665232005739277e-13,True
dnn,0.25,1,2,0.0,0.2211023350218148,0.370403018639149,dnn,0.594667375087738,0.9726513028144836,1.0447865724563599,0.5691759357986743,True
dnn,0.25,1,8,0.0,2.221007363126434,0.3704308110058492,dnn,0.762639045715332,0.7383495569229126,1.0447865724563599,0.7299472120150999,True
dnn,0.25,2,8,0.5,0.2,0.3711231731649405,dnn,0.623181164264679,0.5583295226097107,1.0447865724563599,0.5964674323862531,True
dnn,0.25,2,8,0.5,0.5453349474995434,0.3714395287408755,dnn,0.5296184420585632,0.5583295226097107,1.0447865724563599,0.5069154371053951,True
dnn,0.25,2,4,0.5,0.2,0.3715029392993872,dnn,1.4068122222710144e-09,3.2314126485744055e-08,1.0447865724563599,1.3465067979994318e-09,True
dnn,0.25,1,8,0.0,0.4462072918927006,0.371996883401095,dnn,0.6992161870002747,0.7383495569229126,1.0447865724563599,0.6692430831651797,True
dnn,0.25,1,4,0.0,0.2444312127604942,0.3720128433481507,dnn,0.8075448274612427,0.9400436878204346,1.0447865724563599,0.7729280302317183,True
dnn,0.25,2,8,0.0,0.3302529174737275,0.3721483141512601,dnn,2.5486858135082e-07,0.01619279757142067,1.0447865724563599,2.439432014823925e-07,True
dnn,0.25,1,2,0.5,0.3650984560060393,0.3724485873450573,dnn,0.5751543045043945,1.0447865724563599,1.0447865724563599,0.5504993265295993,True
dnn,0.25,1,8,0.0,1.4869510248216484,0.3734031192913419,dnn,0.9868953824043274,0.7383495569229126,1.0447865724563599,0.9445904153267144,True
dnn,0.25,2,8,0.0,0.2444312127604942,0.3741955211273191,dnn,1.5737291505502071e-06,0.01619279757142067,1.0447865724563599,1.5062685452113627e-06,True
dnn,0.25,1,8,0.0,0.6664844128899691,0.3744312232384778,dnn,0.9955264329910278,0.7383495569229126,1.0447865724563599,0.9528514810929104,True
dnn,0.25,1,4,0.0,0.6028741513057392,0.3747944220483722,dnn,1.0172063112258911,0.9400436878204346,1.0447865724563599,0.9736020140786976,True
dnn,0.25,2,8,0.0,0.4462072918927006,0.3753913112535843,dnn,2.9384528588138892e-08,0.01619279757142067,1.0447865724563599,2.8124910257081494e-08,True
dnn,0.25,1,8,0.0,1.2166621504910964,0.3757134675755003,dnn,0.9876511096954346,0.7383495569229126,1.0447865724563599,0.9453137470683642,True
dnn,0.25,1,2,0.0,1.2166621504910964,0.3762710203489397,dnn,0.9793747067451477,0.9726513028144836,1.0447865724563599,0.9373921263579942,True
dnn,0.25,1,4,0.0,1.2166621504910964,0.3765260201239702,dnn,0.8313470482826233,0.9400436878204346,1.0447865724563599,0.7957099279406639,True
dnn,0.25,2,8,0.0,0.2987330888578299,0.3767065555689122,dnn,4.754399185458169e-07,0.01619279757142067,1.0447865724563599,4.5505936913797366e-07,True
dnn,0.25,1,8,0.0,0.900492287060531,0.3768011382220855,dnn,1.0414469242095947,0.7383495569229126,1.0447865724563599,0.9968035115163153,True
dnn,0.25,1,4,0.0,0.3650984560060393,0.3784402803142572,dnn,0.7256795763969421,0.9400436878204346,1.0447865724563599,0.694572073883782,True
dnn,0.25,2,8,0.0,0.6028741513057392,0.3790585009266974,dnn,2.284978872779675e-09,0.01619279757142067,1.0447865724563599,2.1870293254320296e-09,True
dnn,0.25,2,8,0.5,0.2444312127604942,0.3800360514400339,dnn,0.7992320656776428,0.5583295226097107,1.0447865724563599,0.7649716092719274,True
dnn,0.25,1,8,0.0,0.4932873707061831,0.3802287371304004,dnn,0.8343535661697388,0.7383495569229126,1.0447865724563599,0.7985875662702291,True
dnn,0.25,1,4,0.0,0.4036206056789731,0.3819731024741936,dnn,0.9119693636894226,0.9400436878204346,1.0447865724563599,0.8728762292047116,True
dnn,0.25,2,4,0.0,0.4036206056789731,0.3841555628271222,dnn,1.7852102175003326e-12,1.7228451998363425e-10,1.0447865724563599,1.7086841126826406e-12,True
dnn,0.25,1,4,0.0,0.3302529174737275,0.3846478616621384,dnn,0.8333250880241394,0.9400436878204346,1.0447865724563599,0.797603175608334,True
dnn,0.25,1,8,0.0,0.9955047366910889,0.3865072452031878,dnn,1.1180238723754883,0.7383495569229126,1.0447865724563599,1.0,True
dnn,0.25,2,4,0.0,0.2,0.3873325432732943,dnn,1.693736297048165e-11,1.7228451998363425e-10,1.0447865724563599,1.6211313790778177e-11,True
dnn,0.25,1,4,0.0,0.4462072918927006,0.38748090200908,dnn,0.9227060675621033,0.9400436878204346,1.0447865724563599,0.8831526858090858,True
dnn,0.25,2,8,0.0,0.2702215594677964,0.3877594180291369,dnn,8.804872777545825e-07,0.01619279757142067,1.0447865724563599,8.427436770023764e-07,True
dnn,0.25,1,2,0.5,0.2444312127604942,0.3884530992258329,dnn,0.8516456484794617,1.0447865724563599,1.0447865724563599,0.8151383937459958,True
dnn,0.25,1,8,0.0,0.2987330888578299,0.3886434749233131,dnn,0.6472747921943665,0.7383495569229126,1.0447865724563599,0.619528245536868,True
dnn,0.25,1,4,0.0,0.2,0.3887326225531512,dnn,1.0740456581115723,0.9400436878204346,1.0447865724563599,1.0,True
dnn,0.25,2,4,0.0,0.3302529174737275,0.394864307087834,dnn,3.960650384049469e-12,1.7228451998363425e-10,1.0447865724563599,3.790870296827923e-12,True
dnn,0.25,1,8,0.0,0.5453349474995434,0.3950194058000127,dnn,0.9720847010612488,0.7383495569229126,1.0447865724563599,0.9304146192995337,True
dnn,0.25,1,4,0.0,0.2211023350218148,0.3961995653105843,dnn,0.9759858250617981,0.9400436878204346,1.0447865724563599,0.9341485149136184,True
dnn,0.25,2,8,0.5,0.2211023350218148,0.396453239350715,dnn,0.5288647413253784,0.5583295226097107,1.0447865724563599,0.5061940450497786,True
dnn,0.25,2,8,0.0,0.2,0.3987380143408682,dnn,4.865567007072968e-06,0.01619279757142067,1.0447865724563599,4.656996113219287e-06,True
dnn,0.25,1,8,0.0,0.3650984560060393,0.3988272447484081,dnn,0.9364210963249207,0.7383495569229126,1.0447865724563599,0.8962797962873268,True
dnn,0.25,1,4,0.0,0.5453349474995434,0.3990164115831155,dnn,0.8802530765533447,0.9400436878204346,1.0447865724563599,0.8425195152382305,True
dnn,0.25,2,8,0.0,0.2211023350218148,0.4004605900112982,dnn,2.87205739368801e-06,0.01619279757142067,1.0447865724563599,2.748941716331231e-06,True
dnn,0.25,1,4,0.0,0.900492287060531,0.407363858259666,dnn,0.6984912157058716,0.9400436878204346,1.0447865724563599,0.6685491890115646,True
dnn,0.25,1,8,0.0,0.2702215594677964,0.4077417428342103,dnn,0.9955044984817505,0.7383495569229126,1.0447865724563599,0.9528304868440794,True
dnn,0.25,1,4,0.0,0.7368062997280775,0.4079603846908571,dnn,0.9308034777641296,0.9400436878204346,1.0447865724563599,0.890902986603045,True
dnn,0.25,1,8,0.0,0.6028741513057392,0.4098873559428973,dnn,0.9007385969161987,0.7383495569229126,1.0447865724563599,0.8621268885553389,True
dnn,0.25,1,8,0.0,1.643841718255735,0.4104229081196943,dnn,0.9148418307304382,0.7383495569229126,1.0447865724563599,0.8756255630081335,True
dnn,0.25,1,8,0.0,0.2211023350218148,0.4109175200197688,dnn,1.0477924346923828,0.7383495569229126,1.0447865724563599,1.0,True
dnn,0.25,1,4,0.0,1.3450342120312204,0.4120080091578149,dnn,0.8499711155891418,0.9400436878204346,1.0447865724563599,0.8135356425866056,True
dnn,0.25,2,4,0.5,0.2211023350218148,0.4159497435924525,dnn,1.0416865148243915e-09,3.2314126485744055e-08,1.0447865724563599,9.970328316675434e-10,True
dnn,0.25,1,2,0.0,0.6664844128899691,0.4179134304304687,dnn,0.9101405143737793,0.9726513028144836,1.0447865724563599,0.8711257766588452,True
dnn,0.25,1,8,0.0,0.8145479666433055,0.4181624040352313,dnn,1.05008065700531,0.7383495569229126,1.0447865724563599,1.0,True
dnn,0.25,1,8,0.0,0.3302529174737275,0.4202952863602027,dnn,1.0118920803070068,0.7383495569229126,1.0447865724563599,0.9685155868035172,True
dnn,0.25,1,4,0.0,0.2987330888578299,0.4259445152826969,dnn,0.8638717532157898,0.9400436878204346,1.0447865724563599,0.8268404054856603,True
dnn,0.25,1,2,0.0,0.2444312127604942,0.4291671854625225,dnn,0.7608083486557007,0.9726513028144836,1.0447865724563599,0.7281949909319678,True
dnn,0.25,1,8,0.0,0.2444312127604942,0.4306609464559761,dnn,0.6223002672195435,0.7383495569229126,1.0447865724563599,0.595624296507253,True
dnn,0.25,1,2,0.0,0.2,0.4440198081391491,dnn,0.7382351160049438,0.9726513028144836,1.0447865724563599,0.7065893987030346,True
dnn,0.25,1,8,0.0,0.2,0.444968099914277,dnn,0.9271454811096191,0.7383495569229126,1.0447865724563599,0.887401796263366,True
dnn,0.25,1,4,0.0,0.8145479666433055,0.452223776065102,dnn,0.7235418558120728,0.9400436878204346,1.0447865724563599,0.6925259903666063,True
dnn,0.25,1,2,0.0,0.4932873707061831,0.4559865666851819,dnn,0.6830887198448181,0.9726513028144836,1.0447865724563599,0.6538069476130737,True
dnn,0.5,1,4,0.5,9.045585157672232,0.3179125284967624,dnn,0.6539007425308228,1.0373661518096924,1.0373661518096924,0.6303470972039028,True
dnn,0.5,2,2,0.0,3.667470807015676,0.3207941572209539,dnn,8.673617379884035e-19,0.713407576084137,1.0373661518096924,8.361191817135011e-19,True
dnn,0.5,2,4,1.0,1.1005421090383831,0.3208205475912303,dnn,2.2108556652078448e-10,0.7178938984870911,1.0373661518096924,2.131220168839124e-10,True
dnn,0.5,2,8,1.0,10.000000000000002,0.3208205785968748,dnn,2.168404344971009e-19,0.7296114563941956,1.0373661518096924,2.0902979542837528e-19,True
dnn,0.5,2,4,0.5,5.477974412378556,0.3208205791522729,dnn,1.3877787807814457e-17,0.0007295292452909052,1.0373661518096924,1.3377906907416018e-17,True
dnn,0.5,2,2,0.0,1.1005421090383831,0.320961041925383,dnn,4.145200819039019e-06,0.713407576084137,1.0373661518096924,3.995889794367868e-06,True
dnn,0.5,2,2,0.5,0.9955047366910889,0.3209714602878425,dnn,0.4416762888431549,0.660158634185791,1.0373661518096924,0.42576701396382327,True
dnn,0.5,2,2,1.0,6.055964668833263,0.3209714620163675,dnn,1.3877787807814457e-17,0.8800157904624939,1.0373661518096924,1.3377906907416018e-17,True
dnn,0.5,2,2,0.0,0.6028741513057392,0.3209714620163675,dnn,0.7661067843437195,0.713407576084137,1.0373661518096924,0.7385114532677213,True
dnn,0.5,2,4,0.5,4.955148403871969,0.3209714620396506,dnn,1.3877787807814457e-17,0.0007295292452909052,1.0373661518096924,1.3377906907416018e-17,True
dnn,0.5,2,4,0.5,3.667470807015676,0.3209714620512922,dnn,1.3877787807814457e-17,0.0007295292452909052,1.0373661518096924,1.3377906907416018e-17,True
dnn,0.5,2,2,0.5,2.714417616594908,0.3209714620947054,dnn,2.6288284594774176e-17,0.660158634185791,1.0373661518096924,2.5341374931998777e-17,True
dnn,0.5,2,8,0.5,8.182261084470007,0.3209714625113752,dnn,0.0,0.9951527118682861,1.0373661518096924,0.0,True
dnn,0.5,2,2,0.0,3.317441949813717,0.3209818774062346,dnn,1.0408340946333722e-20,0.713407576084137,1.0373661518096924,1.003343026777604e-20,True
dnn,0.5,2,2,0.5,1.643841718255735,0.3210295722202388,dnn,4.287557658244623e-06,0.660158634185791,1.0373661518096924,4.133118909620243e-06,True
dnn,0.5,2,8,1.0,3.000820366267417,0.3210295744602636,dnn,2.4615508674871465e-17,0.7296114563941956,1.0373661518096924,2.3728852760358087e-17,True
dnn,0.5,2,4,1.0,1.817286211563076,0.3210295744675396,dnn,2.086520187652278e-15,0.7178938984870911,1.0373661518096924,2.011363281915772e-15,True
dnn,0.5,2,8,1.0,7.4013339421880975,0.3210295744830616,dnn,5.421010862427522e-20,0.7296114563941956,1.0373661518096924,5.225744885709382e-20,True
dnn,0.5,2,8,0.5,9.045585157672232,0.3210295745343571,dnn,2.168404344971009e-19,0.9951527118682861,1.0373661518096924,2.0902979542837528e-19,True
dnn,0.5,2,2,0.5,0.5453349474995434,0.3210295909923307,dnn,0.49388641119003296,0.660158634185791,1.0373661518096924,0.47609651647920526,True
dnn,0.5,2,4,0.0,0.9955047366910889,0.3211271638345452,dnn,5.1084692574178414e-15,6.033438748609399e-10,1.0373661518096924,4.924461096504915e-15,True
dnn,0.5,2,4,0.0,1.643841718255735,0.3211275343777237,dnn,7.799316423736925e-18,6.033438748609399e-10,1.0373661518096924,7.518383369392729e-18,True
dnn,0.5,2,8,1.0,2.455349570439492,0.3211275344805572,dnn,1.4969546869442185e-12,0.7296114563941956,1.0373661518096924,1.4430340572928573e-12,True
dnn,0.5,2,8,0.0,3.317441949813717,0.3211275344970494,dnn,1.3877787807814457e-17,0.7614768743515015,1.0373661518096924,1.3377906907416018e-17,True
dnn,0.5,2,4,0.0,0.2211023350218148,0.3211275595442909,dnn,3.0759891161968866e-11,6.033438748609399e-10,1.0373661518096924,2.965191326930036e-11,True
dnn,0.5,2,4,0.0,2.221007363126434,0.3211754100771708,dnn,2.872702107650456e-18,6.033438748609399e-10,1.0373661518096924,2.7692267601357605e-18,True
dnn,0.5,2,4,0.0,1.1005421090383831,0.3211969719853492,dnn,1.7337659052299361e-15,6.033438748609399e-10,1.0373661518096924,1.6713152845842999e-15,True
dnn,0.5,2,4,0.0,0.7368062997280775,0.321251992957036,dnn,7.948164153746828e-14,6.033438748609399e-10,1.0373661518096924,7.661869572167167e-14,True
dnn,0.5,2,4,0.0,5.477974412378556,0.3212520618438625,dnn,3.469446951953614e-18,6.033438748609399e-10,1.0373661518096924,3.3444767268540044e-18,True
dnn,0.5,2,8,0.5,10.000000000000002,0.3212839298277565,dnn,5.421010862427522e-20,0.9951527118682861,1.0373661518096924,5.225744885709382e-20,True
dnn,0.5,1,8,0.5,9.045585157672232,0.3213001421420306,dnn,0.5061490535736084,0.8622868657112122,1.0373661518096924,0.4879174558478006,True
dnn,0.5,2,4,0.0,0.900492287060531,0.3213176040026539,dnn,1.382249857921538e-14,6.033438748609399e-10,1.0373661518096924,1.3324609208717612e-14,True
dnn,0.5,2,4,0.0,0.6664844128899691,0.3213176063299903,dnn,1.712908921690584e-13,6.033438748609399e-10,1.0373661518096924,1.6512095740760413e-13,True
dnn,0.5,2,4,0.0,4.482221685612751,0.3213307403718115,dnn,0.0,6.033438748609399e-10,1.0373661518096924,0.0,True
dnn,0.5,2,4,0.0,1.4869510248216484,0.3213494758006567,dnn,3.647082665010397e-17,6.033438748609399e-10,1.0373661518096924,3.515713963336895e-17,True
dnn,0.5,2,2,1.0,4.054431795277528,0.3213650363200435,dnn,0.0,0.8800157904624939,1.0373661518096924,0.0,True
dnn,0.5,2,4,1.0,9.045585157672232,0.3213848190354233,dnn,8.673617379884035e-19,0.7178938984870911,1.0373661518096924,8.361191817135011e-19,True
dnn,0.5,2,4,0.5,6.69493964544323,0.3213848190492476,dnn,1.3877787807814457e-17,0.0007295292452909052,1.0373661518096924,1.3377906907416018e-17,True
dnn,0.5,2,4,0.5,2.455349570439492,0.3213848194707681,dnn,2.664535282261433e-18,0.0007295292452909052,1.0373661518096924,2.5685581485506663e-18,True
dnn,0.5,2,4,0.0,0.8145479666433055,0.3213848203957848,dnn,3.438520423796644e-14,6.033438748609399e-10,1.0373661518096924,3.314664178890088e-14,True
dnn,0.5,2,2,0.0,10.000000000000002,0.3214210785459025,dnn,0.0,0.713407576084137,1.0373661518096924,0.0,True
dnn,0.5,2,4,0.0,2.455349570439492,0.3214210789863405,dnn,0.0,6.033438748609399e-10,1.0373661518096924,0.0,True
dnn,0.5,2,4,0.0,1.817286211563076,0.3214239561443807,dnn,2.8449464757865453e-18,6.033438748609399e-10,1.0373661518096924,2.742470892098722e-18,True
dnn,0.5,2,4,0.5,1.2166621504910964,0.3214335696674026,dnn,3.1645354197328e-14,0.0007295292452909052,1.0373661518096924,3.050548173576173e-14,True
dnn,0.5,2,8,1.0,4.482221685612751,0.3214335797877746,dnn,0.0,0.7296114563941956,1.0373661518096924,0.0,True
dnn,0.5,2,4,0.0,2.0090311238977194,0.3214335797877746,dnn,4.857225753414575e-19,6.033438748609399e-10,1.0373661518096924,4.6822674375302405e-19,True
dnn,0.5,2,2,1.0,7.4013339421880975,0.3214335797877746,dnn,1.3877787807814457e-17,0.8800157904624939,1.0373661518096924,1.3377906907416018e-17,True
dnn,0.5,2,4,0.5,1.3450342120312204,0.3214337332071617,dnn,6.97425456483978e-15,0.0007295292452909052,1.0373661518096924,6.723040416031644e-15,True
dnn,0.5,2,2,0.5,4.482221685612751,0.3214609405319311,dnn,2.168404344971009e-19,0.660158634185791,1.0373661518096924,2.0902979542837528e-19,True
dnn,0.5,2,4,1.0,3.000820366267417,0.3214609405325374,dnn,2.688821343820081e-20,0.7178938984870911,1.0373661518096924,2.5919694209507545e-20,True
dnn,0.5,2,8,1.0,6.69493964544323,0.3214609405470893,dnn,5.421010862427522e-20,0.7296114563941956,1.0373661518096924,5.225744885709382e-20,True
dnn,0.5,2,2,0.5,5.477974412378556,0.3214609405759506,dnn,5.421010862427522e-20,0.660158634185791,1.0373661518096924,5.225744885709382e-20,True
dnn,0.5,2,4,0.5,9.045585157672232,0.3214609405866827,dnn,0.0,0.0007295292452909052,1.0373661518096924,0.0,True
dnn,0.5,2,2,1.0,1.4869510248216484,0.3214609406033568,dnn,0.9228337407112122,0.8800157904624939,1.0373661518096924,0.8895930709724068,True
dnn,0.5,2,2,0.0,4.054431795277528,0.3215098567156815,dnn,8.673617379884035e-19,0.713407576084137,1.0373661518096924,8.361191817135011e-19,True
dnn,0.5,2,8,0.0,1.1005421090383831,0.3215264560661285,dnn,3.796399306033038e-11,0.7614768743515015,1.0373661518096924,3.6596521868485815e-11,True
dnn,0.5,2,4,0.5,1.817286211563076,0.321526465274338,dnn,3.561040330309366e-17,0.0007295292452909052,1.0373661518096924,3.4327708920298843e-17,True
dnn,0.5,2,8,0.5,2.455349570439492,0.3215264658440455,dnn,1.6047232415123812e-16,0.9951527118682861,1.0373661518096924,1.5469207653565045e-16,True
dnn,0.5,2,4,0.0,1.3450342120312204,0.3215264675970662,dnn,1.472017001479274e-16,6.033438748609399e-10,1.0373661518096924,1.4189946326196686e-16,True
dnn,0.5,2,8,0.0,2.714417616594908,0.3215264681324554,dnn,0.0,0.7614768743515015,1.0373661518096924,0.0,True
dnn,0.5,2,2,1.0,2.0090311238977194,0.3215264684135499,dnn,0.8519066572189331,0.8800157904624939,1.0373661518096924,0.8212207962760073,True
dnn,0.5,2,2,1.0,2.714417616594908,0.3215264684290719,dnn,1.3536949373135852e-14,0.8800157904624939,1.0373661518096924,1.3049345546430786e-14,True
dnn,0.5,2,8,1.0,5.477974412378556,0.3215264684602373,dnn,0.0,0.7296114563941956,1.0373661518096924,0.0,True
dnn,0.5,2,8,1.0,4.955148403871969,0.3215264684608436,dnn,0.0,0.7296114563941956,1.0373661518096924,0.0,True
dnn,0.5,2,4,1.0,4.955148403871969,0.3215264684609649,dnn,8.673617379884035e-19,0.7178938984870911,1.0373661518096924,8.361191817135011e-19,True
dnn,0.5,2,4,1.0,8.182261084470007,0.3215264684614499,dnn,8.673617379884035e-19,0.7178938984870911,1.0373661518096924,8.361191817135011e-19,True
dnn,0.5,2,2,0.5,2.0090311238977194,0.3215264684704236,dnn,1.564053140473698e-12,0.660158634185791,1.0373661518096924,1.5077156101008275e-12,True
dnn,0.5,2,8,0.5,1.643841718255735,0.3215264739421863,dnn,6.222656834253826e-10,0.9951527118682861,1.0373661518096924,5.998515397286057e-10,True
dnn,0.5,2,2,0.0,0.4932873707061831,0.3215360073894044,dnn,0.8794222474098206,0.713407576084137,1.0373661518096924,0.8477452689926912,True
dnn,0.5,2,2,1.0,0.6664844128899691,0.3215737904494942,dnn,0.7990508079528809,0.8800157904624939,1.0373661518096924,0.7702688260639035,True
dnn,0.5,2,4,0.5,1.643841718255735,0.3215737988583791,dnn,2.4520664145836135e-16,0.0007295292452909052,1.0373661518096924,2.3637424551649066e-16,True
dnn,0.5,2,4,0.0,9.045585157672232,0.3215738049558135,dnn,3.469446951953614e-18,6.033438748609399e-10,1.0373661518096924,3.3444767268540044e-18,True
dnn,0.5,2,8,0.0,5.477974412378556,0.3215738051236456,dnn,0.0,0.7614768743515015,1.0373661518096924,0.0,True
dnn,0.5,2,8,0.5,3.317441949813717,0.3215738052497621,dnn,2.7755576933948015e-20,0.9951527118682861,1.0373661518096924,2.6755815085665e-20,True
dnn,0.5,2,8,0.0,1.4869510248216484,0.3215738168757723,dnn,1.0618189541598128e-13,0.7614768743515015,1.0373661518096924,1.0235720071524045e-13,True
dnn,0.5,2,8,0.0,1.817286211563076,0.3215803001184518,dnn,1.781241890165303e-15,0.7614768743515015,1.0373661518096924,1.717081174335517e-15,True
dnn,0.5,2,4,1.0,10.000000000000002,0.3215803032897992,dnn,8.673617379884035e-19,0.7178938984870911,1.0373661518096924,8.361191817135011e-19,True
dnn,0.5,2,2,1.0,4.482221685612751,0.3215803032897992,dnn,1.3877787807814457e-17,0.8800157904624939,1.0373661518096924,1.3377906907416018e-17,True
dnn,0.5,2,8,0.5,4.482221685612751,0.3215803033606185,dnn,0.0,0.9951527118682861,1.0373661518096924,0.0,True
dnn,0.5,2,4,0.5,2.0090311238977194,0.3215803130099935,dnn,4.704569881560644e-18,0.0007295292452909052,1.0373661518096924,4.535110262999703e-18,True
dnn,0.5,2,2,0.5,0.900492287060531,0.3215803364948444,dnn,0.559892475605011,0.660158634185791,1.0373661518096924,0.5397250282634292,True
dnn,0.5,2,2,1.0,0.900492287060531,0.3216093617235337,dnn,0.5887361764907837,0.8800157904624939,1.0373661518096924,0.5675297728422403,True
dnn,0.5,2,2,0.0,1.643841718255735,0.3216093667192062,dnn,8.268277013577519e-13,0.713407576084137,1.0373661518096924,7.97045189796626e-13,True
dnn,0.5,2,8,1.0,3.667470807015676,0.321609367340573,dnn,6.353425004768634e-20,0.7296114563941956,1.0373661518096924,6.124573270185305e-20,True
dnn,0.5,2,4,1.0,2.714417616594908,0.3216093673563376,dnn,1.9689111286900638e-19,0.7178938984870911,1.0373661518096924,1.8979905265419398e-19,True
dnn,0.5,2,2,1.0,3.317441949813717,0.3216093673590054,dnn,2.775557602921922e-18,0.8800157904624939,1.0373661518096924,2.675581421352473e-18,True
dnn,0.5,2,2,0.0,0.2211023350218148,0.3216093673614307,dnn,0.6794502139091492,0.713407576084137,1.0373661518096924,0.6549762711303464,True
dnn,0.5,2,2,0.0,4.482221685612751,0.3216093673614307,dnn,3.469446951953614e-18,0.713407576084137,1.0373661518096924,3.3444767268540044e-18,True
dnn,0.5,2,2,0.5,9.045585157672232,0.3216093673614307,dnn,5.421010862427522e-20,0.660158634185791,1.0373661518096924,5.225744885709382e-20,True
dnn,0.5,2,8,1.0,8.182261084470007,0.3216093673614307,dnn,2.168404344971009e-19,0.7296114563941956,1.0373661518096924,2.0902979542837528e-19,True
dnn,0.5,2,2,1.0,10.000000000000002,0.3216093673614307,dnn,1.3877787807814457e-17,0.8800157904624939,1.0373661518096924,1.3377906907416018e-17,True
dnn,0.5,2,8,0.5,2.221007363126434,0.321609368474531,dnn,4.229845792879218e-15,0.9951527118682861,1.0373661518096924,4.0774858380526715e-15,True
dnn,0.5,2,4,1.0,1.4869510248216484,0.3216093694629698,dnn,1.7417884083832658e-13,0.7178938984870911,1.0373661518096924,1.679048815449303e-13,True
dnn,0.5,2,8,1.0,2.221007363126434,0.3216093695835082,dnn,0.0003201607323717326,0.7296114563941956,1.0373661518096924,0.00030862847396091536,True
dnn,0.5,2,2,0.5,0.8145479666433055,0.3216093730151529,dnn,0.647063136100769,0.660158634185791,1.0373661518096924,0.6237557828274645,True
dnn,0.5,2,8,1.0,1.817286211563076,0.3216093890927759,dnn,0.5728696584701538,0.7296114563941956,1.0373661518096924,0.5522347702118281,True
dnn,0.5,2,2,0.0,2.221007363126434,0.3216239549646248,dnn,3.1645518839357124e-16,0.713407576084137,1.0373661518096924,3.0505640447349567e-16,True
dnn,0.5,2,4,0.0,10.000000000000002,0.3216606618600564,dnn,3.469446951953614e-18,6.033438748609399e-10,1.0373661518096924,3.3444767268540044e-18,True
dnn,0.5,2,4,0.0,6.69493964544323,0.3216606620152769,dnn,3.469446951953614e-18,6.033438748609399e-10,1.0373661518096924,3.3444767268540044e-18,True
dnn,0.5,2,8,0.0,2.0090311238977194,0.3216606714798425,dnn,2.1282975996163138e-16,0.7614768743515015,1.0373661518096924,2.0516358625192118e-16,True
dnn,0.5,2,8,0.0,9.045585157672232,0.3216692657719496,dnn,1.3877787807814457e-17,0.7614768743515015,1.0373661518096924,1.3377906907416018e-17,True
dnn,0.5,2,8,0.0,4.955148403871969,0.321669265835978,dnn,0.0,0.7614768743515015,1.0373661518096924,0.0,True
dnn,0.5,2,4,1.0,7.4013339421880975,0.3217037975769805,dnn,8.673617379884035e-19,0.7178938984870911,1.0373661518096924,8.361191817135011e-19,True
dnn,0.5,2,2,0.5,6.69493964544323,0.3217037977011568,dnn,2.168404344971009e-19,0.660158634185791,1.0373661518096924,2.0902979542837528e-19,True
dnn,0.5,2,8,0.0,2.455349570439492,0.3217037999217791,dnn,1.2767564808004719e-18,0.7614768743515015,1.0373661518096924,1.2307674378744297e-18,True
dnn,0.5,2,2,0.0,8.182261084470007,0.3217240524868129,dnn,3.469446951953614e-18,0.713407576084137,1.0373661518096924,3.3444767268540044e-18,True
dnn,0.5,2,8,0.0,8.182261084470007,0.3217871309271262,dnn,1.3877787807814457e-17,0.7614768743515015,1.0373661518096924,1.3377906907416018e-17,True
dnn,0.5,2,2,1.0,8.182261084470007,0.3217885740632623,dnn,1.3877787807814457e-17,0.8800157904624939,1.0373661518096924,1.3377906907416018e-17,True
dnn,0.5,2,4,0.0,2.714417616594908,0.3217885740632623,dnn,1.3877787807814457e-17,6.033438748609399e-10,1.0373661518096924,1.3377906907416018e-17,True
dnn,0.5,2,4,0.5,10.000000000000002,0.3217885740748432,dnn,0.0,0.0007295292452909052,1.0373661518096924,0.0,True
dnn,0.5,2,4,0.5,4.054431795277528,0.3217885740826042,dnn,1.3877787807814457e-17,0.0007295292452909052,1.0373661518096924,1.3377906907416018e-17,True
dnn,0.5,2,2,1.0,2.221007363126434,0.3218337633270225,dnn,0.7681297063827515,0.8800157904624939,1.0373661518096924,0.7404615092200029,True
dnn,0.5,2,2,1.0,5.477974412378556,0.3218337633289628,dnn,1.3877787807814457e-17,0.8800157904624939,1.0373661518096924,1.3377906907416018e-17,True
dnn,0.5,2,2,0.5,4.955148403871969,0.3218337633393917,dnn,0.0,0.660158634185791,1.0373661518096924,0.0,True
dnn,0.5,2,8,0.5,3.000820366267417,0.32183376346951,dnn,3.2786272930819587e-19,0.9951527118682861,1.0373661518096924,3.1605304331188855e-19,True
dnn,0.5,2,8,0.5,5.477974412378556,0.3218337635774367,dnn,0.0,0.9951527118682861,1.0373661518096924,0.0,True
dnn,0.5,2,4,0.5,6.055964668833263,0.3218635375502872,dnn,1.3877787807814457e-17,0.0007295292452909052,1.0373661518096924,1.3377906907416018e-17,True
dnn,0.5,2,4,1.0,2.221007363126434,0.3218635375793303,dnn,1.85823576893751e-17,0.7178938984870911,1.0373661518096924,1.791301717041572e-17,True
dnn,0.5,2,4,0.0,3.000820366267417,0.3219537961433646,dnn,0.0,6.033438748609399e-10,1.0373661518096924,0.0,True
dnn,0.5,2,2,0.0,0.6664844128899691,0.3219837624261076,dnn,0.5794485807418823,0.713407576084137,1.0373661518096924,0.5585767182889381,True
dnn,0.5,2,8,0.0,4.482221685612751,0.3220489084283614,dnn,0.0,0.7614768743515015,1.0373661518096924,0.0,True
dnn,0.5,2,2,1.0,1.3450342120312204,0.3220551510699972,dnn,0.5955275893211365,0.8800157904624939,1.0373661518096924,0.57407655752237,True
dnn,0.5,2,2,0.5,3.000820366267417,0.3220551548517975,dnn,8.738669965182503e-19,0.660158634185791,1.0373661518096924,8.423901194325487e-19,True
dnn,0.5,2,2,1.0,3.667470807015676,0.3220551552415463,dnn,1.3877787807814457e-17,0.8800157904624939,1.0373661518096924,1.3377906907416018e-17,True
dnn,0.5,2,2,0.0,1.3450342120312204,0.3220636400542694,dnn,2.946008714754811e-10,0.713407576084137,1.0373661518096924,2.8398928474921594e-10,True
dnn,0.5,2,8,0.0,6.69493964544323,0.3220636400581499,dnn,0.0,0.7614768743515015,1.0373661518096924,0.0,True
dnn,0.5,2,4,0.5,3.000820366267417,0.3220782197520144,dnn,3.469446951953614e-18,0.0007295292452909052,1.0373661518096924,3.3444767268540044e-18,True
dnn,0.5,2,4,0.5,8.182261084470007,0.3220782198905001,dnn,1.3877787807814457e-17,0.0007295292452909052,1.0373661518096924,1.3377906907416018e-17,True
dnn,0.5,2,4,0.0,3.667470807015676,0.3220782200312899,dnn,3.469446951953614e-18,6.033438748609399e-10,1.0373661518096924,3.3444767268540044e-18,True
dnn,0.5,2,2,0.5,1.2166621504910964,0.3220782259975145,dnn,0.504655122756958,0.660158634185791,1.0373661518096924,0.4864773367403435,True
dnn,0.5,2,8,0.0,3.667470807015676,0.322127305058042,dnn,0.0,0.7614768743515015,1.0373661518096924,0.0,True
dnn,0.5,2,4,1.0,1.2166621504910964,0.3221747515704774,dnn,1.6617523329598427e-11,0.7178938984870911,1.0373661518096924,1.6018956566694453e-11,True
dnn,0.5,2,8,0.0,1.643841718255735,0.3221747518710957,dnn,1.412198147727724e-14,0.7614768743515015,1.0373661518096924,1.3613304668405988e-14,True
dnn,0.5,2,2,1.0,0.4932873707061831,0.3221747584564437,dnn,0.5234736204147339,0.8800157904624939,1.0373661518096924,0.5046179880667309,True
dnn,0.5,2,2,0.5,1.3450342120312204,0.3221747601141494,dnn,0.5516600012779236,0.660158634185791,1.0373661518096924,0.5317890894314885,True
dnn,0.5,2,2,0.5,1.4869510248216484,0.3221747602173467,dnn,0.43995165824890137,0.660158634185791,1.0373661518096924,0.42410450493435004,True
dnn,0.5,2,8,1.0,3.317441949813717,0.3221747617038248,dnn,3.241764506071416e-19,0.7296114563941956,1.0373661518096924,3.1249954516215276e-19,True
dnn,0.5,2,4,1.0,3.317441949813717,0.3221747617043099,dnn,2.168404344971009e-19,0.7178938984870911,1.0373661518096924,2.0902979542837528e-19,True
dnn,0.5,2,8,1.0,4.054431795277528,0.3221747617044312,dnn,3.7079715126184864e-20,0.7296114563941956,1.0373661518096924,3.574409581563756e-20,True
dnn,0.5,2,2,0.5,8.182261084470007,0.3221747617072203,dnn,0.0,0.660158634185791,1.0373661518096924,0.0,True
dnn,0.5,2,2,1.0,1.817286211563076,0.3221747617083117,dnn,0.6691518425941467,0.8800157904624939,1.0373661518096924,0.6450488493641389,True
dnn,0.5,2,4,1.0,3.667470807015676,0.3221747617098882,dnn,8.673617379884035e-19,0.7178938984870911,1.0373661518096924,8.361191817135011e-19,True
dnn,0.5,2,4,1.0,4.482221685612751,0.3221747617165578,dnn,8.673617379884035e-19,0.7178938984870911,1.0373661518096924,8.361191817135011e-19,True
dnn,0.5,2,8,1.0,6.055964668833263,0.3221747617169216,dnn,0.0,0.7296114563941956,1.0373661518096924,0.0,True
dnn,0.5,2,4,1.0,6.69493964544323,0.3221747617174066,dnn,8.673617379884035e-19,0.7178938984870911,1.0373661518096924,8.361191817135011e-19,True
dnn,0.5,2,2,1.0,4.955148403871969,0.3221747617175279,dnn,1.3877787807814457e-17,0.8800157904624939,1.0373661518096924,1.3377906907416018e-17,True
dnn,0.5,2,2,1.0,6.69493964544323,0.3221747617175279,dnn,1.3877787807814457e-17,0.8800157904624939,1.0373661518096924,1.3377906907416018e-17,True
dnn,0.5,2,2,0.5,10.000000000000002,0.3221747617176492,dnn,2.168404344971009e-19,0.660158634185791,1.0373661518096924,2.0902979542837528e-19,True
dnn,0.5,2,4,0.5,7.4013339421880975,0.3221747617198319,dnn,0.0,0.0007295292452909052,1.0373661518096924,0.0,True
dnn,0.5,2,8,1.0,2.714417616594908,0.3221747620803556,dnn,2.9614321655742695e-15,0.7296114563941956,1.0373661518096924,2.8547607422972408e-15,True
dnn,0.5,2,4,1.0,1.3450342120312204,0.3221747632590608,dnn,1.6084456900058997e-12,0.7178938984870911,1.0373661518096924,1.5505091304550038e-12,True
dnn,0.5,2,2,1.0,0.9955047366910889,0.3221747633885728,dnn,0.6204553246498108,0.8800157904624939,1.0373661518096924,0.5981063904653359,True
dnn,0.5,2,2,1.0,1.1005421090383831,0.3221787482069809,dnn,0.627769410610199,0.8800157904624939,1.0373661518096924,0.6051570214769886,True
dnn,0.5,2,8,0.5,2.0090311238977194,0.3221787818238454,dnn,1.2612819317615875e-13,0.9951527118682861,1.0373661518096924,1.215850285418772e-13,True
dnn,0.5,2,8,0.0,6.055964668833263,0.3221787926640521,dnn,1.3877787807814457e-17,0.7614768743515015,1.0373661518096924,1.3377906907416018e-17,True
dnn,0.5,2,8,0.5,6.69493964544323,0.3221787928333394,dnn,0.0,0.9951527118682861,1.0373661518096924,0.0,True
dnn,0.5,2,2,0.0,0.9955047366910889,0.3223636361842487,dnn,0.12735231220722198,0.713407576084137,1.0373661518096924,0.12276505454227035,True
dnn,0.5,2,2,0.0,1.4869510248216484,0.3224324228580593,dnn,1.3317249213107285e-11,0.713407576084137,1.0373661518096924,1.2837559033399395e-11,True
dnn,0.5,2,2,0.5,2.455349570439492,0.3224324283674144,dnn,8.030142331722705e-16,0.660158634185791,1.0373661518096924,7.74089487854801e-16,True
dnn,0.5,2,8,0.0,10.000000000000002,0.3224324284993518,dnn,0.0,0.7614768743515015,1.0373661518096924,0.0,True
dnn,0.5,2,8,0.5,2.714417616594908,0.3224324311424646,dnn,5.77662904265387e-18,0.9951527118682861,1.0373661518096924,5.568553622630255e-18,True
dnn,0.5,2,8,0.5,1.2166621504910964,0.3224324516541167,dnn,0.6212274432182312,0.9951527118682861,1.0373661518096924,0.5988506971569254,True
dnn,0.5,2,8,0.5,1.817286211563076,0.3225310078982871,dnn,5.51010235702587e-12,0.9951527118682861,1.0373661518096924,5.311627285518675e-12,True
dnn,0.5,2,2,0.0,5.477974412378556,0.3225310161815404,dnn,8.673617379884035e-19,0.713407576084137,1.0373661518096924,8.361191817135011e-19,True
dnn,0.5,2,2,0.5,2.221007363126434,0.3225310165298163,dnn,2.8663523784317954e-14,0.660158634185791,1.0373661518096924,2.7631057495286733e-14,True
dnn,0.5,2,4,0.0,4.054431795277528,0.3225761817136642,dnn,3.469446951953614e-18,6.033438748609399e-10,1.0373661518096924,3.3444767268540044e-18,True
dnn,0.5,2,2,0.0,1.2166621504910964,0.3225761817136642,dnn,1.337785171529049e-08,0.713407576084137,1.0373661518096924,1.2895978620425137e-08,True
dnn,0.5,2,4,0.0,7.4013339421880975,0.322660043965296,dnn,3.469446951953614e-18,6.033438748609399e-10,1.0373661518096924,3.3444767268540044e-18,True
dnn,0.5,2,8,0.0,0.8145479666433055,0.3226671298051726,dnn,1.0572052566715229e-08,0.7614768743515015,1.0373661518096924,1.0191244960395334e-08,True
dnn,0.5,2,2,0.0,4.955148403871969,0.3226672733433241,dnn,8.673617379884035e-19,0.713407576084137,1.0373661518096924,8.361191817135011e-19,True
dnn,0.5,2,4,0.0,3.317441949813717,0.3226672739137592,dnn,0.0,6.033438748609399e-10,1.0373661518096924,0.0,True
dnn,0.5,2,8,0.0,4.054431795277528,0.3226672742710087,dnn,1.3877787807814457e-17,0.7614768743515015,1.0373661518096924,1.3377906907416018e-17,True
dnn,0.5,2,4,0.5,3.317441949813717,0.3226672743520143,dnn,1.3877787807814457e-17,0.0007295292452909052,1.0373661518096924,1.3377906907416018e-17,True
dnn,0.5,2,4,1.0,2.0090311238977194,0.3226672744938955,dnn,2.0819197664272826e-16,0.7178938984870911,1.0373661518096924,2.0069285688523376e-16,True
dnn,0.5,2,4,0.5,1.1005421090383831,0.3228909868361041,dnn,1.2824036808595923e-13,0.0007295292452909052,1.0373661518096924,1.2362112245733391e-13,True
dnn,0.5,2,2,0.5,1.1005421090383831,0.3228909888614275,dnn,0.48365113139152527,0.660158634185791,1.0373661518096924,0.46622991365950445,True
dnn,0.5,2,4,0.0,6.055964668833263,0.3228909899727087,dnn,3.469446951953614e-18,6.033438748609399e-10,1.0373661518096924,3.3444767268540044e-18,True
dnn,0.5,2,4,1.0,5.477974412378556,0.3228909899727087,dnn,8.673617379884035e-19,0.7178938984870911,1.0373661518096924,8.361191817135011e-19,True
dnn,0.5,2,2,0.5,6.055964668833263,0.3228909899727694,dnn,5.421010862427522e-20,0.660158634185791,1.0373661518096924,5.225744885709382e-20,True
dnn,0.5,2,4,1.0,1.643841718255735,0.3228909900090885,dnn,1.9378473977392507e-14,0.7178938984870911,1.0373661518096924,1.8680457178583113e-14,True
dnn,0.5,2,2,0.5,1.817286211563076,0.3228993204802134,dnn,2.708327728750959e-10,0.660158634185791,1.0373661518096924,2.6107731817027793e-10,True
dnn,0.5,2,2,1.0,2.455349570439492,0.3228993212965759,dnn,4.043451684587751e-11,0.8800157904624939,1.0373661518096924,3.897805685614401e-11,True
dnn,0.5,2,4,0.0,8.182261084470007,0.3228993213863127,dnn,3.469446951953614e-18,6.033438748609399e-10,1.0373661518096924,3.3444767268540044e-18,True
dnn,0.5,2,2,0.5,3.667470807015676,0.3228993220057392,dnn,1.0408340946333722e-20,0.660158634185791,1.0373661518096924,1.003343026777604e-20,True
dnn,0.5,2,4,0.5,2.221007363126434,0.3228993221350087,dnn,1.4988011221214501e-18,0.0007295292452909052,1.0373661518096924,1.4448139834780432e-18,True
dnn,0.5,2,8,0.5,6.055964668833263,0.3228993221813324,dnn,0.0,0.9951527118682861,1.0373661518096924,0.0,True
dnn,0.5,2,8,0.5,1.4869510248216484,0.3229009208822907,dnn,2.683723039353936e-07,0.9951527118682861,1.0373661518096924,2.587054758507555e-07,True
dnn,0.5,1,4,1.0,10.000000000000002,0.3229681366437408,dnn,0.33690622448921204,0.8235658407211304,1.0373661518096924,0.32477078985223956,True
dnn,0.5,2,2,0.0,2.714417616594908,0.3234272573196313,dnn,2.2655488496995427e-18,0.713407576084137,1.0373661518096924,2.1839432930670403e-18,True
dnn,0.5,1,2,0.5,10.000000000000002,0.3234330323098504,dnn,0.41223832964897156,0.6200992465019226,1.0373661518096924,0.397389416388629,True
dnn,0.5,2,8,0.0,2.221007363126434,0.3235055720165266,dnn,2.464695146431583e-17,0.7614768743515015,1.0373661518096924,2.3759162973766838e-17,True
dnn,0.5,2,4,0.5,4.482221685612751,0.3235055739231306,dnn,1.3877787807814457e-17,0.0007295292452909052,1.0373661518096924,1.3377906907416018e-17,True
dnn,0.5,2,8,0.5,3.667470807015676,0.3235055744523959,dnn,8.673617379884035e-19,0.9951527118682861,1.0373661518096924,8.361191817135011e-19,True
dnn,0.5,2,2,0.0,6.69493964544323,0.3235222466431852,dnn,0.0,0.713407576084137,1.0373661518096924,0.0,True
dnn,0.5,2,2,0.0,0.8145479666433055,0.3235222466432155,dnn,0.7084311842918396,0.713407576084137,1.0373661518096924,0.682913340729285,True
dnn,0.5,2,2,0.5,7.4013339421880975,0.3235701552056499,dnn,0.0,0.660158634185791,1.0373661518096924,0.0,True
dnn,0.5,2,2,0.0,0.3302529174737275,0.3235780242575779,dnn,0.6203132271766663,0.713407576084137,1.0373661518096924,0.5979694113737233,True
dnn,0.5,2,2,1.0,9.045585157672232,0.3236332720490837,dnn,1.3877787807814457e-17,0.8800157904624939,1.0373661518096924,1.3377906907416018e-17,True
dnn,0.5,2,2,0.5,0.2702215594677964,0.3236584732162157,dnn,0.6219921708106995,0.660158634185791,1.0373661518096924,0.5995878790971055,True
dnn,0.5,2,4,1.0,2.455349570439492,0.3236584739767352,dnn,1.5152809380677675e-18,0.7178938984870911,1.0373661518096924,1.4607001929110079e-18,True
dnn,0.5,2,4,1.0,6.055964668833263,0.3236584739786755,dnn,8.673617379884035e-19,0.7178938984870911,1.0373661518096924,8.361191817135011e-19,True
dnn,0.5,2,4,1.0,4.054431795277528,0.3236584739844962,dnn,8.673617379884035e-19,0.7178938984870911,1.0373661518096924,8.361191817135011e-19,True
dnn,0.5,2,2,0.0,0.7368062997280775,0.3236813205331585,dnn,0.44128283858299255,0.713407576084137,1.0373661518096924,0.42538773586661915,True
dnn,0.5,2,4,0.0,1.2166621504910964,0.323681332595726,dnn,5.299788271576815e-16,6.033438748609399e-10,1.0373661518096924,5.108888758642547e-16,True
dnn,0.5,2,8,1.0,9.045585157672232,0.3237063213773868,dnn,2.168404344971009e-19,0.7296114563941956,1.0373661518096924,2.0902979542837528e-19,True
dnn,0.5,2,2,0.0,3.000820366267417,0.3237063213773868,dnn,4.406197769601794e-19,0.713407576084137,1.0373661518096924,4.2474855786601016e-19,True
dnn,0.5,2,2,0.0,2.455349570439492,0.3237063213773868,dnn,2.1520979681196285e-17,0.713407576084137,1.0373661518096924,2.074578936632238e-17,True
dnn,0.5,2,8,0.5,7.4013339421880975,0.323706321546371,dnn,0.0,0.9951527118682861,1.0373661518096924,0.0,True
dnn,0.5,2,4,0.5,2.714417616594908,0.3237313251553117,dnn,3.469446951953614e-18,0.0007295292452909052,1.0373661518096924,3.3444767268540044e-18,True
dnn,0.5,2,8,0.0,7.4013339421880975,0.3237509406484528,dnn,1.3877787807814457e-17,0.7614768743515015,1.0373661518096924,1.3377906907416018e-17,True
dnn,0.5,2,2,0.5,4.054431795277528,0.3237509407332177,dnn,0.0,0.660158634185791,1.0373661518096924,0.0,True
dnn,0.5,2,2,0.0,0.2444312127604942,0.3237821839595728,dnn,0.5008990168571472,0.713407576084137,1.0373661518096924,0.48285652658256245,True
dnn,0.5,2,8,0.0,3.000820366267417,0.3237821917737087,dnn,0.0,0.7614768743515015,1.0373661518096924,0.0,True
dnn,0.5,2,2,0.0,0.5453349474995434,0.3238118724661004,dnn,0.4869307279586792,0.713407576084137,1.0373661518096924,0.46939137845323486,True
dnn,0.5,2,2,0.0,6.055964668833263,0.323811872675648,dnn,0.0,0.713407576084137,1.0373661518096924,0.0,True
dnn,0.5,2,4,0.0,4.955148403871969,0.3238270248660784,dnn,3.469446951953614e-18,6.033438748609399e-10,1.0373661518096924,3.3444767268540044e-18,True
dnn,0.5,2,2,0.5,3.317441949813717,0.3238860827884609,dnn,2.808083662926608e-20,0.660158634185791,1.0373661518096924,2.7069358856830705e-20,True
dnn,0.5,2,2,0.0,1.817286211563076,0.3238860828151394,dnn,5.905747489350424e-14,0.713407576084137,1.0373661518096924,5.693021195117854e-14,True
dnn,0.5,2,8,0.5,4.955148403871969,0.3238860829217928,dnn,8.673617379884035e-19,0.9951527118682861,1.0373661518096924,8.361191817135011e-19,True
dnn,0.5,2,8,0.5,4.054431795277528,0.3238860834472382,dnn,8.673617379884035e-19,0.9951527118682861,1.0373661518096924,8.361191817135011e-19,True
dnn,0.5,2,4,0.5,1.4869510248216484,0.3239152508840325,dnn,1.3671286469229779e-15,0.0007295292452909052,1.0373661518096924,1.3178843791442516e-15,True
dnn,0.5,2,2,1.0,3.000820366267417,0.3239152553490452,dnn,8.082423455158506e-17,0.8800157904624939,1.0373661518096924,7.791292824677828e-17,True
dnn,0.5,2,2,0.0,7.4013339421880975,0.3239152554965046,dnn,8.673617379884035e-19,0.713407576084137,1.0373661518096924,8.361191817135011e-19,True
dnn,0.5,2,2,1.0,1.643841718255735,0.3239152555702344,dnn,0.5839255452156067,0.8800157904624939,1.0373661518096924,0.5628924215398242,True
dnn,0.5,2,4,0.5,0.9955047366910889,0.3239152678108203,dnn,4.709504813037169e-13,0.0007295292452909052,1.0373661518096924,4.5398674371834914e-13,True
dnn,0.5,2,2,0.0,9.045585157672232,0.3239526045306772,dnn,7.806255641895632e-18,0.713407576084137,1.0373661518096924,7.52507263542151e-18,True
dnn,0.5,2,8,0.0,1.3450342120312204,0.3240152494511976,dnn,7.653385303979521e-13,0.7614768743515015,1.0373661518096924,7.37770871994246e-13,True
dnn,0.5,2,2,0.0,0.900492287060531,0.3240967700394851,dnn,0.637260377407074,0.713407576084137,1.0373661518096924,0.614306121609394,True
dnn,0.5,2,2,0.0,2.0090311238977194,0.3240967700472461,dnn,4.388128722150261e-15,0.713407576084137,1.0373661518096924,4.230067382182405e-15,True
dnn,0.5,1,4,0.5,7.4013339421880975,0.3243197229979497,dnn,0.7915408611297607,1.0373661518096924,1.0373661518096924,0.7630293891399023,True
dnn,0.5,1,2,0.5,5.477974412378556,0.3245595219805847,dnn,0.7203283905982971,0.6200992465019226,1.0373661518096924,0.6943820071068246,True
dnn,0.5,1,8,1.0,6.69493964544323,0.3262330966668409,dnn,0.5020761489868164,0.5888000726699829,1.0373661518096924,0.4839912581598514,True
dnn,0.5,1,8,1.0,10.000000000000002,0.3262747871497691,dnn,0.4213836193084717,0.5888000726699829,1.0373661518096924,0.40620529074846434,True
dnn,0.5,1,2,1.0,7.4013339421880975,0.3264392982186438,dnn,0.4755396842956543,0.8320742249488831,1.0373661518096924,0.45841064263189235,True
dnn,0.5,1,4,0.5,10.000000000000002,0.3265707803084107,dnn,0.46829915046691895,1.0373661518096924,1.0373661518096924,0.4514309143882976,True
dnn,0.5,1,4,1.0,6.055964668833263,0.3268046204351221,dnn,0.7262292504310608,0.8235658407211304,1.0373661518096924,0.7000703166997968,True
dnn,0.5,1,8,1.0,5.477974412378556,0.327010112626619,dnn,0.7499971985816956,0.5888000726699829,1.0373661518096924,0.7229821382482167,True
dnn,0.5,1,8,0.5,10.000000000000002,0.3273076232942751,dnn,0.5206581950187683,0.8622868657112122,1.0373661518096924,0.5019039748988113,True
dnn,0.5,1,8,0.0,9.045585157672232,0.3274448032436094,dnn,0.5340458750724792,0.8047332763671875,1.0373661518096924,0.514809427838794,True
dnn,0.5,1,4,1.0,8.182261084470007,0.3274458538731663,dnn,0.5051461458206177,0.8235658407211304,1.0373661518096924,0.48695067304768597,True
dnn,0.5,1,8,1.0,9.045585157672232,0.3274604997932779,dnn,0.39061957597732544,0.5888000726699829,1.0373661518096924,0.376549374872013,True
dnn,0.5,1,2,0.5,6.69493964544323,0.3276333661572427,dnn,0.6612966656684875,0.6200992465019226,1.0373661518096924,0.6374766176001125,True
dnn,0.5,1,4,1.0,9.045585157672232,0.3279930258348583,dnn,0.38890472054481506,0.8235658407211304,1.0373661518096924,0.3748962889008554,True
dnn,0.5,1,2,1.0,4.482221685612751,0.3282120971558937,dnn,0.6580072641372681,0.8320742249488831,1.0373661518096924,0.6343057010192301,True
dnn,0.5,1,2,1.0,10.000000000000002,0.3286217500469698,dnn,0.38830748200416565,0.8320742249488831,1.0373661518096924,0.37432056302083944,True
dnn,0.5,1,2,0.5,9.045585157672232,0.3289342390687307,dnn,0.6327108144760132,0.6200992465019226,1.0373661518096924,0.6099204349132125,True
dnn,0.5,1,4,0.5,5.477974412378556,0.3293989659754182,dnn,0.8006739020347595,1.0373661518096924,1.0373661518096924,0.7718334559480068,True
dnn,0.5,1,4,1.0,4.482221685612751,0.3294247263130074,dnn,0.799182653427124,0.8235658407211304,1.0373661518096924,0.7703959224358192,True
dnn,0.5,1,4,1.0,7.4013339421880975,0.3297045982474889,dnn,0.5037895441055298,0.8235658407211304,1.0373661518096924,0.4856429364180289,True
dnn,0.5,1,8,0.5,6.69493964544323,0.3297516533056969,dnn,0.8109583258628845,0.8622868657112122,1.0373661518096924,0.7817474326188127,True
dnn,0.5,1,8,0.5,8.182261084470007,0.3302677703940576,dnn,0.7248880863189697,0.8622868657112122,1.0373661518096924,0.6987774616073577,True
dnn,0.5,1,8,1.0,8.182261084470007,0.3302904743779656,dnn,0.669511079788208,0.5888000726699829,1.0373661518096924,0.6453951467572383,True
dnn,0.5,1,2,1.0,8.182261084470007,0.3305128556250463,dnn,0.5876615047454834,0.8320742249488831,1.0373661518096924,0.5664938110042474,True
dnn,0.5,1,8,0.5,7.4013339421880975,0.3306276754644462,dnn,0.48500585556030273,0.8622868657112122,1.0373661518096924,0.4675358403724728,True
dnn,0.5,1,4,0.5,6.055964668833263,0.3314657688149847,dnn,0.3778826594352722,1.0373661518096924,1.0373661518096924,0.36427124480209166,True
dnn,0.5,1,4,0.0,10.000000000000002,0.3321617538954741,dnn,0.5200183391571045,0.9410871267318726,1.0373661518096924,0.5012871667828461,True
dnn,0.5,1,8,1.0,7.4013339421880975,0.3326415871636437,dnn,0.7144310474395752,0.5888000726699829,1.0373661518096924,0.6886970875165392,True
dnn,0.5,1,2,1.0,9.045585157672232,0.3326719380908775,dnn,0.3926840126514435,0.8320742249488831,1.0373661518096924,0.37853945009329976,True
dnn,0.5,1,4,0.5,8.182261084470007,0.3330000862102911,dnn,0.6563485264778137,1.0373661518096924,1.0373661518096924,0.6327067114468784,True
dnn,0.5,1,2,0.5,7.4013339421880975,0.333158441062085,dnn,0.5037322640419006,0.6200992465019226,1.0373661518096924,0.4855877195946062,True
dnn,0.5,1,2,1.0,6.055964668833263,0.3335445712850978,dnn,0.41105902194976807,0.8320742249488831,1.0373661518096924,0.39625258760628806,True
dnn,0.5,1,4,1.0,6.69493964544323,0.3336240458158119,dnn,0.6286243200302124,0.8235658407211304,1.0373661518096924,0.6059811368758976,True
dnn,0.5,1,4,0.0,9.045585157672232,0.333745187947162,dnn,0.8031798601150513,0.9410871267318726,1.0373661518096924,0.7742491488794949,True
dnn,0.5,1,8,1.0,3.667470807015676,0.3341607406114404,dnn,0.8738917112350464,0.5888000726699829,1.0373661518096924,0.8424139439199325,True
dnn,0.5,1,8,0.5,4.955148403871969,0.3341839912403434,dnn,0.7406986355781555,0.8622868657112122,1.0373661518096924,0.7140185114831457,True
dnn,0.5,1,4,1.0,3.317441949813717,0.3346602904251501,dnn,0.6032967567443848,0.8235658407211304,1.0373661518096924,0.5815658778647533,True
dnn,0.5,1,2,1.0,4.955148403871969,0.3347670045047587,dnn,0.46251967549324036,0.8320742249488831,1.0373661518096924,0.44585961734568996,True
dnn,0.5,1,2,0.0,9.045585157672232,0.3348357876716186,dnn,0.4380234479904175,0.7997114658355713,1.0373661518096924,0.4222457492239192,True
dnn,0.5,1,2,0.5,4.482221685612751,0.3352185266121218,dnn,0.7218431234359741,0.6200992465019226,1.0373661518096924,0.6958421789420388,True
dnn,0.5,1,8,1.0,6.055964668833263,0.3352423202910454,dnn,0.7678913474082947,0.5888000726699829,1.0373661518096924,0.7402317359870504,True
dnn,0.5,1,2,1.0,5.477974412378556,0.3352947895841175,dnn,0.49843791127204895,0.8320742249488831,1.0373661518096924,0.4804840705497481,True
dnn,0.5,1,8,0.5,4.054431795277528,0.3360865994849663,dnn,0.8852652907371521,0.8622868657112122,1.0373661518096924,0.8533778446431867,True
dnn,0.5,1,4,0.5,4.054431795277528,0.33630489296936,dnn,0.7989979386329651,1.0373661518096924,1.0373661518096924,0.7702178611082574,True
dnn,0.5,1,2,0.0,5.477974412378556,0.3363590181846192,dnn,0.46460628509521484,0.7997114658355713,1.0373661518096924,0.4478710668212048,True
dnn,0.5,1,2,0.0,10.000000000000002,0.3366907959050814,dnn,0.6341566443443298,0.7997114658355713,1.0373661518096924,0.611314185678836,True
dnn,0.5,1,4,1.0,3.667470807015676,0.3368845121114043,dnn,0.5505853295326233,0.8235658407211304,1.0373661518096924,0.5307531275934957,True
dnn,0.5,1,8,0.5,2.221007363126434,0.336972885516641,dnn,0.4270019829273224,0.8622868657112122,1.0373661518096924,0.411621279701882,True
dnn,0.5,1,4,1.0,5.477974412378556,0.3370275382759703,dnn,0.429504930973053,0.8235658407211304,1.0373661518096924,0.414034071020901,True
dnn,0.5,1,4,1.0,4.955148403871969,0.3370821385399432,dnn,0.8382860422134399,0.8235658407211304,1.0373661518096924,0.8080907987512839,True
dnn,0.5,1,8,0.0,8.182261084470007,0.3374178625828634,dnn,0.5112118124961853,0.8047332763671875,1.0373661518096924,0.49279785310555274,True
dnn,0.5,1,8,0.5,5.477974412378556,0.3374328917465785,dnn,0.7884623408317566,0.8622868657112122,1.0373661518096924,0.7600617578048778,True
dnn,0.5,1,2,0.5,8.182261084470007,0.3375791633529125,dnn,0.4630146324634552,0.6200992465019226,1.0373661518096924,0.44633674585942773,True
dnn,0.5,1,2,0.0,7.4013339421880975,0.3376094949139631,dnn,0.7427833676338196,0.7997114658355713,1.0373661518096924,0.7160281510419719,True
dnn,0.5,1,4,1.0,4.054431795277528,0.3376615260802317,dnn,0.42214831709861755,0.8235658407211304,1.0373661518096924,0.4069424439598081,True
dnn,0.5,1,8,0.5,6.055964668833263,0.3376969681726602,dnn,0.45172178745269775,0.8622868657112122,1.0373661518096924,0.4354506715537865,True
dnn,0.5,2,8,1.0,2.0090311238977194,0.3378003522204912,dnn,0.6885796189308167,0.7296114563941956,1.0373661518096924,0.6637768330204189,True
dnn,0.5,1,2,1.0,3.317441949813717,0.3389260474685014,dnn,0.7057079076766968,0.8320742249488831,1.0373661518096924,0.6802881571232919,True
dnn,0.5,1,2,1.0,6.69493964544323,0.3390397809104896,dnn,0.4475869834423065,0.8320742249488831,1.0373661518096924,0.4314648040727837,True
dnn,0.5,1,8,1.0,3.317441949813717,0.3390400635124921,dnn,0.876049816608429,0.5888000726699829,1.0373661518096924,0.8444943138737986,True
dnn,0.5,1,4,1.0,2.714417616594908,0.3390449600192119,dnn,0.5195123553276062,0.8235658407211304,1.0373661518096924,0.5007994085996669,True
dnn,0.5,1,4,0.5,6.69493964544323,0.339672331868189,dnn,0.7474080920219421,1.0373661518096924,1.0373661518096924,0.720486291863373,True
dnn,0.5,1,4,0.0,6.055964668833263,0.3401959639741418,dnn,0.8333297371864319,0.9410871267318726,1.0373661518096924,0.8033130208968959,True
dnn,0.5,1,2,0.5,6.055964668833263,0.3401975640276082,dnn,0.5288911461830139,0.6200992465019226,1.0373661518096924,0.5098403733921332,True
dnn,0.5,1,8,1.0,2.714417616594908,0.340245020479654,dnn,0.7951377630233765,0.5888000726699829,1.0373661518096924,0.7664967298540184,True
dnn,0.5,1,8,1.0,4.482221685612751,0.3403351821262437,dnn,0.5888063311576843,0.5888000726699829,1.0373661518096924,0.5675974005229567,True
dnn,0.5,1,8,1.0,4.955148403871969,0.3405694929749461,dnn,0.8372834920883179,0.5888000726699829,1.0373661518096924,0.8071243606972052,True
dnn,0.5,1,4,1.0,2.455349570439492,0.3407450006050317,dnn,0.7323835492134094,0.8235658407211304,1.0373661518096924,0.7060029363169035,True
dnn,0.5,1,4,1.0,1.3450342120312204,0.3410713033807855,dnn,0.5911727547645569,0.8235658407211304,1.0373661518096924,0.5698785850427566,True
dnn,0.5,1,2,0.5,4.955148403871969,0.3412926408030348,dnn,0.4900355041027069,0.6200992465019226,1.0373661518096924,0.4723843198930644,True
dnn,0.5,1,8,0.5,3.317441949813717,0.3413840842529263,dnn,0.8857229948043823,0.8622868657112122,1.0373661518096924,0.8538190621115143,True
dnn,0.5,1,8,1.0,2.0090311238977194,0.341433327525241,dnn,0.8062046766281128,0.5888000726699829,1.0373661518096924,0.7771650108514561,True
dnn,0.5,1,4,0.0,4.054431795277528,0.3417834036608909,dnn,0.8391092419624329,0.9410871267318726,1.0373661518096924,0.8088843466683399,True
dnn,0.5,1,4,0.0,7.4013339421880975,0.3418970805888787,dnn,0.6373550295829773,0.9410871267318726,1.0373661518096924,0.6143973643935722,True
dnn,0.5,1,2,1.0,3.667470807015676,0.342006586336311,dnn,0.5885841250419617,0.8320742249488831,1.0373661518096924,0.5673831983192942,True
dnn,0.5,2,8,1.0,1.3450342120312204,0.342238991279655,dnn,0.4879944920539856,0.7296114563941956,1.0373661518096924,0.47041682553713154,True
dnn,0.5,1,8,1.0,4.054431795277528,0.3432723719885528,dnn,0.45062991976737976,0.5888000726699829,1.0373661518096924,0.4343981331772323,True
dnn,0.5,1,4,0.0,8.182261084470007,0.343405564974473,dnn,0.6109587550163269,0.9410871267318726,1.0373661518096924,0.5889518893117007,True
dnn,0.5,1,2,1.0,3.000820366267417,0.3434347375182112,dnn,0.6272714734077454,0.8320742249488831,1.0373661518096924,0.604677020079618,True
dnn,0.5,1,8,1.0,3.000820366267417,0.3439809075769912,dnn,0.7186472415924072,0.5888000726699829,1.0373661518096924,0.6927614134495541,True
dnn,0.5,1,8,0.0,10.000000000000002,0.3441150479889853,dnn,0.49711373448371887,0.8047332763671875,1.0373661518096924,0.4792075908940161,True
dnn,0.5,1,2,0.0,3.317441949813717,0.3443607162870947,dnn,0.44217559695243835,0.7997114658355713,1.0373661518096924,0.42624833688766495,True
dnn,0.5,1,2,1.0,2.714417616594908,0.3445082040785193,dnn,0.7152382731437683,0.8320742249488831,1.0373661518096924,0.6894752367773233,True
dnn,0.5,1,8,1.0,1.817286211563076,0.3446670156160418,dnn,0.6132769584655762,0.5888000726699829,1.0373661518096924,0.5911865905743217,True
dnn,0.5,1,8,1.0,1.2166621504910964,0.3447702430040134,dnn,0.6282822489738464,0.5888000726699829,1.0373661518096924,0.6056513872925232,True
dnn,0.5,1,2,0.0,6.055964668833263,0.3448155716293934,dnn,0.3368073105812073,0.7997114658355713,1.0373661518096924,0.3246754388444664,True
dnn,0.5,1,2,0.0,1.817286211563076,0.3449625805310049,dnn,0.8391147255897522,0.7997114658355713,1.0373661518096924,0.8088896327742242,True
dnn,0.5,1,4,0.5,3.000820366267417,0.3452774793254599,dnn,0.5685193538665771,1.0373661518096924,1.0373661518096924,0.5480411645153365,True
dnn,0.5,1,8,0.5,3.000820366267417,0.3453430314501821,dnn,0.4519655108451843,0.8622868657112122,1.0373661518096924,0.435685615977278,True
dnn,0.5,1,8,1.0,2.455349570439492,0.3455495534529262,dnn,0.6648255586624146,0.5888000726699829,1.0373661518096924,0.6408783991097279,True
dnn,0.5,1,2,0.5,4.054431795277528,0.3456911306468412,dnn,0.7180445790290833,0.6200992465019226,1.0373661518096924,0.6921804589213264,True
dnn,0.5,1,2,0.0,8.182261084470007,0.3458856608599078,dnn,0.7497097849845886,0.7997114658355713,1.0373661518096924,0.7227050773506681,True
dnn,0.5,1,2,1.0,1.817286211563076,0.3459830042775701,dnn,0.7858532667160034,0.8320742249488831,1.0373661518096924,0.7575466630996943,True
dnn,0.5,1,8,0.0,6.69493964544323,0.3460096052277363,dnn,0.8063046932220459,0.8047332763671875,1.0373661518096924,0.7772614248261733,True
dnn,0.5,1,2,0.0,4.054431795277528,0.3464778759582541,dnn,0.7518620491027832,0.7997114658355713,1.0373661518096924,0.7247798164526138,True
dnn,0.5,1,2,1.0,1.643841718255735,0.3466090086342177,dnn,0.5504860877990723,0.8320742249488831,1.0373661518096924,0.530657460568523,True
dnn,0.5,2,8,1.0,1.4869510248216484,0.3469300563936647,dnn,0.6640112400054932,0.7296114563941956,1.0373661518096924,0.6400934123858977,True
dnn,0.5,1,4,0.5,3.317441949813717,0.3473817563355778,dnn,0.7390760779380798,1.0373661518096924,1.0373661518096924,0.7124543987180963,True
dnn,0.5,1,4,0.5,3.667470807015676,0.3479155757009351,dnn,0.8028150796890259,1.0373661518096924,1.0373661518096924,0.7738975079228385,True
dnn,0.5,2,8,1.0,0.7368062997280775,0.3481909423115878,dnn,0.8010780215263367,0.7296114563941956,1.0373661518096924,0.7722230189686163,True
dnn,0.5,1,4,0.5,4.482221685612751,0.3482394840503764,dnn,0.42403581738471985,1.0373661518096924,1.0373661518096924,0.4087619560798147,True
dnn,0.5,1,4,1.0,2.0090311238977194,0.3482644237819004,dnn,0.42834025621414185,0.8235658407211304,1.0373661518096924,0.41291134809719726,True
dnn,0.5,2,8,1.0,1.643841718255735,0.3485003969109799,dnn,0.6045028567314148,0.7296114563941956,1.0373661518096924,0.5827285338709532,True
dnn,0.5,1,2,1.0,2.0090311238977194,0.3485504461329299,dnn,0.779462456703186,0.8320742249488831,1.0373661518096924,0.7513860514374876,True
dnn,0.5,1,4,0.0,5.477974412378556,0.3485705342585021,dnn,0.8921845555305481,0.9410871267318726,1.0373661518096924,0.8600478760311642,True
dnn,0.5,2,4,1.0,0.6664844128899691,0.3487615458971204,dnn,0.5471128821372986,0.7178938984870911,1.0373661518096924,0.5274057584998859,True
dnn,0.5,2,4,1.0,0.9955047366910889,0.3488733624994063,dnn,5.015804660501999e-09,0.7178938984870911,1.0373661518096924,4.835134298291778e-09,True
dnn,0.5,1,2,1.0,4.054431795277528,0.3489280707409746,dnn,0.48948243260383606,0.8320742249488831,1.0373661518096924,0.4718511701484867,True
dnn,0.5,1,8,1.0,1.1005421090383831,0.3489875800116193,dnn,0.5356671214103699,0.5888000726699829,1.0373661518096924,0.5163722765350449,True
dnn,0.5,1,2,1.0,2.455349570439492,0.3490736148999058,dnn,0.7498635053634644,0.8320742249488831,1.0373661518096924,0.7228532606884487,True
dnn,0.5,1,2,0.0,6.69493964544323,0.3492187509653298,dnn,0.7768757343292236,0.7997114658355713,1.0373661518096924,0.7488925033595502,True
dnn,0.5,1,2,0.5,3.667470807015676,0.3494111757662586,dnn,0.4334176778793335,0.6200992465019226,1.0373661518096924,0.4178058799424228,True
dnn,0.5,1,4,1.0,1.643841718255735,0.3496186016713379,dnn,0.5552015900611877,0.8235658407211304,1.0373661518096924,0.5352031094253796,True
dnn,0.5,1,8,1.0,0.8145479666433055,0.3497045325556011,dnn,0.8335410356521606,0.5888000726699829,1.0373661518096924,0.8035167083464624,True
dnn,0.5,2,2,1.0,1.2166621504910964,0.3498244060447602,dnn,0.5191700458526611,0.8800157904624939,1.0373661518096924,0.5004694291856019,True
dnn,0.5,1,4,1.0,3.000820366267417,0.3499888241768841,dnn,0.8212661147117615,0.8235658407211304,1.0373661518096924,0.7916839326972999,True
dnn,0.5,1,8,1.0,2.221007363126434,0.3503511410657952,dnn,0.7624123692512512,0.5888000726699829,1.0373661518096924,0.7349501118011394,True
dnn,0.5,2,4,1.0,0.900492287060531,0.3503561946633718,dnn,4.174874561613251e-07,0.7178938984870911,1.0373661518096924,4.0244946823550717e-07,True
dnn,0.5,1,2,1.0,0.9955047366910889,0.350470854811716,dnn,0.6224431395530701,0.8320742249488831,1.0373661518096924,0.600022603848423,True
dnn,0.5,1,8,1.0,1.4869510248216484,0.3506475327583031,dnn,0.6138343214988708,0.5888000726699829,1.0373661518096924,0.5917238772713306,True
dnn,0.5,1,8,1.0,1.3450342120312204,0.3506818312309626,dnn,0.761014997959137,0.5888000726699829,1.0373661518096924,0.7336030741233855,True
dnn,0.5,1,2,0.0,3.000820366267417,0.3507010278301351,dnn,0.37303537130355835,0.7997114658355713,1.0373661518096924,0.35959855703099197,True
dnn,0.5,1,8,1.0,1.643841718255735,0.3515826172236885,dnn,0.6942419409751892,0.5888000726699829,1.0373661518096924,0.6692351970074205,True
dnn,0.5,1,2,1.0,0.8145479666433055,0.3516474069113475,dnn,0.7231680154800415,0.8320742249488831,1.0373661518096924,0.6971193480898427,True
dnn,0.5,2,4,1.0,0.5453349474995434,0.3518384140541152,dnn,0.81587815284729,0.7178938984870911,1.0373661518096924,0.7864900463775351,True
dnn,0.5,1,2,1.0,1.1005421090383831,0.3518543551681091,dnn,0.7648589015007019,0.8320742249488831,1.0373661518096924,0.7373085194329893,True
dnn,0.5,1,8,0.0,6.055964668833263,0.3519061487822119,dnn,0.8764088749885559,0.8047332763671875,1.0373661518096924,0.84484043889388,True
dnn,0.5,1,4,1.0,0.900492287060531,0.3520580684725374,dnn,0.8261421322822571,0.8235658407211304,1.0373661518096924,0.7963843150666199,True
dnn,0.5,1,4,0.5,4.955148403871969,0.3520630271222527,dnn,0.39195093512535095,1.0373661518096924,1.0373661518096924,0.37783277817730015,True
dnn,0.5,1,8,0.5,4.482221685612751,0.3521449139096012,dnn,0.8307819366455078,0.8622868657112122,1.0373661518096924,0.800856992679203,True
dnn,0.5,1,2,1.0,0.900492287060531,0.3524321152675296,dnn,0.4680551290512085,0.8320742249488831,1.0373661518096924,0.4511956826764427,True
dnn,0.5,1,4,1.0,1.2166621504910964,0.3525006939094697,dnn,0.6513051390647888,0.8235658407211304,1.0373661518096924,0.6278449879327396,True
dnn,0.5,2,8,1.0,1.1005421090383831,0.352584222261287,dnn,0.6382588148117065,0.7296114563941956,1.0373661518096924,0.6152685950840594,True
dnn,0.5,1,2,1.0,1.3450342120312204,0.3527071283656724,dnn,0.4596636891365051,0.8320742249488831,1.0373661518096924,0.44310650423152775,True
dnn,0.5,2,2,1.0,0.3650984560060393,0.3527573278435396,dnn,0.6916107535362244,0.8800157904624939,1.0373661518096924,0.6666987855056815,True
dnn,0.5,1,8,0.5,2.714417616594908,0.3527679511961178,dnn,0.8834013938903809,0.8622868657112122,1.0373661518096924,0.851581085761552,True
dnn,0.5,1,8,1.0,0.9955047366910889,0.3528548031048786,dnn,0.5202913880348206,0.5888000726699829,1.0373661518096924,0.5015503803812845,True
dnn,0.5,1,8,1.0,0.900492287060531,0.3531295005534318,dnn,0.8606835007667542,0.5888000726699829,1.0373661518096924,0.8296814960323179,True
dnn,0.5,2,4,1.0,0.8145479666433055,0.3532032469136617,dnn,0.0009408520418219268,0.7178938984870911,1.0373661518096924,0.000906962349003391,True
dnn,0.5,1,4,1.0,1.4869510248216484,0.3533092302871912,dnn,0.5260523557662964,0.8235658407211304,1.0373661518096924,0.5071038368165324,True
dnn,0.5,1,4,0.5,2.221007363126434,0.3534520326044398,dnn,0.6228176355361938,1.0373661518096924,1.0373661518096924,0.6003836104057224,True
dnn,0.5,1,4,1.0,2.221007363126434,0.3535495147431619,dnn,0.8342774510383606,0.8235658407211304,1.0373661518096924,0.8042265978921308,True
dnn,0.5,2,8,1.0,1.2166621504910964,0.3535834993592318,dnn,0.5586214661598206,0.7296114563941956,1.0373661518096924,0.5384998008517066,True
dnn,0.5,1,2,1.0,1.4869510248216484,0.3537880414976733,dnn,0.7730406522750854,0.8320742249488831,1.0373661518096924,0.7451955617854995,True
dnn,0.5,2,8,1.0,0.8145479666433055,0.3538676324095508,dnn,0.7974575161933899,0.7296114563941956,1.0373661518096924,0.7687329250161283,True
dnn,0.5,2,4,1.0,0.3650984560060393,0.3539014824296578,dnn,0.7674206495285034,0.7178938984870911,1.0373661518096924,0.7397779927460837,True
dnn,0.5,1,2,1.0,2.221007363126434,0.3544140375521586,dnn,0.7579811811447144,0.8320742249488831,1.0373661518096924,0.7306785360428533,True
dnn,0.5,1,4,0.0,6.69493964544323,0.3544204058200489,dnn,0.7279115915298462,0.9410871267318726,1.0373661518096924,0.7016920595105204,True
dnn,0.5,1,4,1.0,0.7368062997280775,0.3546298918745038,dnn,0.7106195092201233,0.8235658407211304,1.0373661518096924,0.6850228417231877,True
dnn,0.5,1,2,1.0,0.6028741513057392,0.3546716061504414,dnn,0.6183594465255737,0.8320742249488831,1.0373661518096924,0.5960860063217229,True
dnn,0.5,1,4,1.0,1.817286211563076,0.3547431449054715,dnn,0.7455497980117798,0.8235658407211304,1.0373661518096924,0.718694934002968,True
dnn,0.5,2,4,1.0,0.3302529174737275,0.3547782705519802,dnn,0.6139923334121704,0.7178938984870911,1.0373661518096924,0.5918761975615423,True
dnn,0.5,1,4,1.0,0.4462072918927006,0.3548385260325323,dnn,0.862555742263794,0.8235658407211304,1.0373661518096924,0.8314862989881244,True
dnn,0.5,2,2,1.0,0.8145479666433055,0.3549947585976215,dnn,0.6458470225334167,0.8800157904624939,1.0373661518096924,0.6225834739322583,True
dnn,0.5,1,4,1.0,0.9955047366910889,0.3551965977041831,dnn,0.8534879684448242,0.8235658407211304,1.0373661518096924,0.8227451483315785,True
dnn,0.5,2,8,1.0,0.4932873707061831,0.3551969252200512,dnn,0.7184122204780579,0.7296114563941956,1.0373661518096924,0.6925348578462703,True
dnn,0.5,2,8,1.0,0.900492287060531,0.3553946739306629,dnn,0.8227431774139404,0.7296114563941956,1.0373661518096924,0.7931077912833953,True
dnn,0.5,1,4,1.0,1.1005421090383831,0.3554648959070153,dnn,0.7434626221656799,0.8235658407211304,1.0373661518096924,0.7166829386795629,True
dnn,0.5,2,2,1.0,0.2444312127604942,0.3555056780072738,dnn,0.784051775932312,0.8800157904624939,1.0373661518096924,0.7558100624013309,True
dnn,0.5,1,2,1.0,0.7368062997280775,0.3555791386426948,dnn,0.7333467602729797,0.8320742249488831,1.0373661518096924,0.706931452307029,True
dnn,0.5,2,8,1.0,0.6664844128899691,0.3555848618702059,dnn,0.8105528354644775,0.7296114563941956,1.0373661518096924,0.781356548071732,True
dnn,0.5,2,8,1.0,0.6028741513057392,0.355629519145542,dnn,0.4899287819862366,0.7296114563941956,1.0373661518096924,0.4722814419301733,True
dnn,0.5,1,8,0.5,1.643841718255735,0.3557218852769381,dnn,0.6215779781341553,0.8622868657112122,1.0373661518096924,0.599188605729817,True
dnn,0.5,1,4,0.5,2.455349570439492,0.3558631343616036,dnn,0.49118712544441223,1.0373661518096924,1.0373661518096924,0.4734944595864564,True
dnn,0.5,2,2,1.0,0.5453349474995434,0.3558655152271056,dnn,0.5763846039772034,0.8800157904624939,1.0373661518096924,0.5556231066260418,True
dnn,0.5,1,2,1.0,0.4932873707061831,0.3560219136350038,dnn,0.798072338104248,0.8320742249488831,1.0373661518096924,0.7693256009095779,True
dnn,0.5,1,8,1.0,0.3650984560060393,0.3560518245851966,dnn,0.6011548042297363,0.5888000726699829,1.0373661518096924,0.5795010789401771,True
dnn,0.5,1,4,0.5,2.714417616594908,0.3560613879672544,dnn,0.5882155895233154,1.0373661518096924,1.0373661518096924,0.5670279375292603,True
dnn,0.5,1,8,1.0,0.6664844128899691,0.3561534774858751,dnn,0.8709210157394409,0.5888000726699829,1.0373661518096924,0.8395502535147433,True
dnn,0.5,1,2,1.0,0.6664844128899691,0.3561810911657935,dnn,0.4921211004257202,0.8320742249488831,1.0373661518096924,0.4743947925881441,True
dnn,0.5,2,8,1.0,0.4462072918927006,0.3562989141881693,dnn,0.8279106616973877,0.7296114563941956,1.0373661518096924,0.7980891416720045,True
dnn,0.5,1,8,1.0,0.6028741513057392,0.3564032915660338,dnn,0.5125736594200134,0.5888000726699829,1.0373661518096924,0.4941106460104035,True
dnn,0.5,2,2,1.0,0.7368062997280775,0.3565292532570743,dnn,0.6229421496391296,0.8800157904624939,1.0373661518096924,0.6005036394839014,True
dnn,0.5,2,4,1.0,0.4036206056789731,0.3567817654216311,dnn,0.7834401726722717,0.7178938984870911,1.0373661518096924,0.7552204892222046,True
dnn,0.5,2,2,1.0,0.3302529174737275,0.356864842498404,dnn,0.5345752239227295,0.8800157904624939,1.0373661518096924,0.5153197094296544,True
dnn,0.5,2,4,1.0,0.7368062997280775,0.3568998652969705,dnn,0.5722554922103882,0.7178938984870911,1.0373661518096924,0.5516427263527777,True
dnn,0.5,2,2,1.0,0.4462072918927006,0.3571729426698909,dnn,0.7897131443023682,0.8800157904624939,1.0373661518096924,0.76126750706557,True
dnn,0.5,2,4,1.0,0.6028741513057392,0.3573704803693304,dnn,0.5361879467964172,0.7178938984870911,1.0373661518096924,0.5168743416787155,True
dnn,0.5,1,8,1.0,0.7368062997280775,0.3574481678693769,dnn,0.6243486404418945,0.5888000726699829,1.0373661518096924,0.6018594681855718,True
dnn,0.5,1,8,1.0,0.4036206056789731,0.3574934849796038,dnn,0.7638266086578369,0.5888000726699829,1.0373661518096924,0.7363134100002551,True
dnn,0.5,1,4,1.0,0.2987330888578299,0.3578347506107168,dnn,0.7822694182395935,0.8235658407211304,1.0373661518096924,0.7540919056158899,True
dnn,0.5,1,2,0.0,2.0090311238977194,0.3578678455257383,dnn,0.3903428912162781,0.7997114658355713,1.0373661518096924,0.3762826563555426,True
dnn,0.5,1,8,0.0,7.4013339421880975,0.357989362426513,dnn,0.6965222358703613,0.8047332763671875,1.0373661518096924,0.6714333551902321,True
dnn,0.5,1,2,1.0,0.3650984560060393,0.3581230539568725,dnn,0.7305324673652649,0.8320742249488831,1.0373661518096924,0.7042185308348898,True
dnn,0.5,2,8,1.0,0.9955047366910889,0.3581335890213379,dnn,0.8845520615577698,0.7296114563941956,1.0373661518096924,0.8526903061321816,True
dnn,0.5,1,2,1.0,1.2166621504910964,0.3582991984241158,dnn,0.5111045241355896,0.8320742249488831,1.0373661518096924,0.4926944292947714,True
dnn,0.5,1,4,0.0,4.482221685612751,0.3583188369397993,dnn,0.7055706977844238,0.9410871267318726,1.0373661518096924,0.6801558895608372,True
dnn,0.5,1,4,1.0,0.4932873707061831,0.3584197667282959,dnn,0.686821460723877,0.8235658407211304,1.0373661518096924,0.6620820040500764,True
dnn,0.5,2,2,1.0,0.6028741513057392,0.3585528909977923,dnn,0.6003233194351196,0.8800157904624939,1.0373661518096924,0.578699544406622,True
dnn,0.5,2,8,1.0,0.3650984560060393,0.358774274096086,dnn,0.6237361431121826,0.7296114563941956,1.0373661518096924,0.6012690331413557,True
dnn,0.5,2,8,1.0,0.2444312127604942,0.3588536122635455,dnn,0.8300569653511047,0.7296114563941956,1.0373661518096924,0.8001581350066846,True
dnn,0.5,1,2,1.0,0.5453349474995434,0.3588739508619155,dnn,0.7914361357688904,0.8320742249488831,1.0373661518096924,0.7629284360090453,True
dnn,0.5,2,4,1.0,0.2211023350218148,0.3588964652926638,dnn,0.8755003809928894,0.7178938984870911,1.0373661518096924,0.843964669047253,True
dnn,0.5,1,2,0.5,3.000820366267417,0.3589537885535873,dnn,0.5499836802482605,0.6200992465019226,1.0373661518096924,0.5301731498457032,True
dnn,0.5,1,2,0.5,2.455349570439492,0.3590295028106039,dnn,0.7917079925537109,0.6200992465019226,1.0373661518096924,0.7631905004540306,True
dnn,0.5,1,8,1.0,0.2702215594677964,0.3593299200466472,dnn,0.8536438941955566,0.5888000726699829,1.0373661518096924,0.8228954576032474,True
dnn,0.5,1,2,1.0,0.2987330888578299,0.3596106730767126,dnn,0.6091012954711914,0.8320742249488831,1.0373661518096924,0.587161335858713,True
dnn,0.5,1,4,1.0,0.8145479666433055,0.3597162312970864,dnn,0.8288657665252686,0.8235658407211304,1.0373661518096924,0.7990098434186488,True
dnn,0.5,2,8,1.0,0.2702215594677964,0.3597441573185154,dnn,0.5557278394699097,0.7296114563941956,1.0373661518096924,0.5357104032172619,True
dnn,0.5,1,8,0.5,0.4036206056789731,0.3597662873173888,dnn,0.4789615571498871,0.8622868657112122,1.0373661518096924,0.4617092588902533,True
dnn,0.5,1,8,0.5,3.667470807015676,0.3598333420332718,dnn,0.4709445536136627,0.8622868657112122,1.0373661518096924,0.4539810295449651,True
dnn,0.5,2,2,1.0,0.2987330888578299,0.3600214084646521,dnn,0.5888887643814087,0.8800157904624939,1.0373661518096924,0.5676768644842404,True
dnn,0.5,2,2,0.5,0.2444312127604942,0.3602340941865592,dnn,0.579664409160614,0.660158634185791,1.0373661518096924,0.5587847725216265,True
dnn,0.5,1,2,1.0,0.4462072918927006,0.3602377925633161,dnn,0.5476959347724915,0.8320742249488831,1.0373661518096924,0.5279678094538096,True
dnn,0.5,2,2,1.0,0.2,0.3602570230059921,dnn,0.7348087430000305,0.8800157904624939,1.0373661518096924,0.7083407741019423,True
dnn,0.5,1,8,0.5,2.0090311238977194,0.3602690865268206,dnn,0.935388445854187,0.8622868657112122,1.0373661518096924,0.9016955529370179,True
dnn,0.5,1,2,1.0,0.2702215594677964,0.3602725208376786,dnn,0.8094884157180786,0.8320742249488831,1.0373661518096924,0.780330468953436,True
dnn,0.5,1,4,1.0,0.3302529174737275,0.3603405970111263,dnn,0.9016715288162231,0.8235658407211304,1.0373661518096924,0.8691931264995016,True
dnn,0.5,1,4,1.0,0.6664844128899691,0.360398546425594,dnn,0.6621225476264954,0.8235658407211304,1.0373661518096924,0.638272751112438,True
dnn,0.5,2,2,0.5,0.3302529174737275,0.3605654611144076,dnn,0.9420345425605774,0.660158634185791,1.0373661518096924,0.9081022558112115,True
dnn,0.5,1,4,0.0,2.714417616594908,0.3606458570397972,dnn,1.0061813592910767,0.9410871267318726,1.0373661518096924,0.969938490412268,True
dnn,0.5,2,4,1.0,0.4462072918927006,0.3608938310822715,dnn,0.5725986361503601,0.7178938984870911,1.0373661518096924,0.5519735101742599,True
dnn,0.5,2,2,1.0,0.2702215594677964,0.3609777584294027,dnn,0.7970976829528809,0.8800157904624939,1.0373661518096924,0.7683860530463024,True
dnn,0.5,2,8,1.0,0.5453349474995434,0.361257064279929,dnn,0.6439891457557678,0.7296114563941956,1.0373661518096924,0.6207925182755619,True
dnn,0.5,1,2,0.5,1.817286211563076,0.3614839526886272,dnn,0.47474876046180725,0.6200992465019226,1.0373661518096924,0.4576482080445798,True
dnn,0.5,1,2,1.0,0.4036206056789731,0.3616185281171217,dnn,0.6776465177536011,0.8320742249488831,1.0373661518096924,0.6532375444980946,True
dnn,0.5,1,4,1.0,0.2702215594677964,0.3616394825882938,dnn,0.8722686767578125,0.8235658407211304,1.0373661518096924,0.8408493714935019,True
dnn,0.5,2,8,1.0,0.3302529174737275,0.3616759909696243,dnn,0.8280796408653259,0.7296114563941956,1.0373661518096924,0.798252034173985,True
dnn,0.5,2,4,1.0,0.2444312127604942,0.3619132581724107,dnn,0.8240058422088623,0.7178938984870911,1.0373661518096924,0.794324974620946,True
dnn,0.5,1,8,1.0,0.2211023350218148,0.3619732401882546,dnn,0.815642774105072,0.5888000726699829,1.0373661518096924,0.7862631460282153,True
dnn,0.5,1,4,1.0,0.6028741513057392,0.3621181849917583,dnn,0.670075535774231,0.8235658407211304,1.0373661518096924,0.6459392709172933,True
dnn,0.5,2,4,1.0,0.2,0.3621606401241016,dnn,0.7568125128746033,0.7178938984870911,1.0373661518096924,0.7295519634550816,True
dnn,0.5,1,8,0.0,5.477974412378556,0.3621824185754195,dnn,0.5575836300849915,0.8047332763671875,1.0373661518096924,0.5374993478554153,True
dnn,0.5,1,8,1.0,0.5453349474995434,0.3625763596606833,dnn,0.6550351977348328,0.5888000726699829,1.0373661518096924,0.6314406890875699,True
dnn,0.5,1,4,1.0,0.4036206056789731,0.3625933495849923,dnn,0.550328254699707,0.8235658407211304,1.0373661518096924,0.5305053126513292,True
dnn,0.5,1,8,1.0,0.2,0.3629144581428571,dnn,0.8101514577865601,0.5888000726699829,1.0373661518096924,0.7809696281040646,True
dnn,0.5,1,2,1.0,0.3302529174737275,0.362922365672712,dnn,0.6760557889938354,0.8320742249488831,1.0373661518096924,0.6517041141302437,True
dnn,0.5,1,2,0.5,1.2166621504910964,0.3629963510718982,dnn,0.9286494851112366,0.6200992465019226,1.0373661518096924,0.8951993310088258,True
dnn,0.5,1,4,1.0,0.2444312127604942,0.3630393793694643,dnn,0.8454173803329468,0.8235658407211304,1.0373661518096924,0.8149652645385723,True
dnn,0.5,1,4,0.5,1.4869510248216484,0.3631712390550769,dnn,0.437004953622818,1.0373661518096924,1.0373661518096924,0.42126394124240496,True
dnn,0.5,2,4,1.0,0.4932873707061831,0.363305248941661,dnn,0.8028603792190552,0.7178938984870911,1.0373661518096924,0.7739411757540573,True
dnn,0.5,1,4,0.5,2.0090311238977194,0.3633155867097585,dnn,0.8741434812545776,1.0373661518096924,1.0373661518096924,0.8426566451292327,True
dnn,0.5,2,8,1.0,0.2987330888578299,0.3633445263873807,dnn,0.8250457644462585,0.7296114563941956,1.0373661518096924,0.7953274386357801,True
dnn,0.5,1,4,0.5,1.2166621504910964,0.3634111312133444,dnn,0.5564300417900085,1.0373661518096924,1.0373661518096924,0.5363873120588256,True
dnn,0.5,1,8,0.5,0.9955047366910889,0.3634685189359768,dnn,0.6678838133811951,0.8622868657112122,1.0373661518096924,0.6438264948360491,True
dnn,0.5,1,8,1.0,0.2444312127604942,0.3635384415347175,dnn,0.8760172128677368,0.5888000726699829,1.0373661518096924,0.8444628845268556,True
dnn,0.5,1,4,0.0,3.667470807015676,0.3635899675324234,dnn,0.9279526472091675,0.9410871267318726,1.0373661518096924,0.8945275933578011,True
dnn,0.5,2,2,1.0,0.4036206056789731,0.3636341521766366,dnn,0.8265395164489746,0.8800157904624939,1.0373661518096924,0.7967673853702193,True
dnn,0.5,1,2,0.0,2.221007363126434,0.3636918899221737,dnn,0.6411257982254028,0.7997114658355713,1.0373661518096924,0.6180323091388267,True
dnn,0.5,1,2,0.5,2.0090311238977194,0.3637875527620252,dnn,0.4178221523761749,0.6200992465019226,1.0373661518096924,0.40277210862074236,True
dnn,0.5,1,4,1.0,0.5453349474995434,0.3638906761084291,dnn,0.6542717218399048,0.8235658407211304,1.0373661518096924,0.6307047137585156,True
dnn,0.5,1,2,0.5,0.2702215594677964,0.3639886546970647,dnn,0.9174063801765442,0.6200992465019226,1.0373661518096924,0.8843612051310161,True
dnn,0.5,2,2,1.0,0.2211023350218148,0.3641443836862931,dnn,0.7196949124336243,0.8800157904624939,1.0373661518096924,0.6937713469618336,True
dnn,0.5,1,8,1.0,0.3302529174737275,0.3644477989348381,dnn,0.803186297416687,0.5888000726699829,1.0373661518096924,0.7742553543081419,True
dnn,0.5,1,2,0.5,2.221007363126434,0.3644584217812408,dnn,0.8466135859489441,0.6200992465019226,1.0373661518096924,0.8161183825711114,True
dnn,0.5,2,4,1.0,0.2987330888578299,0.3646622153253283,dnn,0.5123863816261292,0.7178938984870911,1.0373661518096924,0.4939301140029175,True
dnn,0.5,2,8,1.0,0.4036206056789731,0.3646698997428299,dnn,0.8130699396133423,0.7296114563941956,1.0373661518096924,0.7837829855880069,True
dnn,0.5,1,8,1.0,0.4462072918927006,0.3647633598486486,dnn,0.5949351787567139,0.5888000726699829,1.0373661518096924,0.5735054857138392,True
dnn,0.5,2,8,1.0,0.2,0.3647940712078285,dnn,0.544908344745636,0.7296114563941956,1.0373661518096924,0.5252806290190205,True
dnn,0.5,2,8,1.0,0.2211023350218148,0.3649056742475027,dnn,0.587515115737915,0.7296114563941956,1.0373661518096924,0.5663526949602037,True
dnn,0.5,1,8,0.5,1.3450342120312204,0.3652752741792898,dnn,1.0438458919525146,0.8622868657112122,1.0373661518096924,1.0,True
dnn,0.5,1,4,1.0,0.2,0.3653471145082168,dnn,0.8410226106643677,0.8235658407211304,1.0373661518096924,0.8107287954182792,True
dnn,0.5,2,4,1.0,0.2702215594677964,0.3654585072016119,dnn,0.7874201536178589,0.7178938984870911,1.0373661518096924,0.7590571103984828,True
dnn,0.5,1,2,0.0,0.5453349474995434,0.3656504901577264,dnn,0.7082951068878174,0.7997114658355713,1.0373661518096924,0.6827821648626107,True
dnn,0.5,1,8,0.5,2.455349570439492,0.3657243297662472,dnn,0.9244856238365173,0.8622868657112122,1.0373661518096924,0.891185452912403,True
dnn,0.5,1,8,1.0,0.2987330888578299,0.3657679444035603,dnn,0.8374621868133545,0.5888000726699829,1.0373661518096924,0.8072966187998287,True
dnn,0.5,1,8,1.0,0.4932873707061831,0.3660941773862144,dnn,0.7626180648803711,0.5888000726699829,1.0373661518096924,0.7351483982294763,True
dnn,0.5,1,2,0.5,0.4462072918927006,0.3661613994098617,dnn,0.6452336311340332,0.6200992465019226,1.0373661518096924,0.6219921770229525,True
dnn,0.5,1,8,0.0,4.054431795277528,0.3669624282875847,dnn,0.7908282279968262,0.8047332763671875,1.0373661518096924,0.7623424252056238,True
dnn,0.5,1,8,0.5,1.1005421090383831,0.3669680381826293,dnn,0.9252416491508484,0.8622868657112122,1.0373661518096924,0.8919142460323753,True
dnn,0.5,1,2,0.0,1.3450342120312204,0.3670513444668776,dnn,0.4462287127971649,0.7997114658355713,1.0373661518096924,0.4301554586282923,True
dnn,0.5,1,2,0.5,0.4932873707061831,0.3670988520989537,dnn,0.4696445167064667,0.6200992465019226,1.0373661518096924,0.4527278202466589,True
dnn,0.5,1,2,0.5,0.9955047366910889,0.3671056205780107,dnn,0.907227098941803,0.6200992465019226,1.0373661518096924,0.874548583794776,True
dnn,0.5,1,4,0.5,1.817286211563076,0.3673095011527451,dnn,0.5934004187583923,1.0373661518096924,1.0373661518096924,0.5720260081006125,True
dnn,0.5,1,8,0.5,0.8145479666433055,0.3676434222335206,dnn,0.8841444849967957,0.8622868657112122,1.0373661518096924,0.852297410566558,True
dnn,0.5,1,4,0.5,1.643841718255735,0.3678057018819191,dnn,0.8702802658081055,1.0373661518096924,1.0373661518096924,0.8389325835336883,True
dnn,0.5,1,8,0.0,3.317441949813717,0.3678172753976508,dnn,0.937174916267395,0.8047332763671875,1.0373661518096924,0.903417674301872,True
dnn,0.5,1,4,1.0,0.3650984560060393,0.3678199868690698,dnn,0.8424824476242065,0.8235658407211304,1.0373661518096924,0.812136048736977,True
dnn,0.5,1,2,0.5,0.2,0.3679161279652015,dnn,0.4972018003463745,0.6200992465019226,1.0373661518096924,0.4792924846053658,True
dnn,0.5,1,4,1.0,0.2211023350218148,0.368206628083783,dnn,0.8569677472114563,0.8235658407211304,1.0373661518096924,0.8260995847189251,True
dnn,0.5,1,2,0.5,0.2211023350218148,0.3683241455401809,dnn,0.5813018679618835,0.6200992465019226,1.0373661518096924,0.56036324970484,True
dnn,0.5,1,2,0.0,1.4869510248216484,0.3685031117074821,dnn,0.6950560212135315,0.7997114658355713,1.0373661518096924,0.6700199539005601,True
dnn,0.5,1,2,1.0,0.2444312127604942,0.3687381558224067,dnn,0.6335697174072266,0.8320742249488831,1.0373661518096924,0.6107483999761896,True
dnn,0.5,1,2,0.5,3.317441949813717,0.3688956809096991,dnn,0.3875645399093628,0.6200992465019226,1.0373661518096924,0.37360438186001516,True
dnn,0.5,1,2,0.0,2.455349570439492,0.3690735995107683,dnn,0.724833071231842,0.7997114658355713,1.0373661518096924,0.698724428175496,True
dnn,0.5,2,2,0.5,0.7368062997280775,0.369351210364866,dnn,0.8251734972000122,0.660158634185791,1.0373661518096924,0.7954505704282826,True
dnn,0.5,1,2,1.0,0.2211023350218148,0.3693519613277548,dnn,0.5771824717521667,0.8320742249488831,1.0373661518096924,0.5563922350322188,True
dnn,0.5,1,8,0.0,2.221007363126434,0.3695518139548702,dnn,0.7064179182052612,0.8047332763671875,1.0373661518096924,0.6809725929199737,True
dnn,0.5,1,2,0.5,1.643841718255735,0.3695610565992507,dnn,0.46417924761772156,0.6200992465019226,1.0373661518096924,0.44745941132545886,True
dnn,0.5,1,8,0.5,0.6028741513057392,0.3696103371982238,dnn,0.4776143729686737,0.8622868657112122,1.0373661518096924,0.46041060057287597,True
dnn,0.5,2,4,0.5,0.7368062997280775,0.3707142000564448,dnn,1.56804586676218e-11,0.0007295292452909052,1.0373661518096924,1.511564517530009e-11,True
dnn,0.5,1,2,0.0,0.2987330888578299,0.3712867754815914,dnn,0.5255272388458252,0.7997114658355713,1.0373661518096924,0.5065976347204305,True
dnn,0.5,1,2,1.0,0.2,0.3714588383029581,dnn,0.8525700569152832,0.8320742249488831,1.0373661518096924,0.8218603001726718,True
dnn,0.5,1,2,0.0,0.4036206056789731,0.3723055604183039,dnn,0.7696776390075684,0.7997114658355713,1.0373661518096924,0.7419536849788866,True
dnn,0.5,1,2,0.5,1.4869510248216484,0.3726210938064714,dnn,0.5425324440002441,0.6200992465019226,1.0373661518096924,0.5229903087292684,True
dnn,0.5,1,2,0.5,0.4036206056789731,0.3734088261749527,dnn,0.5707031488418579,0.6200992465019226,1.0373661518096924,0.5501462987261174,True
dnn,0.5,2,2,0.5,0.4462072918927006,0.3737059366581234,dnn,0.8337610363960266,0.660158634185791,1.0373661518096924,0.8037287846162368,True
dnn,0.5,1,8,0.5,1.817286211563076,0.3737093523023737,dnn,0.4251883625984192,0.8622868657112122,1.0373661518096924,0.40987298636713293,True
dnn,0.5,1,4,0.5,0.5453349474995434,0.3741219063028522,dnn,0.9183818697929382,1.0373661518096924,1.0373661518096924,0.8853015574017089,True
dnn,0.5,2,4,0.5,0.6028741513057392,0.374243287394863,dnn,1.1282753203945006e-10,0.0007295292452909052,1.0373661518096924,1.0876346007879827e-10,True
dnn,0.5,1,2,0.5,1.1005421090383831,0.3742862130842387,dnn,0.8333860635757446,0.6200992465019226,1.0373661518096924,0.803367318397556,True
dnn,0.5,1,2,0.0,1.1005421090383831,0.3745189528186232,dnn,0.6278197169303894,0.7997114658355713,1.0373661518096924,0.6052055157527104,True
dnn,0.5,1,8,0.0,4.955148403871969,0.3751897335498919,dnn,0.5169753432273865,0.8047332763671875,1.0373661518096924,0.4983537802207248,True
dnn,0.5,1,2,0.0,4.482221685612751,0.3757284588623313,dnn,0.828993022441864,0.7997114658355713,1.0373661518096924,0.7991325155497699,True
dnn,0.5,1,2,0.0,1.2166621504910964,0.376290854222913,dnn,1.0251805782318115,0.7997114658355713,1.0373661518096924,0.9882533534021493,True
dnn,0.5,1,8,0.5,0.7368062997280775,0.3767170887524248,dnn,0.6911301016807556,0.8622868657112122,1.0373661518096924,0.6662354468333812,True
dnn,0.5,1,8,0.0,4.482221685612751,0.3770605685965272,dnn,0.738685667514801,0.8047332763671875,1.0373661518096924,0.7120780509621977,True
dnn,0.5,1,2,0.5,0.2987330888578299,0.3771233294336028,dnn,0.9123173952102661,0.6200992465019226,1.0373661518096924,0.8794555264972952,True
dnn,0.5,1,2,0.5,2.714417616594908,0.3773289346448925,dnn,0.8096119165420532,0.6200992465019226,1.0373661518096924,0.78044952125118,True
dnn,0.5,2,8,0.5,1.3450342120312204,0.3773863043271663,dnn,0.0015969164669513702,0.9951527118682861,1.0373661518096924,0.0015393951924935459,True
dnn,0.5,1,2,0.0,3.667470807015676,0.37747886889116,dnn,0.3751446306705475,0.7997114658355713,1.0373661518096924,0.3616318404221162,True
dnn,0.5,2,4,0.5,0.4932873707061831,0.377891245710398,dnn,6.678504971269206e-10,0.0007295292452909052,1.0373661518096924,6.437943786404162e-10,True
dnn,0.5,1,8,0.5,0.5453349474995434,0.3780232682385011,dnn,0.4817870557308197,0.8622868657112122,1.0373661518096924,0.4644329824048518,True
dnn,0.5,1,4,0.5,1.3450342120312204,0.3780794569251405,dnn,0.8856647610664368,1.0373661518096924,1.0373661518096924,0.8537629259653291,True
dnn,0.5,1,4,0.5,1.1005421090383831,0.3781936461988792,dnn,0.6249432563781738,1.0373661518096924,1.0373661518096924,0.6024326659279908,True
dnn,0.5,1,2,0.0,0.9955047366910889,0.3788319742530087,dnn,0.6164013147354126,0.7997114658355713,1.0373661518096924,0.5941984068596188,True
dnn,0.5,1,8,0.0,0.8145479666433055,0.3789287491917145,dnn,0.6907446384429932,0.8047332763671875,1.0373661518096924,0.6658638680643131,True
dnn,0.5,1,8,0.0,1.817286211563076,0.3795619696346761,dnn,0.8283059000968933,0.8047332763671875,1.0373661518096924,0.7984701434993883,True
dnn,0.5,1,8,0.0,3.667470807015676,0.3795840301617791,dnn,1.0302515029907227,0.8047332763671875,1.0373661518096924,0.9931416223610553,True
dnn,0.5,1,8,0.0,1.3450342120312204,0.3796022508653803,dnn,1.0880851745605469,0.8047332763671875,1.0373661518096924,1.0,True
dnn,0.5,1,4,0.5,0.8145479666433055,0.3803792450821099,dnn,0.9037081003189087,1.0373661518096924,1.0373661518096924,0.8711563402588215,True
dnn,0.5,1,4,0.0,1.4869510248216484,0.3805578847904892,dnn,1.0647499561309814,0.9410871267318726,1.0373661518096924,1.0,True
dnn,0.5,1,8,0.0,1.643841718255735,0.3806969215159822,dnn,0.6721638441085815,0.8047332763671875,1.0373661518096924,0.647952357936479,True
dnn,0.5,1,8,0.5,1.4869510248216484,0.3810182187426248,dnn,0.5241222381591797,0.8622868657112122,1.0373661518096924,0.5052432424605766,True
dnn,0.5,1,2,0.0,2.714417616594908,0.3815640767356251,dnn,0.5566690564155579,0.7997114658355713,1.0373661518096924,0.5366177173261774,True
dnn,0.5,1,8,0.0,3.000820366267417,0.3817115618933403,dnn,1.0122166872024536,0.8047332763671875,1.0373661518096924,0.9757564245147528,True
dnn,0.5,1,4,0.5,0.900492287060531,0.3817653395888199,dnn,0.88749760389328,1.0373661518096924,1.0373661518096924,0.8555297493995099,True
dnn,0.5,2,4,0.5,0.900492287060531,0.3820903293209445,dnn,1.6911687978835022e-12,0.0007295292452909052,1.0373661518096924,1.630252534202361e-12,True
dnn,0.5,2,2,0.5,0.2211023350218148,0.3834791820920049,dnn,0.8803635835647583,0.660158634185791,1.0373661518096924,0.8486526980169519,True
dnn,0.5,1,8,0.5,0.900492287060531,0.3841448121015077,dnn,0.5192689299583435,0.8622868657112122,1.0373661518096924,0.5005647514645386,True
dnn,0.5,1,8,0.5,0.4462072918927006,0.3845784714092642,dnn,0.5443323850631714,0.8622868657112122,1.0373661518096924,0.5247254155281429,True
dnn,0.5,1,2,0.0,4.955148403871969,0.3846691783989497,dnn,0.6509649753570557,0.7997114658355713,1.0373661518096924,0.6275170769948901,True
dnn,0.5,1,4,0.0,1.2166621504910964,0.3849464859413071,dnn,1.0484063625335693,0.9410871267318726,1.0373661518096924,1.0,True
dnn,0.5,1,2,0.0,0.6664844128899691,0.3850348831453927,dnn,1.2107857465744019,0.7997114658355713,1.0373661518096924,1.0,True
dnn,0.5,2,8,0.0,1.2166621504910964,0.38509455213873,dnn,5.3533757288226624e-12,0.7614768743515015,1.0373661518096924,5.160545984157726e-12,True
dnn,0.5,1,2,0.5,0.6028741513057392,0.3861254632612637,dnn,0.7202754020690918,0.6200992465019226,1.0373661518096924,0.6943309272358332,True
dnn,0.5,1,2,0.5,0.900492287060531,0.3861260839245161,dnn,0.5920268893241882,0.6200992465019226,1.0373661518096924,0.5707019534919211,True
dnn,0.5,1,2,0.0,0.900492287060531,0.3866996455770582,dnn,0.7558115124702454,0.7997114658355713,1.0373661518096924,0.7285870193004919,True
dnn,0.5,1,8,0.0,0.3302529174737275,0.3874422550189028,dnn,0.81304931640625,0.8047332763671875,1.0373661518096924,0.7837631052332678,True
dnn,0.5,2,2,0.5,0.6028741513057392,0.3876458198857704,dnn,0.6794946789741516,0.660158634185791,1.0373661518096924,0.655019134554148,True
dnn,0.5,1,2,0.5,1.3450342120312204,0.3877211590924133,dnn,0.8745823502540588,0.6200992465019226,1.0373661518096924,0.8430797059730009,True
dnn,0.5,1,4,0.0,0.2702215594677964,0.3877724255864189,dnn,0.894311785697937,0.9410871267318726,1.0373661518096924,0.8620984829105942,True
dnn,0.5,1,8,0.5,1.2166621504910964,0.3878500626932757,dnn,0.5849301815032959,0.8622868657112122,1.0373661518096924,0.5638608706124459,True
dnn,0.5,2,2,0.5,0.6664844128899691,0.3882940289156074,dnn,0.4549429714679718,0.660158634185791,1.0373661518096924,0.4385558278283137,True
dnn,0.5,1,8,0.0,0.900492287060531,0.3885171637443285,dnn,1.0696443319320679,0.8047332763671875,1.0373661518096924,1.0,True
dnn,0.5,2,8,0.0,0.4036206056789731,0.3887828782889704,dnn,0.004904376342892647,0.7614768743515015,1.0373661518096924,0.004727719652638491,True
dnn,0.5,2,8,0.0,0.2444312127604942,0.3888513523100501,dnn,0.5508331060409546,0.7614768743515015,1.0373661518096924,0.5309919791387279,True
dnn,0.5,1,4,0.5,0.4462072918927006,0.3888711333395761,dnn,0.5484338998794556,1.0373661518096924,1.0373661518096924,0.5286791928989671,True
dnn,0.5,1,2,0.5,0.7368062997280775,0.3896514617729861,dnn,0.7799023985862732,0.6200992465019226,1.0373661518096924,0.7518101465193636,True
dnn,0.5,2,8,0.0,0.3302529174737275,0.389702697469607,dnn,0.1609741747379303,0.7614768743515015,1.0373661518096924,0.155175850356318,True
dnn,0.5,2,8,0.5,0.900492287060531,0.3899333302049012,dnn,0.6930176019668579,0.9951527118682861,1.0373661518096924,0.6680549589533878,True
dnn,0.5,2,4,0.5,0.2702215594677964,0.3899700191799999,dnn,6.31014387408868e-08,0.0007295292452909052,1.0373661518096924,6.082851135137377e-08,True
dnn,0.5,1,8,0.0,1.4869510248216484,0.3902846943694377,dnn,0.7226941585540771,0.8047332763671875,1.0373661518096924,0.6966625595922252,True
dnn,0.5,2,4,0.5,0.5453349474995434,0.3903186833606,dnn,2.808791532693533e-10,0.0007295292452909052,1.0373661518096924,2.707618257828807e-10,True
dnn,0.5,1,2,0.5,0.5453349474995434,0.3906928315621871,dnn,0.724536120891571,0.6200992465019226,1.0373661518096924,0.6984381740503224,True
dnn,0.5,1,4,0.5,0.9955047366910889,0.391264126667574,dnn,0.9342709183692932,1.0373661518096924,1.0373661518096924,0.9006182790323852,True
dnn,0.5,2,4,0.5,0.3650984560060393,0.3913412622029577,dnn,7.417294778377936e-09,0.0007295292452909052,1.0373661518096924,7.1501222258297275e-09,True
dnn,0.5,1,4,0.0,2.221007363126434,0.391904436868927,dnn,0.7927507758140564,0.9410871267318726,1.0373661518096924,0.7641957224371522,True
dnn,0.5,1,8,0.0,2.455349570439492,0.3920302194979252,dnn,1.0279395580291748,0.8047332763671875,1.0373661518096924,0.9909129541540633,True
dnn,0.5,2,8,0.5,1.1005421090383831,0.3921521532813468,dnn,0.7576393485069275,0.9951527118682861,1.0373661518096924,0.7303490162901696,True
dnn,0.5,1,8,0.0,0.3650984560060393,0.3921526753264351,dnn,0.967060923576355,0.8047332763671875,1.0373661518096924,0.9322271812024236,True
dnn,0.5,1,8,0.5,0.2,0.3923173630860468,dnn,0.5383743643760681,0.8622868657112122,1.0373661518096924,0.5189820040270934,True
dnn,0.5,1,4,0.5,0.6664844128899691,0.392474654608943,dnn,0.9921440482139587,1.0373661518096924,1.0373661518096924,0.9564068062980045,True
dnn,0.5,1,2,0.5,0.8145479666433055,0.3925929418465864,dnn,0.6348202228546143,0.6200992465019226,1.0373661518096924,0.6119538619485184,True
dnn,0.5,2,8,0.0,0.9955047366910889,0.3936103917529561,dnn,2.798613563115282e-10,0.7614768743515015,1.0373661518096924,2.697806900902908e-10,True
dnn,0.5,1,8,0.5,0.6664844128899691,0.3940095950939599,dnn,0.4943089485168457,0.8622868657112122,1.0373661518096924,0.47650383392066564,True
dnn,0.5,1,4,0.0,1.643841718255735,0.3941078898136711,dnn,0.6370113492012024,0.9410871267318726,1.0373661518096924,0.614066063453036,True
dnn,0.5,1,8,0.0,1.1005421090383831,0.3942847596199037,dnn,0.695264995098114,0.8047332763671875,1.0373661518096924,0.670221400500893,True
dnn,0.5,1,4,0.5,0.4036206056789731,0.3944497220046896,dnn,0.929090678691864,1.0373661518096924,1.0373661518096924,0.8956246327018276,True
dnn,0.5,1,2,0.0,0.2702215594677964,0.394558700130602,dnn,0.6602181196212769,0.7997114658355713,1.0373661518096924,0.6364369210133971,True
dnn,0.5,1,8,0.5,0.2987330888578299,0.3946758187177844,dnn,0.48535919189453125,0.8622868657112122,1.0373661518096924,0.4678764494559793,True
dnn,0.5,1,4,0.0,4.955148403871969,0.3951056822854998,dnn,0.5955496430397034,0.9410871267318726,1.0373661518096924,0.5740978168612528,True
dnn,0.5,2,4,0.5,0.2444312127604942,0.3952597078143214,dnn,1.2209260091822216e-07,0.0007295292452909052,1.0373661518096924,1.1769479918467629e-07,True
dnn,0.5,2,8,0.0,0.2987330888578299,0.3953923921028033,dnn,0.3679565489292145,0.7614768743515015,1.0373661518096924,0.354702674930459,True
dnn,0.5,2,2,0.0,0.4036206056789731,0.3955713189529054,dnn,0.9446683526039124,0.713407576084137,1.0373661518096924,0.9106411954505474,True
dnn,0.5,2,8,0.5,0.8145479666433055,0.3963637636569261,dnn,0.8790335059165955,0.9951527118682861,1.0373661518096924,0.8473705300516269,True
dnn,0.5,2,2,0.5,0.4932873707061831,0.3964917587789893,dnn,0.46894562244415283,0.660158634185791,1.0373661518096924,0.45205410030592763,True
dnn,0.5,1,8,0.5,0.4932873707061831,0.3966271773450892,dnn,0.5313336253166199,0.8622868657112122,1.0373661518096924,0.5121948739022424,True
dnn,0.5,2,8,0.5,0.6664844128899691,0.3970194434761505,dnn,0.7506424784660339,0.9951527118682861,1.0373661518096924,0.7236041750123936,True
dnn,0.5,1,4,0.0,0.2,0.3970783283016517,dnn,0.6697220206260681,0.9410871267318726,1.0373661518096924,0.6455984894607689,True
dnn,0.5,1,4,0.5,0.7368062997280775,0.3972852317916219,dnn,0.8757258057594299,1.0373661518096924,1.0373661518096924,0.844181973965239,True
dnn,0.5,2,8,0.0,0.7368062997280775,0.3976012192055065,dnn,5.817288339926563e-08,0.7614768743515015,1.0373661518096924,5.6077483632739155e-08,True
dnn,0.5,1,2,0.0,0.4462072918927006,0.3977447457771135,dnn,0.6582673192024231,0.7997114658355713,1.0373661518096924,0.6345563888450295,True
dnn,0.5,1,2,0.5,0.6664844128899691,0.3978965334962591,dnn,0.6688437461853027,0.6200992465019226,1.0373661518096924,0.6447518506541786,True
dnn,0.5,1,4,0.0,3.000820366267417,0.3979129919864637,dnn,0.5956113934516907,0.9410871267318726,1.0373661518096924,0.5741573430101248,True
dnn,0.5,1,4,0.5,0.6028741513057392,0.3980153727124719,dnn,1.0192385911941528,1.0373661518096924,1.0373661518096924,0.9825253980150442,True
dnn,0.5,1,8,0.5,0.3302529174737275,0.3983190978859883,dnn,0.6250579953193665,0.8622868657112122,1.0373661518096924,0.6025432719478542,True
dnn,0.5,1,8,0.0,0.9955047366910889,0.3984461342464857,dnn,0.7752323150634766,0.8047332763671875,1.0373661518096924,0.747308280409071,True
dnn,0.5,1,4,0.5,0.2211023350218148,0.398694742996289,dnn,0.9556811451911926,1.0373661518096924,1.0373661518096924,0.9212573048812132,True
dnn,0.5,1,8,0.0,0.7368062997280775,0.398726601937108,dnn,0.8591556549072266,0.8047332763671875,1.0373661518096924,0.8282086835091194,True
dnn,0.5,2,2,0.5,0.3650984560060393,0.3990737268087059,dnn,0.818182110786438,0.660158634185791,1.0373661518096924,0.7887110152563911,True
dnn,0.5,1,2,0.5,0.3650984560060393,0.3992960703478402,dnn,0.4863274395465851,0.6200992465019226,1.0373661518096924,0.46880982061944426,True
dnn,0.5,1,2,0.0,0.3302529174737275,0.3996475683061229,dnn,0.7648693919181824,0.7997114658355713,1.0373661518096924,0.7373186319833768,True
dnn,0.5,1,4,0.0,2.0090311238977194,0.3996952982635599,dnn,0.5928468108177185,0.9410871267318726,1.0373661518096924,0.571492341236981,True
dnn,0.5,1,8,0.0,0.4932873707061831,0.3997514425305394,dnn,0.9460666179656982,0.8047332763671875,1.0373661518096924,0.9119890949933912,True
dnn,0.5,2,8,0.0,0.3650984560060393,0.399976984560794,dnn,0.05395181477069855,0.7614768743515015,1.0373661518096924,0.05200845880365311,True
dnn,0.5,1,4,0.0,1.3450342120312204,0.4004205099290408,dnn,0.609616219997406,0.9410871267318726,1.0373661518096924,0.5876577126927907,True
dnn,0.5,1,4,0.0,0.2987330888578299,0.4010115245228897,dnn,0.7728210687637329,0.9410871267318726,1.0373661518096924,0.7449838877194337,True
dnn,0.5,1,2,0.0,1.643841718255735,0.4010153263858971,dnn,0.49589160084724426,0.7997114658355713,1.0373661518096924,0.47802947877387164,True
dnn,0.5,1,8,0.5,0.2444312127604942,0.401085223643159,dnn,0.9976140856742859,0.8622868657112122,1.0373661518096924,0.961679811833017,True
dnn,0.5,2,8,0.0,0.900492287060531,0.4016479355838395,dnn,1.7803500895752222e-09,0.7614768743515015,1.0373661518096924,1.7162214965944178e-09,True
dnn,0.5,1,4,0.0,2.455349570439492,0.402203029851412,dnn,0.604297399520874,0.9410871267318726,1.0373661518096924,0.5825304772733071,True
dnn,0.5,2,8,0.0,0.4932873707061831,0.4023092048770232,dnn,0.00010167502477997914,0.7614768743515015,1.0373661518096924,9.801266852847123e-05,True
dnn,0.5,1,8,0.5,0.3650984560060393,0.4025347849868222,dnn,1.0418962240219116,0.8622868657112122,1.0373661518096924,1.0,True
dnn,0.5,2,8,0.0,0.2,0.4029621198836252,dnn,0.6869558095932007,0.7614768743515015,1.0373661518096924,0.6622115136442437,True
dnn,0.5,1,4,0.0,0.4932873707061831,0.4031511078959529,dnn,0.7071845531463623,0.9410871267318726,1.0373661518096924,0.6817116135056788,True
dnn,0.5,2,8,0.5,0.4036206056789731,0.4033290128421493,dnn,0.7863441109657288,0.9951527118682861,1.0373661518096924,0.7580198270340188,True
dnn,0.5,1,4,0.0,3.317441949813717,0.4033343240836196,dnn,0.9915384650230408,0.9410871267318726,1.0373661518096924,0.9558230363438166,True
dnn,0.5,1,8,0.0,1.2166621504910964,0.4036674362080857,dnn,0.7532166838645935,0.8047332763671875,1.0373661518096924,0.7260856569790732,True
dnn,0.5,1,4,0.5,0.3650984560060393,0.4039131951955784,dnn,0.5411561727523804,1.0373661518096924,1.0373661518096924,0.5216636110676348,True
dnn,0.5,2,8,0.0,0.6028741513057392,0.4041611314571701,dnn,2.287839151904336e-06,0.7614768743515015,1.0373661518096924,2.2054306937942644e-06,True
dnn,0.5,1,4,0.0,1.1005421090383831,0.404423379803935,dnn,0.6854021549224854,0.9410871267318726,1.0373661518096924,0.660713821948785,True
dnn,0.5,1,8,0.0,0.2211023350218148,0.4045668636256429,dnn,0.8879119157791138,0.8047332763671875,1.0373661518096924,0.8559291376821437,True
dnn,0.5,1,4,0.0,0.4462072918927006,0.4050041311293946,dnn,0.9074908494949341,0.9410871267318726,1.0373661518096924,0.87480283399628,True
dnn,0.5,1,8,0.5,0.2702215594677964,0.4051310266811652,dnn,1.0612592697143555,0.8622868657112122,1.0373661518096924,1.0,True
dnn,0.5,2,8,0.0,0.4462072918927006,0.4053574812851205,dnn,0.0005190506344661117,0.7614768743515015,1.0373661518096924,0.000500354319022868,True
dnn,0.5,1,8,0.5,0.2211023350218148,0.4055513023006612,dnn,0.8747293949127197,0.8622868657112122,1.0373661518096924,0.8432214540514439,True
dnn,0.5,1,4,0.5,0.2,0.4058451899582586,dnn,0.5570243000984192,1.0373661518096924,1.0373661518096924,0.5369601650552088,True
dnn,0.5,1,4,0.5,0.2987330888578299,0.4075232864231875,dnn,0.5322626829147339,1.0373661518096924,1.0373661518096924,0.5130904666459359,True
dnn,0.5,1,8,0.0,2.714417616594908,0.407532710494798,dnn,1.0168941020965576,0.8047332763671875,1.0373661518096924,0.980265357918782,True
dnn,0.5,2,2,0.0,0.2,0.4078523243586457,dnn,0.8915731310844421,0.713407576084137,1.0373661518096924,0.8594584752250559,True
dnn,0.5,2,8,0.5,0.5453349474995434,0.4086253581487538,dnn,0.4901863634586334,0.9951527118682861,1.0373661518096924,0.4725297452625574,True
dnn,0.5,1,8,0.0,0.4462072918927006,0.4090857019131076,dnn,0.7984746098518372,0.8047332763671875,1.0373661518096924,0.7697133827423353,True
dnn,0.5,2,4,0.5,0.4036206056789731,0.4091046145702194,dnn,3.42660166907649e-09,0.0007295292452909052,1.0373661518096924,3.3031747402773457e-09,True
dnn,0.5,2,8,0.5,0.3302529174737275,0.4095081787992322,dnn,0.9328081607818604,0.9951527118682861,1.0373661518096924,0.8992082102877273,True
dnn,0.5,1,8,0.0,0.6664844128899691,0.4100684503351858,dnn,0.8572757840156555,0.8047332763671875,1.0373661518096924,0.8263965259712128,True
dnn,0.5,2,4,0.5,0.8145479666433055,0.4109310901447048,dnn,5.355745794771716e-12,0.0007295292452909052,1.0373661518096924,5.162830679821758e-12,True
dnn,0.5,1,8,0.0,2.0090311238977194,0.4109339074520876,dnn,0.6427629590034485,0.8047332763671875,1.0373661518096924,0.6196104990336768,True
dnn,0.5,2,8,0.0,0.2211023350218148,0.4111233490577595,dnn,0.6115117073059082,0.7614768743515015,1.0373661518096924,0.5894849241409331,True
dnn,0.5,2,8,0.5,0.4462072918927006,0.4112203554894031,dnn,0.9210136532783508,0.9951527118682861,1.0373661518096924,0.8878385434801744,True
dnn,0.5,1,8,0.0,0.5453349474995434,0.4122391350482529,dnn,0.9323697686195374,0.8047332763671875,1.0373661518096924,0.8987856091053403,True
dnn,0.5,1,2,0.0,0.2,0.4128033803030312,dnn,0.6058775782585144,0.7997114658355713,1.0373661518096924,0.5840537376330979,True
dnn,0.5,2,4,0.0,0.4932873707061831,0.41292605415055,dnn,1.190755068332383e-12,6.033438748609399e-10,1.0373661518096924,1.1478638147727325e-12,True
dnn,0.5,2,8,0.0,0.5453349474995434,0.4129835310966235,dnn,1.5736319255665876e-05,0.7614768743515015,1.0373661518096924,1.5169493652953452e-05,True
dnn,0.5,2,2,0.5,0.2987330888578299,0.4141126915872313,dnn,0.8299533724784851,0.660158634185791,1.0373661518096924,0.800058273571608,True
dnn,0.5,2,8,0.5,0.2987330888578299,0.4141901386091605,dnn,0.8364936709403992,0.9951527118682861,1.0373661518096924,0.8063629890768368,True
dnn,0.5,2,8,0.5,0.6028741513057392,0.4143691821236606,dnn,0.7546032667160034,0.9951527118682861,1.0373661518096924,0.7274222948180764,True
dnn,0.5,1,4,0.5,0.2444312127604942,0.4143828375079747,dnn,0.5145137906074524,1.0373661518096924,1.0373661518096924,0.4959808932553656,True
dnn,0.5,1,8,0.0,0.2987330888578299,0.4146749147002763,dnn,0.9494237303733826,0.8047332763671875,1.0373661518096924,0.9152252834904111,True
dnn,0.5,1,2,0.5,0.2444312127604942,0.4148077586846679,dnn,0.9379492402076721,0.6200992465019226,1.0373661518096924,0.9041641069273498,True
dnn,0.5,1,4,0.0,0.8145479666433055,0.4154404305127826,dnn,0.7414546012878418,0.9410871267318726,1.0373661518096924,0.7147472471454454,True
dnn,0.5,1,4,0.0,0.9955047366910889,0.4155478920268226,dnn,0.7671217322349548,0.9410871267318726,1.0373661518096924,0.7394898425177124,True
dnn,0.5,2,8,0.0,0.6664844128899691,0.4155872302561407,dnn,3.7435557942444575e-07,0.7614768743515015,1.0373661518096924,3.608712109715358e-07,True
dnn,0.5,2,8,0.5,0.2,0.4156713549343542,dnn,0.5440534353256226,0.9951527118682861,1.0373661518096924,0.5244565136201115,True
dnn,0.5,2,4,0.0,0.2987330888578299,0.4162420474062945,dnn,1.1743284296372725e-11,6.033438748609399e-10,1.0373661518096924,1.1320288671349538e-11,True
dnn,0.5,2,4,0.5,0.2,0.4167356515616552,dnn,4.1254071447838214e-07,0.0007295292452909052,1.0373661518096924,3.9768090925147504e-07,True
dnn,0.5,2,4,0.0,0.4462072918927006,0.4180359237158715,dnn,2.047895707180114e-12,6.033438748609399e-10,1.0373661518096924,1.974130063534024e-12,True
dnn,0.5,2,4,0.0,0.2444312127604942,0.4184446710978903,dnn,2.294432352445419e-11,6.033438748609399e-10,1.0373661518096924,2.211786405834397e-11,True
dnn,0.5,2,2,0.5,0.2,0.4190798948094197,dnn,0.6029661893844604,0.660158634185791,1.0373661518096924,0.5812472176122017,True
dnn,0.5,1,8,0.0,0.4036206056789731,0.4196154664140579,dnn,0.8330186605453491,0.8047332763671875,1.0373661518096924,0.8030131493033027,True
dnn,0.5,1,2,0.5,0.3302529174737275,0.4198109864115225,dnn,0.5539479851722717,0.6200992465019226,1.0373661518096924,0.5339946596540727,True
dnn,0.5,2,8,0.5,0.2211023350218148,0.4205435881664067,dnn,0.5658252239227295,0.9951527118682861,1.0373661518096924,0.5454440777112725,True
dnn,0.5,2,2,0.0,0.2702215594677964,0.4207078756844696,dnn,0.515229344367981,0.713407576084137,1.0373661518096924,0.49667067261560427,True
dnn,0.5,1,4,0.0,0.2211023350218148,0.4207709605738871,dnn,1.0105819702148438,0.9410871267318726,1.0373661518096924,0.9741805903844815,True
dnn,0.5,2,8,0.5,0.9955047366910889,0.421785303612633,dnn,0.638610303401947,0.9951527118682861,1.0373661518096924,0.6156074229797135,True
dnn,0.5,2,8,0.5,0.2444312127604942,0.4219631802014792,dnn,0.583935022354126,0.9951527118682861,1.0373661518096924,0.5629015573097766,True
dnn,0.5,2,4,0.5,0.6664844128899691,0.4221733037504215,dnn,4.3276604522191064e-11,0.0007295292452909052,1.0373661518096924,4.1717771923341365e-11,True
dnn,0.5,2,8,0.5,0.4932873707061831,0.4222058198016085,dnn,0.4903322160243988,0.9951527118682861,1.0373661518096924,0.4726703441875474,True
dnn,0.5,1,4,0.5,0.3302529174737275,0.4225501849413979,dnn,0.6706449389457703,1.0373661518096924,1.0373661518096924,0.6464881640641789,True
dnn,0.5,2,8,0.0,0.2702215594677964,0.4226113605263569,dnn,0.5433523058891296,0.7614768743515015,1.0373661518096924,0.5237806390166556,True
dnn,0.5,2,4,0.0,0.4036206056789731,0.4231868438971717,dnn,3.3639980991789775e-12,6.033438748609399e-10,1.0373661518096924,3.242826164426572e-12,True
dnn,0.5,1,4,0.0,0.6028741513057392,0.4233578735972181,dnn,0.7098119258880615,0.9410871267318726,1.0373661518096924,0.6842443477163678,True
dnn,0.5,2,4,0.0,0.2,0.4240111721175548,dnn,4.0252245980809676e-11,6.033438748609399e-10,1.0373661518096924,3.880235142682201e-11,True
dnn,0.5,2,8,0.5,0.7368062997280775,0.4241963039279203,dnn,0.7018334865570068,0.9951527118682861,1.0373661518096924,0.6765532934852881,True
dnn,0.5,2,2,0.5,0.4036206056789731,0.4243503030775503,dnn,0.5979962348937988,0.660158634185791,1.0373661518096924,0.5764562819507754,True
dnn,0.5,1,4,0.5,0.4932873707061831,0.4245110016337453,dnn,0.8559299111366272,1.0373661518096924,1.0373661518096924,0.8250991317226339,True
dnn,0.5,1,4,0.0,0.3650984560060393,0.4245879432524538,dnn,0.9777498841285706,0.9410871267318726,1.0373661518096924,0.9425311230975477,True
dnn,0.5,1,4,0.0,0.3302529174737275,0.4247783743748132,dnn,1.0975008010864258,0.9410871267318726,1.0373661518096924,1.0,True
dnn,0.5,2,4,0.0,0.3302529174737275,0.425220483669894,dnn,8.018295229172967e-12,6.033438748609399e-10,1.0373661518096924,7.729474511179101e-12,True
dnn,0.5,2,8,0.5,0.3650984560060393,0.4256069381954491,dnn,0.6191726326942444,0.9951527118682861,1.0373661518096924,0.5968699013497727,True
dnn,0.5,2,8,0.5,0.2702215594677964,0.4267476262038999,dnn,0.9062780141830444,0.9951527118682861,1.0373661518096924,0.8736336852730698,True
dnn,0.5,1,2,0.0,0.3650984560060393,0.4273025133627861,dnn,1.0978779792785645,0.7997114658355713,1.0373661518096924,1.0,True
dnn,0.5,2,4,0.0,0.3650984560060393,0.4276152776659275,dnn,5.292211981144934e-12,6.033438748609399e-10,1.0373661518096924,5.101585367820835e-12,True
dnn,0.5,2,4,0.5,0.2987330888578299,0.4287199016404719,dnn,3.174162088726007e-08,0.0007295292452909052,1.0373661518096924,3.059828087882624e-08,True
dnn,0.5,1,4,0.5,0.2702215594677964,0.4287669428110359,dnn,0.6561631560325623,1.0373661518096924,1.0373661518096924,0.6325280180849174,True
dnn,0.5,1,8,0.0,0.2,0.4288593244549878,dnn,1.0767384767532349,0.8047332763671875,1.0373661518096924,1.0,True
dnn,0.5,1,4,0.0,0.900492287060531,0.4289929912734711,dnn,1.0370416641235352,0.9410871267318726,1.0373661518096924,0.9996872004300592,True
dnn,0.5,1,4,0.0,0.7368062997280775,0.4332008762088338,dnn,0.8118748664855957,0.9410871267318726,1.0373661518096924,0.7826309592512484,True
dnn,0.5,1,2,0.0,0.7368062997280775,0.4346019587313733,dnn,0.7376550436019897,0.7997114658355713,1.0373661518096924,0.7110845503442978,True
dnn,0.5,2,4,0.0,0.2702215594677964,0.4347063435490923,dnn,1.6650255826866633e-11,6.033438748609399e-10,1.0373661518096924,1.6050510032373958e-11,True
dnn,0.5,1,8,0.0,0.6028741513057392,0.4355598853054586,dnn,0.8336238861083984,0.8047332763671875,1.0373661518096924,0.8035965745114546,True
dnn,0.5,2,2,0.0,0.3650984560060393,0.4370235429264795,dnn,0.5215020179748535,0.713407576084137,1.0373661518096924,0.5027174031706063,True
dnn,0.5,1,4,0.0,0.5453349474995434,0.4371509445301597,dnn,0.8692773580551147,0.9410871267318726,1.0373661518096924,0.8379658007335736,True
dnn,0.5,1,4,0.0,0.2444312127604942,0.4380812094125841,dnn,0.7032197117805481,0.9410871267318726,1.0373661518096924,0.6778895865782554,True
dnn,0.5,2,4,0.5,0.4462072918927006,0.4382539048358474,dnn,1.5345088533180729e-09,0.0007295292452909052,1.0373661518096924,1.4792355145202217e-09,True
dnn,0.5,2,4,0.0,0.6028741513057392,0.4383139829337194,dnn,3.4611736762259204e-13,6.033438748609399e-10,1.0373661518096924,3.336501456296679e-13,True
dnn,0.5,1,2,0.0,0.2444312127604942,0.4387811490348082,dnn,0.9946728348731995,0.7997114658355713,1.0373661518096924,0.95884450551812,True
dnn,0.5,1,4,0.0,0.6664844128899691,0.443188491629337,dnn,1.036864995956421,0.9410871267318726,1.0373661518096924,0.999516895888306,True
dnn,0.5,1,8,0.0,0.2702215594677964,0.4441862720711359,dnn,0.8055076003074646,0.8047332763671875,1.0373661518096924,0.7764930433697408,True
dnn,0.5,1,4,0.0,0.4036206056789731,0.4447448928287143,dnn,0.9066723585128784,0.9410871267318726,1.0373661518096924,0.8740138252353639,True
dnn,0.5,1,4,0.0,1.817286211563076,0.4455284577129458,dnn,0.9538204073905945,0.9410871267318726,1.0373661518096924,0.9194635912562292,True
dnn,0.5,1,8,0.0,0.2444312127604942,0.4475730126773409,dnn,0.7668574452400208,0.8047332763671875,1.0373661518096924,0.7392350751971545,True
dnn,0.5,2,4,0.5,0.3302529174737275,0.4485843456229173,dnn,1.554034234629853e-08,0.0007295292452909052,1.0373661518096924,1.4980575873994245e-08,True
dnn,0.5,1,2,0.0,0.6028741513057392,0.4505978917225676,dnn,0.6472203135490417,0.7997114658355713,1.0373661518096924,0.6239072987102591,True
dnn,0.5,1,2,0.0,0.8145479666433055,0.451481592042578,dnn,0.5866913795471191,0.7997114658355713,1.0373661518096924,0.5655586299240938,True
dnn,0.5,2,2,0.0,0.2987330888578299,0.4520054471769511,dnn,0.8461064696311951,0.713407576084137,1.0373661518096924,0.8156295326921517,True
dnn,0.5,2,4,0.5,0.2211023350218148,0.4530948154970158,dnn,2.3191596199012565e-07,0.0007295292452909052,1.0373661518096924,2.235622991800404e-07,True
dnn,0.5,2,2,0.0,0.4462072918927006,0.4627534566493217,dnn,0.6915638446807861,0.713407576084137,1.0373661518096924,0.666653566317301,True
dnn,0.5,2,4,0.0,0.5453349474995434,0.4652283359151795,dnn,6.595044605914313e-13,6.033438748609399e-10,1.0373661518096924,6.357489681352349e-13,True
dnn,0.5,1,2,0.0,0.4932873707061831,0.4788408175078378,dnn,0.9063825011253357,0.7997114658355713,1.0373661518096924,0.8737344085732364,True
dnn,0.5,1,2,0.0,0.2211023350218148,0.4973758190268256,dnn,0.7099310159683228,0.7997114658355713,1.0373661518096924,0.684359148146335,True
dnn,0.75,1,8,1.0,10.000000000000002,0.2518553195626138,dnn,0.7476368546485901,0.8851587772369385,1.3022788763046265,0.5740988879203047,True
dnn,0.75,1,2,1.0,10.000000000000002,0.2535021423316316,dnn,0.68756103515625,0.8951922655105591,1.3022788763046265,0.5279675864107444,True
dnn,0.75,1,4,1.0,10.000000000000002,0.2561613422930412,dnn,0.6141220927238464,0.9147756099700928,1.3022788763046265,0.4715749475001023,True
dnn,0.75,1,8,0.5,10.000000000000002,0.2562349874183437,dnn,0.627170979976654,1.3022788763046265,1.3022788763046265,0.4815949881305972,True
dnn,0.75,1,8,1.0,7.4013339421880975,0.2580113942100969,dnn,0.5301814079284668,0.8851587772369385,1.3022788763046265,0.40711818150112405,True
dnn,0.75,1,8,0.5,7.4013339421880975,0.2581075790025549,dnn,0.40120604634284973,1.3022788763046265,1.3022788763046265,0.3080799770639913,True
dnn,0.75,1,8,1.0,9.045585157672232,0.2587580183707495,dnn,0.5683709979057312,0.8851587772369385,1.3022788763046265,0.43644338263287547,True
dnn,0.75,1,4,0.5,10.000000000000002,0.2589726822966536,dnn,0.34465911984443665,0.7052225470542908,1.3022788763046265,0.2646584584266993,True
dnn,0.75,1,4,0.5,7.4013339421880975,0.2591127100233243,dnn,0.6499199867248535,0.7052225470542908,1.3022788763046265,0.4990636019291658,True
dnn,0.75,1,2,0.5,10.000000000000002,0.2594372364561486,dnn,0.5663548707962036,0.6192683577537537,1.3022788763046265,0.4348952295097529,True
dnn,0.75,1,8,0.5,6.69493964544323,0.2598046028440479,dnn,0.42577922344207764,1.3022788763046265,1.3022788763046265,0.32694934333134357,True
dnn,0.75,1,8,0.5,9.045585157672232,0.2600024101901262,dnn,0.36519697308540344,1.3022788763046265,1.3022788763046265,0.28042916131888274,True
dnn,0.75,1,4,0.5,9.045585157672232,0.2608520722270439,dnn,0.3885233402252197,0.7052225470542908,1.3022788763046265,0.29834112131780993,True
dnn,0.75,1,2,0.5,7.4013339421880975,0.2609609820127634,dnn,0.40677958726882935,0.6192683577537537,1.3022788763046265,0.31235981376209954,True
dnn,0.75,1,2,0.5,9.045585157672232,0.260989995517717,dnn,0.5787069201469421,0.6192683577537537,1.3022788763046265,0.4443801789898435,True
dnn,0.75,1,2,0.0,6.055964668833263,0.2611592045898664,dnn,0.327588826417923,0.4356005787849426,1.3022788763046265,0.2515504415978057,True
dnn,0.75,1,4,0.5,8.182261084470007,0.2616598939224162,dnn,0.6469139456748962,0.7052225470542908,1.3022788763046265,0.4967553090553021,True
dnn,0.75,1,2,1.0,5.477974412378556,0.2621229562596854,dnn,0.5962672233581543,0.8951922655105591,1.3022788763046265,0.4578644668261337,True
dnn,0.75,1,2,0.5,8.182261084470007,0.2625967871038194,dnn,0.5634435415267944,0.6192683577537537,1.3022788763046265,0.4326596643613183,True
dnn,0.75,1,8,1.0,8.182261084470007,0.2636434414937624,dnn,0.6433652639389038,0.8851587772369385,1.3022788763046265,0.494030330711138,True
dnn,0.75,1,4,1.0,9.045585157672232,0.2647407485127065,dnn,0.6002586483955383,0.9147756099700928,1.3022788763046265,0.4609294209692203,True
dnn,0.75,1,2,1.0,7.4013339421880975,0.2648266815258596,dnn,0.36373937129974365,0.8951922655105591,1.3022788763046265,0.27930989123612143,True
dnn,0.75,1,8,0.5,6.055964668833263,0.2648469090887209,dnn,0.41541314125061035,1.3022788763046265,1.3022788763046265,0.31898938761058254,True
dnn,0.75,1,8,1.0,6.055964668833263,0.2652660746840516,dnn,0.36613041162490845,0.8851587772369385,1.3022788763046265,0.281145934474379,True
dnn,0.75,1,2,1.0,8.182261084470007,0.2656265852080858,dnn,0.5474863052368164,0.8951922655105591,1.3022788763046265,0.4204063470570719,True
dnn,0.75,1,2,0.5,6.055964668833263,0.2657761060070335,dnn,0.39136478304862976,0.6192683577537537,1.3022788763046265,0.3005230217349256,True
dnn,0.75,1,8,0.5,8.182261084470007,0.2665363125364057,dnn,0.5443315505981445,1.3022788763046265,1.3022788763046265,0.41798385929652104,True
dnn,0.75,1,4,1.0,4.054431795277528,0.2666604583260979,dnn,0.8375401496887207,0.9147756099700928,1.3022788763046265,0.6431342509872708,True
dnn,0.75,1,2,1.0,6.055964668833263,0.2667182648996699,dnn,0.6569734215736389,0.8951922655105591,1.3022788763046265,0.504479826500665,True
dnn,0.75,1,2,0.5,4.054431795277528,0.2669363492898918,dnn,0.4744665026664734,0.6192683577537537,1.3022788763046265,0.3643355592258621,True
dnn,0.75,1,2,0.0,6.69493964544323,0.2670412139160665,dnn,0.3662286400794983,0.4356005787849426,1.3022788763046265,0.28122136259993424,True
dnn,0.75,1,4,0.5,5.477974412378556,0.2673483809547806,dnn,0.7300233244895935,0.7052225470542908,1.3022788763046265,0.5605737279261742,True
dnn,0.75,1,4,1.0,8.182261084470007,0.2678968192457276,dnn,0.6646214723587036,0.9147756099700928,1.3022788763046265,0.5103526475409378,True
dnn,0.75,1,4,1.0,6.69493964544323,0.2681031290459183,dnn,0.5676329135894775,0.9147756099700928,1.3022788763046265,0.43587661899285696,True
dnn,0.75,1,4,0.5,4.482221685612751,0.2682220734312689,dnn,0.8552813529968262,0.7052225470542908,1.3022788763046265,0.6567574492368258,True
dnn,0.75,1,8,1.0,6.69493964544323,0.2682800526863084,dnn,0.7003825902938843,0.8851587772369385,1.3022788763046265,0.5378130621924119,True
dnn,0.75,1,4,0.0,8.182261084470007,0.2687733150375004,dnn,0.471404492855072,0.9106130003929138,1.3022788763046265,0.3619842887974496,True
dnn,0.75,1,4,1.0,5.477974412378556,0.2688019647922571,dnn,0.8387526273727417,0.9147756099700928,1.3022788763046265,0.6440652940273466,True
dnn,0.75,1,4,1.0,7.4013339421880975,0.268935759947401,dnn,0.7573535442352295,0.9147756099700928,1.3022788763046265,0.5815601850076165,True
dnn,0.75,1,2,1.0,9.045585157672232,0.269237778471589,dnn,0.5735891461372375,0.8951922655105591,1.3022788763046265,0.440450318725023,True
dnn,0.75,1,4,0.5,3.667470807015676,0.2694618230461511,dnn,0.8995839357376099,0.7052225470542908,1.3022788763046265,0.6907767238690747,True
dnn,0.75,1,2,0.5,4.955148403871969,0.2699886075705049,dnn,0.64928138256073,0.6192683577537537,1.3022788763046265,0.49857322757406947,True
dnn,0.75,1,4,0.5,6.055964668833263,0.2700183181701392,dnn,0.7200024127960205,0.7052225470542908,1.3022788763046265,0.5528788233432107,True
dnn,0.75,1,4,0.5,4.955148403871969,0.2701696191191242,dnn,0.5513126254081726,0.7052225470542908,1.3022788763046265,0.4233445197027143,True
dnn,0.75,1,8,1.0,4.482221685612751,0.270334072989253,dnn,0.6425288319587708,0.8851587772369385,1.3022788763046265,0.49338804740657694,True
dnn,0.75,1,2,0.5,3.667470807015676,0.2706876508378183,dnn,0.6254646182060242,0.6192683577537537,1.3022788763046265,0.4802846990660369,True
dnn,0.75,1,4,0.0,10.000000000000002,0.2714927208724994,dnn,0.4176570177078247,0.9106130003929138,1.3022788763046265,0.32071242596898825,True
dnn,0.75,1,8,0.0,10.000000000000002,0.2715349919034437,dnn,0.7543944120407104,1.0026315450668335,1.3022788763046265,0.5792879127252648,True
dnn,0.75,1,8,0.5,3.317441949813717,0.2718324459987943,dnn,0.9903588891029358,1.3022788763046265,1.3022788763046265,0.7604814200113563,True
dnn,0.75,1,2,1.0,6.69493964544323,0.2718520411356281,dnn,0.5753628015518188,0.8951922655105591,1.3022788763046265,0.44181228154792795,True
dnn,0.75,1,8,1.0,5.477974412378556,0.2719929061783343,dnn,0.7937039732933044,0.8851587772369385,1.3022788763046265,0.6094731226429283,True
dnn,0.75,1,4,1.0,4.955148403871969,0.2722758317375303,dnn,0.8596276044845581,0.9147756099700928,1.3022788763046265,0.6600948691756832,True
dnn,0.75,1,2,1.0,3.000820366267417,0.2723026417411277,dnn,0.7801931500434875,0.8951922655105591,1.3022788763046265,0.5990983684365516,True
dnn,0.75,1,8,1.0,4.955148403871969,0.2724835071027267,dnn,0.6721685528755188,0.8851587772369385,1.3022788763046265,0.516147935058947,True
dnn,0.75,1,8,0.0,8.182261084470007,0.2727668734423615,dnn,0.7723315954208374,1.0026315450668335,1.3022788763046265,0.593061601069981,True
dnn,0.75,1,4,0.5,6.69493964544323,0.2732035008665613,dnn,0.8117491006851196,0.7052225470542908,1.3022788763046265,0.6233296995406665,True
dnn,0.75,1,4,1.0,4.482221685612751,0.2733441304548182,dnn,0.4085600674152374,0.9147756099700928,1.3022788763046265,0.3137270171920287,True
dnn,0.75,1,2,0.0,8.182261084470007,0.2734153085695956,dnn,0.3257456123828888,0.4356005787849426,1.3022788763046265,0.250135065775797,True
dnn,0.75,1,4,0.5,4.054431795277528,0.2738136958530161,dnn,0.46488288044929504,0.7052225470542908,1.3022788763046265,0.3569764425331511,True
dnn,0.75,1,4,1.0,2.221007363126434,0.2739011251319097,dnn,0.825714111328125,0.9147756099700928,1.3022788763046265,0.6340532172887489,True
dnn,0.75,1,2,0.0,7.4013339421880975,0.2739908931856398,dnn,0.32795974612236023,0.4356005787849426,1.3022788763046265,0.25183526515686533,True
dnn,0.75,1,4,1.0,6.055964668833263,0.2745011930731247,dnn,0.6789770722389221,0.9147756099700928,1.3022788763046265,0.5213760927809883,True
dnn,0.75,2,2,0.0,2.221007363126434,0.2745078485351511,dnn,8.526512638538789e-16,0.5454245805740356,1.3022788763046265,6.547378440732908e-16,True
dnn,0.75,2,2,1.0,1.643841718255735,0.2745078501804876,dnn,0.6653127074241638,0.9403508901596069,1.3022788763046265,0.510883436358938,True
dnn,0.75,2,8,0.5,2.714417616594908,0.2745078511738983,dnn,3.552713678800501e-15,0.9893234372138977,1.3022788763046265,2.7280744112825933e-15,True
dnn,0.75,2,2,0.5,1.4869510248216484,0.2745205293006672,dnn,0.6287976503372192,0.6062695384025574,1.3022788763046265,0.48284408338213125,True
dnn,0.75,2,2,1.0,1.1005421090383831,0.2745453784559695,dnn,0.4972531795501709,0.9403508901596069,1.3022788763046265,0.3818330993444252,True
dnn,0.75,2,2,0.5,3.000820366267417,0.2745453951887317,dnn,0.0,0.6062695384025574,1.3022788763046265,0.0,True
dnn,0.75,2,2,0.5,3.317441949813717,0.2745453991623747,dnn,0.0,0.6062695384025574,1.3022788763046265,0.0,True
dnn,0.75,2,2,1.0,9.045585157672232,0.2745505891322303,dnn,0.0,0.9403508901596069,1.3022788763046265,0.0,True
dnn,0.75,1,2,0.0,10.000000000000002,0.2745505905718989,dnn,0.4494168162345886,0.4356005787849426,1.3022788763046265,0.34510028874142773,True
dnn,0.75,2,8,0.0,6.055964668833263,0.274554106736354,dnn,8.881784197001252e-16,1.0288820266723633,1.3022788763046265,6.820186028206483e-16,True
dnn,0.75,2,2,0.5,0.5453349474995434,0.2745541100891152,dnn,0.5571295022964478,0.6062695384025574,1.3022788763046265,0.4278112103586983,True
dnn,0.75,2,8,1.0,2.221007363126434,0.2745634978517114,dnn,8.574691304219506e-12,0.5885425209999084,1.3022788763046265,6.584374100078493e-12,True
dnn,0.75,2,8,0.5,4.482221685612751,0.2745635202655414,dnn,0.0,0.9893234372138977,1.3022788763046265,0.0,True
dnn,0.75,2,2,0.5,0.900492287060531,0.2745635331798811,dnn,0.8266185522079468,0.6062695384025574,1.3022788763046265,0.6347477235855785,True
dnn,0.75,2,8,0.5,4.054431795277528,0.2745635441384434,dnn,0.0,0.9893234372138977,1.3022788763046265,0.0,True
dnn,0.75,2,8,0.5,3.667470807015676,0.274587463917009,dnn,3.552713678800501e-15,0.9893234372138977,1.3022788763046265,2.7280744112825933e-15,True
dnn,0.75,2,8,1.0,6.055964668833263,0.2745874677664756,dnn,8.881784197001252e-16,0.5885425209999084,1.3022788763046265,6.820186028206483e-16,True
dnn,0.75,2,2,0.0,8.182261084470007,0.2745874677664756,dnn,3.552713678800501e-15,0.5454245805740356,1.3022788763046265,2.7280744112825933e-15,True
dnn,0.75,2,8,1.0,3.317441949813717,0.2745968507172385,dnn,0.0,0.5885425209999084,1.3022788763046265,0.0,True
dnn,0.75,2,4,1.0,1.2166621504910964,0.2745968549702783,dnn,3.949717219953186e-10,0.8841022253036499,1.3022788763046265,3.032927348987634e-10,True
dnn,0.75,2,4,0.0,1.643841718255735,0.2746047944181712,dnn,8.419931541576965e-16,5.942511815959506e-09,1.3022788763046265,6.4655364490511715e-16,True
dnn,0.75,2,2,1.0,1.3450342120312204,0.2746047976778002,dnn,0.9190646409988403,0.9403508901596069,1.3022788763046265,0.7057356590216661,True
dnn,0.75,2,8,1.0,5.477974412378556,0.2746057745582568,dnn,3.552713678800501e-15,0.5885425209999084,1.3022788763046265,2.7280744112825933e-15,True
dnn,0.75,2,2,0.5,1.817286211563076,0.2746057780972826,dnn,1.305153485287036e-10,0.6062695384025574,1.3022788763046265,1.0022073682025517e-10,True
dnn,0.75,2,8,1.0,7.4013339421880975,0.2746082912700096,dnn,8.881784197001252e-16,0.5885425209999084,1.3022788763046265,6.820186028206483e-16,True
dnn,0.75,2,4,0.0,10.000000000000002,0.2746082952436526,dnn,0.0,5.942511815959506e-09,1.3022788763046265,0.0,True
dnn,0.75,2,8,0.0,3.317441949813717,0.2746105286856419,dnn,8.881784197001252e-16,1.0288820266723633,1.3022788763046265,6.820186028206483e-16,True
dnn,0.75,2,2,0.0,0.8145479666433055,0.2746105340252247,dnn,0.43017658591270447,0.5454245805740356,1.3022788763046265,0.33032601061101635,True
dnn,0.75,2,2,0.5,1.2166621504910964,0.2746105404203063,dnn,0.47489267587661743,0.6062695384025574,1.3022788763046265,0.36466281110554655,True
dnn,0.75,1,2,0.0,1.817286211563076,0.2746232317888472,dnn,0.8877056837081909,0.4356005787849426,1.3022788763046265,0.6816555960941046,True
dnn,0.75,2,8,0.5,1.643841718255735,0.2746245557449289,dnn,2.597001225179696e-10,0.9893234372138977,1.3022788763046265,1.99419745834241e-10,True
dnn,0.75,2,2,0.5,2.714417616594908,0.2746248581631973,dnn,4.2632563192693945e-16,0.6062695384025574,1.3022788763046265,3.273689220366454e-16,True
dnn,0.75,2,2,0.0,4.955148403871969,0.2746248603052393,dnn,7.993605777301127e-15,0.5454245805740356,1.3022788763046265,6.138167425385835e-15,True
dnn,0.75,2,8,0.5,6.055964668833263,0.2746328989361254,dnn,3.552713678800501e-15,0.9893234372138977,1.3022788763046265,2.7280744112825933e-15,True
dnn,0.75,2,4,0.0,4.955148403871969,0.2746328992465663,dnn,3.552713678800501e-15,5.942511815959506e-09,1.3022788763046265,2.7280744112825933e-15,True
dnn,0.75,2,4,1.0,1.1005421090383831,0.2746360634494376,dnn,4.4195928694534814e-08,0.8841022253036499,1.3022788763046265,3.3937376623927204e-08,True
dnn,0.75,2,4,1.0,1.643841718255735,0.2746403200693281,dnn,9.09139435826059e-14,0.8841022253036499,1.3022788763046265,6.981142460099269e-14,True
dnn,0.75,2,4,0.0,0.8145479666433055,0.2746403303759646,dnn,6.214406972956249e-14,5.942511815959506e-09,1.3022788763046265,4.7719479183985376e-14,True
dnn,0.75,2,4,0.5,5.477974412378556,0.2746403305311851,dnn,3.552713678800501e-15,0.410280704498291,1.3022788763046265,2.7280744112825933e-15,True
dnn,0.75,2,2,0.0,1.1005421090383831,0.2746403322696539,dnn,0.23661105334758759,0.5454245805740356,1.3022788763046265,0.18169000331096516,True
dnn,0.75,2,8,1.0,3.000820366267417,0.2746428455153468,dnn,3.5171865229542546e-16,0.5885425209999084,1.3022788763046265,2.700793652535236e-16,True
dnn,0.75,2,2,1.0,4.482221685612751,0.2746428504513564,dnn,0.0,0.9403508901596069,1.3022788763046265,0.0,True
dnn,0.75,2,2,1.0,3.667470807015676,0.2746534362218342,dnn,3.552713678800501e-15,0.9403508901596069,1.3022788763046265,2.7280744112825933e-15,True
dnn,0.75,2,2,0.5,1.643841718255735,0.2746534402886095,dnn,5.119724733049225e-07,0.6062695384025574,1.3022788763046265,3.9313581953944163e-07,True
dnn,0.75,2,4,0.5,3.317441949813717,0.274653443765547,dnn,0.0,0.410280704498291,1.3022788763046265,0.0,True
dnn,0.75,2,4,0.0,1.817286211563076,0.274653443765547,dnn,2.7711167266391147e-16,5.942511815959506e-09,1.3022788763046265,2.1278980847040175e-16,True
dnn,0.75,2,4,0.0,0.900492287060531,0.2746534450073105,dnn,2.3977264875722597e-14,5.942511815959506e-09,1.3022788763046265,1.8411774399475003e-14,True
dnn,0.75,2,2,0.0,0.9955047366910889,0.2746546093540908,dnn,0.3877147138118744,0.5454245805740356,1.3022788763046265,0.2977201894820422,True
dnn,0.75,2,2,0.0,5.477974412378556,0.274654616307966,dnn,3.552713678800501e-15,0.5454245805740356,1.3022788763046265,2.7280744112825933e-15,True
dnn,0.75,2,2,0.5,4.482221685612751,0.274654616307966,dnn,3.552713678800501e-15,0.6062695384025574,1.3022788763046265,2.7280744112825933e-15,True
dnn,0.75,2,8,0.0,2.455349570439492,0.2746966370370668,dnn,1.0160761595707883e-15,1.0288820266723633,1.3022788763046265,7.802293180505446e-16,True
dnn,0.75,2,8,1.0,2.714417616594908,0.2747004583023509,dnn,3.126388020403782e-15,0.5885425209999084,1.3022788763046265,2.4007054689202095e-15,True
dnn,0.75,2,2,0.5,0.8145479666433055,0.2747004673361799,dnn,0.549466073513031,0.6062695384025574,1.3022788763046265,0.4219265807890606,True
dnn,0.75,2,2,1.0,8.182261084470007,0.2747004721480132,dnn,3.552713678800501e-15,0.9403508901596069,1.3022788763046265,2.7280744112825933e-15,True
dnn,0.75,2,2,0.0,6.69493964544323,0.2747004756249508,dnn,3.552713678800501e-15,0.5454245805740356,1.3022788763046265,2.7280744112825933e-15,True
dnn,0.75,2,2,0.0,10.000000000000002,0.2747004756249508,dnn,0.0,0.5454245805740356,1.3022788763046265,0.0,True
dnn,0.75,2,8,0.0,3.667470807015676,0.274700479288153,dnn,3.552713678800501e-15,1.0288820266723633,1.3022788763046265,2.7280744112825933e-15,True
dnn,0.75,2,4,0.5,1.2166621504910964,0.2747109966555444,dnn,1.5758061359689296e-13,0.410280704498291,1.3022788763046265,1.2100373926362606e-13,True
dnn,0.75,2,8,1.0,4.482221685612751,0.2747110027712293,dnn,3.552713678800501e-15,0.5885425209999084,1.3022788763046265,2.7280744112825933e-15,True
dnn,0.75,2,2,1.0,0.900492287060531,0.274729634248219,dnn,0.8230025172233582,0.9403508901596069,1.3022788763046265,0.6319710257135761,True
dnn,0.75,2,2,0.0,4.054431795277528,0.2747296372284513,dnn,0.0,0.5454245805740356,1.3022788763046265,0.0,True
dnn,0.75,2,8,0.0,6.69493964544323,0.2747296407053889,dnn,3.552713678800501e-15,1.0288820266723633,1.3022788763046265,2.7280744112825933e-15,True
dnn,0.75,2,4,0.0,3.667470807015676,0.2747296407053889,dnn,3.552713678800501e-15,5.942511815959506e-09,1.3022788763046265,2.7280744112825933e-15,True
dnn,0.75,2,2,1.0,0.6664844128899691,0.274729642568034,dnn,0.8019014000892639,0.9403508901596069,1.3022788763046265,0.6157678011062853,True
dnn,0.75,2,8,0.0,2.221007363126434,0.2747528984571611,dnn,4.3876014441405955e-15,1.0288820266723633,1.3022788763046265,3.36917193695942e-15,True
dnn,0.75,2,2,1.0,6.055964668833263,0.2747533710187852,dnn,8.881784197001252e-16,0.9403508901596069,1.3022788763046265,6.820186028206483e-16,True
dnn,0.75,2,4,0.5,2.221007363126434,0.2747533736575325,dnn,3.552713678800501e-15,0.410280704498291,1.3022788763046265,2.7280744112825933e-15,True
dnn,0.75,2,8,0.0,2.714417616594908,0.274753374216326,dnn,8.881784197001252e-16,1.0288820266723633,1.3022788763046265,6.820186028206483e-16,True
dnn,0.75,2,4,0.5,3.667470807015676,0.2747533759547949,dnn,3.552713678800501e-15,0.410280704498291,1.3022788763046265,2.7280744112825933e-15,True
dnn,0.75,2,2,0.0,9.045585157672232,0.274753375985839,dnn,3.552713678800501e-15,0.5454245805740356,1.3022788763046265,2.7280744112825933e-15,True
dnn,0.75,2,2,1.0,1.2166621504910964,0.2747535155042135,dnn,0.9155226349830627,0.9403508901596069,1.3022788763046265,0.7030158068607921,True
dnn,0.75,2,4,0.0,0.9955047366910889,0.2747536102818075,dnn,8.544276295871251e-15,5.942511815959506e-09,1.3022788763046265,6.5610188810838015e-15,True
dnn,0.75,2,2,1.0,5.477974412378556,0.2747536479693277,dnn,0.0,0.9403508901596069,1.3022788763046265,0.0,True
dnn,0.75,2,4,0.0,4.482221685612751,0.2747536494594438,dnn,3.552713678800501e-15,5.942511815959506e-09,1.3022788763046265,2.7280744112825933e-15,True
dnn,0.75,2,2,1.0,1.817286211563076,0.2747740584365787,dnn,0.8588674068450928,0.9403508901596069,1.3022788763046265,0.659511125053516,True
dnn,0.75,2,8,1.0,3.667470807015676,0.2747740633725883,dnn,0.0,0.5885425209999084,1.3022788763046265,0.0,True
dnn,0.75,2,2,0.0,0.6028741513057392,0.2747740673151872,dnn,0.607636570930481,0.5454245805740356,1.3022788763046265,0.4665948146642162,True
dnn,0.75,2,4,0.0,2.0090311238977194,0.2747740681844216,dnn,7.105427695090692e-18,5.942511815959506e-09,1.3022788763046265,5.45614908171835e-18,True
dnn,0.75,2,8,0.0,9.045585157672232,0.2747740702954194,dnn,3.552713678800501e-15,1.0288820266723633,1.3022788763046265,2.7280744112825933e-15,True
dnn,0.75,2,8,0.0,4.955148403871969,0.274774072282241,dnn,8.881784197001252e-16,1.0288820266723633,1.3022788763046265,6.820186028206483e-16,True
dnn,0.75,2,2,1.0,2.221007363126434,0.2747815482889736,dnn,1.155430862098683e-08,0.9403508901596069,1.3022788763046265,8.872376594000799e-09,True
dnn,0.75,2,4,0.0,0.6028741513057392,0.2747820736031838,dnn,6.695586468076498e-13,5.942511815959506e-09,1.3022788763046265,5.141438281695878e-13,True
dnn,0.75,2,2,0.0,0.4036206056789731,0.2747821033744621,dnn,1.350595235824585,0.5454245805740356,1.3022788763046265,1.0,True
dnn,0.75,2,2,1.0,4.955148403871969,0.2747821171269921,dnn,0.0,0.9403508901596069,1.3022788763046265,0.0,True
dnn,0.75,2,8,0.0,1.3450342120312204,0.2748058279919091,dnn,4.543956357017098e-13,1.0288820266723633,1.3022788763046265,3.4892344794159014e-13,True
dnn,0.75,2,4,0.0,5.477974412378556,0.274805833735065,dnn,3.552713678800501e-15,5.942511815959506e-09,1.3022788763046265,2.7280744112825933e-15,True
dnn,0.75,2,2,0.0,4.482221685612751,0.2748058367152973,dnn,8.881784197001252e-16,0.5454245805740356,1.3022788763046265,6.820186028206483e-16,True
dnn,0.75,2,2,0.0,0.2211023350218148,0.2748058367152973,dnn,0.6207749843597412,0.5454245805740356,1.3022788763046265,0.4766836010741917,True
dnn,0.75,2,8,0.0,1.4869510248216484,0.2748058403784993,dnn,6.882671922626635e-14,1.0288820266723633,1.3022788763046265,5.2850983363540745e-14,True
dnn,0.75,2,4,0.5,9.045585157672232,0.2748079175953277,dnn,0.0,0.410280704498291,1.3022788763046265,0.0,True
dnn,0.75,2,2,0.0,0.6664844128899691,0.2748079193337965,dnn,0.6597888469696045,0.5454245805740356,1.3022788763046265,0.5066417485337972,True
dnn,0.75,2,4,0.5,6.69493964544323,0.2748079193337965,dnn,0.0,0.410280704498291,1.3022788763046265,0.0,True
dnn,0.75,2,8,0.0,4.054431795277528,0.274807924580247,dnn,8.881784197001252e-16,1.0288820266723633,1.3022788763046265,6.820186028206483e-16,True
dnn,0.75,2,2,0.5,2.0090311238977194,0.2748206490773566,dnn,1.0843592733802976e-12,0.6062695384025574,1.3022788763046265,8.32662875141842e-13,True
dnn,0.75,2,2,0.0,0.4462072918927006,0.2748282344826974,dnn,0.6842527985572815,0.5454245805740356,1.3022788763046265,0.5254272422040135,True
dnn,0.75,2,4,1.0,4.054431795277528,0.2748310770030924,dnn,3.552713678800501e-15,0.8841022253036499,1.3022788763046265,2.7280744112825933e-15,True
dnn,0.75,2,4,1.0,3.667470807015676,0.274831084453673,dnn,3.552713678800501e-15,0.8841022253036499,1.3022788763046265,2.7280744112825933e-15,True
dnn,0.75,2,4,0.5,4.054431795277528,0.274831084453673,dnn,3.552713678800501e-15,0.410280704498291,1.3022788763046265,2.7280744112825933e-15,True
dnn,0.75,2,4,0.0,2.455349570439492,0.2748310855091719,dnn,3.552713678800501e-15,5.942511815959506e-09,1.3022788763046265,2.7280744112825933e-15,True
dnn,0.75,2,2,0.5,6.69493964544323,0.2748310869371998,dnn,0.0,0.6062695384025574,1.3022788763046265,0.0,True
dnn,0.75,2,4,0.5,1.4869510248216484,0.2748310897311675,dnn,6.718181681808228e-15,0.410280704498291,1.3022788763046265,5.158788800192997e-15,True
dnn,0.75,2,4,0.5,6.055964668833263,0.2748529479416073,dnn,8.881784197001252e-16,0.410280704498291,1.3022788763046265,6.820186028206483e-16,True
dnn,0.75,2,4,0.0,7.4013339421880975,0.2748529524740439,dnn,0.0,5.942511815959506e-09,1.3022788763046265,0.0,True
dnn,0.75,2,2,0.0,0.5453349474995434,0.2748584549816872,dnn,0.5676884651184082,0.5454245805740356,1.3022788763046265,0.43591927616095005,True
dnn,0.75,2,2,0.5,0.9955047366910889,0.2748584581792281,dnn,0.7181974053382874,0.6062695384025574,1.3022788763046265,0.5514927857666395,True
dnn,0.75,2,2,0.5,7.4013339421880975,0.2748584601039614,dnn,3.552713678800501e-15,0.6062695384025574,1.3022788763046265,2.7280744112825933e-15,True
dnn,0.75,2,4,0.5,8.182261084470007,0.27486194154432,dnn,0.0,0.410280704498291,1.3022788763046265,0.0,True
dnn,0.75,2,2,0.5,8.182261084470007,0.27486194154432,dnn,3.552713678800501e-15,0.6062695384025574,1.3022788763046265,2.7280744112825933e-15,True
dnn,0.75,2,2,1.0,0.8145479666433055,0.2748619471322555,dnn,0.6548575162887573,0.9403508901596069,1.3022788763046265,0.502855055245152,True
dnn,0.75,2,8,0.5,7.4013339421880975,0.2748619475979167,dnn,3.552713678800501e-15,0.9893234372138977,1.3022788763046265,2.7280744112825933e-15,True
dnn,0.75,2,2,1.0,7.4013339421880975,0.2748619504850167,dnn,0.0,0.9403508901596069,1.3022788763046265,0.0,True
dnn,0.75,2,4,1.0,2.714417616594908,0.2748619534652489,dnn,0.0,0.8841022253036499,1.3022788763046265,0.0,True
dnn,0.75,2,2,0.0,0.7368062997280775,0.2748629720427117,dnn,0.5064454078674316,0.5454245805740356,1.3022788763046265,0.3888916706570037,True
dnn,0.75,2,2,0.5,9.045585157672232,0.2748973447475392,dnn,3.552713678800501e-15,0.6062695384025574,1.3022788763046265,2.7280744112825933e-15,True
dnn,0.75,2,2,1.0,4.054431795277528,0.2749194062206668,dnn,0.0,0.9403508901596069,1.3022788763046265,0.0,True
dnn,0.75,2,4,1.0,6.69493964544323,0.2749308492762984,dnn,8.881784197001252e-16,0.8841022253036499,1.3022788763046265,6.820186028206483e-16,True
dnn,0.75,2,8,0.5,9.045585157672232,0.2749308495556952,dnn,0.0,0.9893234372138977,1.3022788763046265,0.0,True
dnn,0.75,2,4,1.0,1.817286211563076,0.2749336085727989,dnn,8.991917961902098e-15,0.8841022253036499,1.3022788763046265,6.904756059176627e-15,True
dnn,0.75,2,2,0.0,2.455349570439492,0.2749383630664257,dnn,4.149569515852613e-15,0.5454245805740356,1.3022788763046265,3.186390865547568e-15,True
dnn,0.75,2,8,0.0,4.482221685612751,0.2749383666054515,dnn,0.0,1.0288820266723633,1.3022788763046265,0.0,True
dnn,0.75,2,2,1.0,2.455349570439492,0.2749516973372997,dnn,7.141949249882262e-13,0.9403508901596069,1.3022788763046265,5.484193424183002e-13,True
dnn,0.75,2,2,0.5,5.477974412378556,0.2749517047878803,dnn,0.0,0.6062695384025574,1.3022788763046265,0.0,True
dnn,0.75,2,4,0.5,2.714417616594908,0.2749596569804073,dnn,7.993605777301127e-15,0.410280704498291,1.3022788763046265,6.138167425385835e-15,True
dnn,0.75,2,8,0.5,8.182261084470007,0.2749596625372987,dnn,0.0,0.9893234372138977,1.3022788763046265,0.0,True
dnn,0.75,2,4,0.5,10.000000000000002,0.274959665176046,dnn,0.0,0.410280704498291,1.3022788763046265,0.0,True
dnn,0.75,2,8,0.0,5.477974412378556,0.2749596653623105,dnn,8.881784197001252e-16,1.0288820266723633,1.3022788763046265,6.820186028206483e-16,True
dnn,0.75,2,8,1.0,10.000000000000002,0.2749725504258474,dnn,3.552713678800501e-15,0.5885425209999084,1.3022788763046265,2.7280744112825933e-15,True
dnn,0.75,2,4,0.0,1.4869510248216484,0.2749725675932269,dnn,4.245493032513847e-15,5.942511815959506e-09,1.3022788763046265,3.2600490645758965e-15,True
dnn,0.75,2,8,0.5,5.477974412378556,0.2749829519270411,dnn,0.0,0.9893234372138977,1.3022788763046265,0.0,True
dnn,0.75,2,4,1.0,4.482221685612751,0.274982954038039,dnn,8.881784197001252e-16,0.8841022253036499,1.3022788763046265,6.820186028206483e-16,True
dnn,0.75,2,8,0.5,2.221007363126434,0.2749829544726562,dnn,4.646949380062706e-15,0.9893234372138977,1.3022788763046265,3.568321244101713e-15,True
dnn,0.75,2,4,0.0,1.1005421090383831,0.2749984966004898,dnn,2.9061198553273796e-15,5.942511815959506e-09,1.3022788763046265,2.231564919162204e-15,True
dnn,0.75,2,2,1.0,10.000000000000002,0.2749985040510704,dnn,8.881784197001252e-16,0.9403508901596069,1.3022788763046265,6.820186028206483e-16,True
dnn,0.75,2,4,0.0,2.714417616594908,0.2750010042636369,dnn,0.0,5.942511815959506e-09,1.3022788763046265,0.0,True
dnn,0.75,2,4,1.0,7.4013339421880975,0.2750010084545885,dnn,8.881784197001252e-16,0.8841022253036499,1.3022788763046265,6.820186028206483e-16,True
dnn,0.75,2,8,0.5,2.455349570439492,0.2750010098205283,dnn,1.71951341122208e-15,0.9893234372138977,1.3022788763046265,1.3203880079061152e-15,True
dnn,0.75,2,4,0.0,6.055964668833263,0.2750108340163321,dnn,8.881784197001252e-16,5.942511815959506e-09,1.3022788763046265,6.820186028206483e-16,True
dnn,0.75,2,8,0.0,1.643841718255735,0.2750108345751256,dnn,1.0093259846075293e-14,1.0288820266723633,1.3022788763046265,7.750459620996186e-15,True
dnn,0.75,2,2,1.0,6.69493964544323,0.2750126767567142,dnn,3.552713678800501e-15,0.9403508901596069,1.3022788763046265,2.7280744112825933e-15,True
dnn,0.75,2,4,1.0,3.317441949813717,0.2750126782468304,dnn,0.0,0.8841022253036499,1.3022788763046265,0.0,True
dnn,0.75,2,2,0.0,1.2166621504910964,0.2750134891231737,dnn,8.372030038117373e-07,0.5454245805740356,1.3022788763046265,6.428753618329447e-07,True
dnn,0.75,2,4,1.0,2.221007363126434,0.2750225692778032,dnn,2.7746694475176952e-15,0.8841022253036499,1.3022788763046265,2.1306261646439007e-15,True
dnn,0.75,2,8,0.5,4.955148403871969,0.2750487915438276,dnn,0.0,0.9893234372138977,1.3022788763046265,0.0,True
dnn,0.75,2,2,0.5,2.221007363126434,0.2750487929097673,dnn,2.393107955724061e-14,0.6062695384025574,1.3022788763046265,1.8376309400907996e-14,True
dnn,0.75,2,4,0.5,2.455349570439492,0.2750499753303709,dnn,0.0,0.410280704498291,1.3022788763046265,0.0,True
dnn,0.75,2,4,0.0,0.6664844128899691,0.2750499776586773,dnn,3.2060752707188667e-13,5.942511815959506e-09,1.3022788763046265,2.461896087738513e-13,True
dnn,0.75,2,8,0.0,1.1005421090383831,0.275059555406257,dnn,1.8594419406992024e-11,1.0288820266723633,1.3022788763046265,1.427836982179726e-11,True
dnn,0.75,2,8,0.0,0.8145479666433055,0.275076660192611,dnn,4.020163757445516e-09,1.0288820266723633,1.3022788763046265,3.087022165984306e-09,True
dnn,0.75,2,4,0.0,0.7368062997280775,0.2750766752800367,dnn,1.45561785281495e-13,5.942511815959506e-09,1.3022788763046265,1.117746651120873e-13,True
dnn,0.75,2,4,0.5,0.9955047366910889,0.2750766848105711,dnn,2.747466316954661e-12,0.410280704498291,1.3022788763046265,2.1097372973989474e-12,True
dnn,0.75,2,8,1.0,2.455349570439492,0.2750767041510366,dnn,3.0755840853703004e-14,0.5885425209999084,1.3022788763046265,2.3616939054541386e-14,True
dnn,0.75,2,8,0.0,8.182261084470007,0.2750767090560021,dnn,3.552713678800501e-15,1.0288820266723633,1.3022788763046265,2.7280744112825933e-15,True
dnn,0.75,2,4,0.0,3.317441949813717,0.2751058105313653,dnn,0.0,5.942511815959506e-09,1.3022788763046265,0.0,True
dnn,0.75,2,4,0.5,4.955148403871969,0.2751058107176298,dnn,0.0,0.410280704498291,1.3022788763046265,0.0,True
dnn,0.75,2,4,0.5,2.0090311238977194,0.2751301638346189,dnn,3.9079850255047273e-17,0.410280704498291,1.3022788763046265,3.000881836150262e-17,True
dnn,0.75,2,2,0.0,0.3302529174737275,0.2751301638967071,dnn,0.5943823456764221,0.5454245805740356,1.3022788763046265,0.4564170981280552,True
dnn,0.75,2,2,0.0,2.0090311238977194,0.2751301638967071,dnn,1.2263967273629887e-14,0.5454245805740356,1.3022788763046265,9.417312602374674e-15,True
dnn,0.75,2,2,1.0,1.4869510248216484,0.2751301738618587,dnn,0.8864969611167908,0.9403508901596069,1.3022788763046265,0.6807274365321296,True
dnn,0.75,1,4,1.0,3.317441949813717,0.2751422169317987,dnn,0.501900315284729,0.9147756099700928,1.3022788763046265,0.3854015636872893,True
dnn,0.75,2,8,0.0,2.0090311238977194,0.2751769459851581,dnn,1.5276669337649834e-16,1.0288820266723633,1.3022788763046265,1.173072036689962e-16,True
dnn,0.75,2,2,0.5,1.3450342120312204,0.2751769461093344,dnn,0.6981388926506042,0.6062695384025574,1.3022788763046265,0.5360901611424871,True
dnn,0.75,2,4,1.0,6.055964668833263,0.2751769462024667,dnn,8.881784197001252e-16,0.8841022253036499,1.3022788763046265,6.820186028206483e-16,True
dnn,0.75,2,2,1.0,3.317441949813717,0.2751769462024667,dnn,0.0,0.9403508901596069,1.3022788763046265,0.0,True
dnn,0.75,2,4,0.0,6.69493964544323,0.2751769462024667,dnn,0.0,5.942511815959506e-09,1.3022788763046265,0.0,True
dnn,0.75,2,8,0.5,6.69493964544323,0.2751769490274785,dnn,3.552713678800501e-15,0.9893234372138977,1.3022788763046265,2.7280744112825933e-15,True
dnn,0.75,2,8,1.0,4.955148403871969,0.275189288523575,dnn,3.552713678800501e-15,0.5885425209999084,1.3022788763046265,2.7280744112825933e-15,True
dnn,0.75,2,2,1.0,3.000820366267417,0.2751892902620438,dnn,3.637978979886434e-15,0.9403508901596069,1.3022788763046265,2.793548329839795e-15,True
dnn,0.75,2,8,0.0,10.000000000000002,0.2751892955705824,dnn,8.881784197001252e-16,1.0288820266723633,1.3022788763046265,6.820186028206483e-16,True
dnn,0.75,2,2,1.0,0.9955047366910889,0.2752032712339722,dnn,0.5147593021392822,0.9403508901596069,1.3022788763046265,0.3952757827109765,True
dnn,0.75,2,8,1.0,4.054431795277528,0.2752120394194001,dnn,0.0,0.5885425209999084,1.3022788763046265,0.0,True
dnn,0.75,2,4,0.0,9.045585157672232,0.275212041902927,dnn,0.0,5.942511815959506e-09,1.3022788763046265,0.0,True
dnn,0.75,2,4,1.0,10.000000000000002,0.2752288438223714,dnn,3.552713678800501e-15,0.8841022253036499,1.3022788763046265,2.7280744112825933e-15,True
dnn,0.75,2,2,0.0,1.817286211563076,0.2752288470509564,dnn,1.2451551020722235e-13,0.5454245805740356,1.3022788763046265,9.56135528824288e-14,True
dnn,0.75,2,2,1.0,2.0090311238977194,0.2752309606453084,dnn,0.5941546559333801,0.9403508901596069,1.3022788763046265,0.4562422586622657,True
dnn,0.75,2,8,0.5,3.317441949813717,0.275230962321689,dnn,3.552713678800501e-15,0.9893234372138977,1.3022788763046265,2.7280744112825933e-15,True
dnn,0.75,2,8,0.5,1.817286211563076,0.2752309666989052,dnn,3.721986260862842e-12,0.9893234372138977,1.3022788763046265,2.858056234026023e-12,True
dnn,0.75,2,4,0.5,3.000820366267417,0.2752309692445202,dnn,8.881784197001252e-16,0.410280704498291,1.3022788763046265,6.820186028206483e-16,True
dnn,0.75,2,4,0.5,0.5453349474995434,0.2752313106111016,dnn,3.410655757818404e-09,0.410280704498291,1.3022788763046265,2.6189903098916503e-09,True
dnn,0.75,2,4,0.0,1.2166621504910964,0.2752313265677617,dnn,2.2275513851283558e-15,5.942511815959506e-09,1.3022788763046265,1.7105025856284344e-15,True
dnn,0.75,2,4,1.0,9.045585157672232,0.2752313346702681,dnn,0.0,0.8841022253036499,1.3022788763046265,0.0,True
dnn,0.75,2,2,0.0,2.714417616594908,0.2752313346702681,dnn,3.552713678800501e-15,0.5454245805740356,1.3022788763046265,2.7280744112825933e-15,True
dnn,0.75,2,2,0.0,0.900492287060531,0.2752313346702681,dnn,0.4558921456336975,0.5454245805740356,1.3022788763046265,0.35007259499389753,True
dnn,0.75,2,2,0.0,1.643841718255735,0.2752411112758099,dnn,2.1885143437067045e-12,0.5454245805740356,1.3022788763046265,1.6805266395143245e-12,True
dnn,0.75,2,4,0.0,8.182261084470007,0.2752411164601722,dnn,0.0,5.942511815959506e-09,1.3022788763046265,0.0,True
dnn,0.75,1,8,1.0,4.054431795277528,0.2752607343746618,dnn,0.966511607170105,0.8851587772369385,1.3022788763046265,0.7421694575225687,True
dnn,0.75,2,4,0.5,7.4013339421880975,0.275262168655089,dnn,0.0,0.410280704498291,1.3022788763046265,0.0,True
dnn,0.75,2,2,0.5,10.000000000000002,0.275262168655089,dnn,3.552713678800501e-15,0.6062695384025574,1.3022788763046265,2.7280744112825933e-15,True
dnn,0.75,1,2,0.5,5.477974412378556,0.2752761888028163,dnn,0.38800162076950073,0.6192683577537537,1.3022788763046265,0.297940500939785,True
dnn,0.75,2,8,0.5,3.000820366267417,0.275282473549132,dnn,3.552713678800501e-15,0.9893234372138977,1.3022788763046265,2.7280744112825933e-15,True
dnn,0.75,2,4,0.0,2.221007363126434,0.2752842454284924,dnn,0.0,5.942511815959506e-09,1.3022788763046265,0.0,True
dnn,0.75,2,2,0.0,3.667470807015676,0.2752844720711237,dnn,0.0,0.5454245805740356,1.3022788763046265,0.0,True
dnn,0.75,2,2,0.0,1.3450342120312204,0.2752872945585083,dnn,2.4736079851095383e-09,0.5454245805740356,1.3022788763046265,1.8994456795066044e-09,True
dnn,0.75,2,8,1.0,9.045585157672232,0.2753271937734943,dnn,0.0,0.5885425209999084,1.3022788763046265,0.0,True
dnn,0.75,2,8,0.5,10.000000000000002,0.2753271938666266,dnn,0.0,0.9893234372138977,1.3022788763046265,0.0,True
dnn,0.75,2,4,0.5,1.3450342120312204,0.2753272065947018,dnn,3.521449692717345e-14,0.410280704498291,1.3022788763046265,2.7040672752904382e-14,True
dnn,0.75,2,2,0.0,0.2444312127604942,0.2753664951477269,dnn,0.6560412049293518,0.5454245805740356,1.3022788763046265,0.5037639916197888,True
dnn,0.75,2,8,0.0,1.817286211563076,0.2753665043678203,dnn,4.1673330673059564e-15,1.0288820266723633,1.3022788763046265,3.2000312245955082e-15,True
dnn,0.75,2,4,1.0,4.955148403871969,0.2753977274056008,dnn,8.881784197001252e-16,0.8841022253036499,1.3022788763046265,6.820186028206483e-16,True
dnn,0.75,2,4,0.0,3.000820366267417,0.275397730354789,dnn,8.881784197001252e-16,5.942511815959506e-09,1.3022788763046265,6.820186028206483e-16,True
dnn,0.75,2,4,1.0,1.3450342120312204,0.2754062070385888,dnn,2.3668731904957774e-11,0.8841022253036499,1.3022788763046265,1.8174856657523816e-11,True
dnn,0.75,2,4,0.5,4.482221685612751,0.275406212564436,dnn,0.0,0.410280704498291,1.3022788763046265,0.0,True
dnn,0.75,2,4,0.0,1.3450342120312204,0.2754062154825801,dnn,3.268496590849208e-16,5.942511815959506e-09,1.3022788763046265,2.509828463258163e-16,True
dnn,0.75,2,8,0.5,1.4869510248216484,0.27540894217777,dnn,2.8010090247221342e-08,0.9893234372138977,1.3022788763046265,2.150851922493234e-08,True
dnn,0.75,2,2,0.5,4.955148403871969,0.2754089969195667,dnn,0.0,0.6062695384025574,1.3022788763046265,0.0,True
dnn,0.75,2,8,0.0,3.000820366267417,0.2754090007069452,dnn,8.881784197001252e-16,1.0288820266723633,1.3022788763046265,6.820186028206483e-16,True
dnn,0.75,2,8,0.0,7.4013339421880975,0.2754090029421193,dnn,3.552713678800501e-15,1.0288820266723633,1.3022788763046265,2.7280744112825933e-15,True
dnn,0.75,2,4,0.5,1.1005421090383831,0.275439394342972,dnn,6.863309833654574e-13,0.410280704498291,1.3022788763046265,5.270230484832899e-13,True
dnn,0.75,2,4,1.0,2.0090311238977194,0.2755788078206522,dnn,1.6768808665582318e-15,0.8841022253036499,1.3022788763046265,1.2876511299304676e-15,True
dnn,0.75,2,8,0.5,1.2166621504910964,0.2755788080690049,dnn,0.2171422392129898,0.9893234372138977,1.3022788763046265,0.1667401991723594,True
dnn,0.75,2,4,1.0,2.455349570439492,0.2756074125200436,dnn,3.552713678800501e-15,0.8841022253036499,1.3022788763046265,2.7280744112825933e-15,True
dnn,0.75,2,8,1.0,1.817286211563076,0.2756074571614391,dnn,0.5593389868736267,0.5885425209999084,1.3022788763046265,0.42950783971926093,True
dnn,0.75,1,8,0.0,7.4013339421880975,0.2756330743497328,dnn,0.8957433104515076,1.0026315450668335,1.3022788763046265,0.6878275665449534,True
dnn,0.75,1,2,1.0,3.667470807015676,0.2756348793746471,dnn,0.8137056827545166,0.8951922655105591,1.3022788763046265,0.6248321289396206,True
dnn,0.75,2,8,0.5,2.0090311238977194,0.2756945274185819,dnn,1.0507150976103025e-13,0.9893234372138977,1.3022788763046265,8.06828027950383e-14,True
dnn,0.75,2,2,0.0,3.000820366267417,0.2756945274496259,dnn,8.881784197001252e-16,0.5454245805740356,1.3022788763046265,6.820186028206483e-16,True
dnn,0.75,2,4,1.0,5.477974412378556,0.2756945289397421,dnn,0.0,0.8841022253036499,1.3022788763046265,0.0,True
dnn,0.75,2,2,0.5,1.1005421090383831,0.2757017597804264,dnn,0.8943068981170654,0.6062695384025574,1.3022788763046265,0.6867245675171889,True
dnn,0.75,2,2,0.0,6.055964668833263,0.2757017627917027,dnn,0.0,0.5454245805740356,1.3022788763046265,0.0,True
dnn,0.75,2,4,0.5,1.643841718255735,0.2757017687832113,dnn,1.4708234791170334e-15,0.410280704498291,1.3022788763046265,1.1294228186290424e-15,True
dnn,0.75,2,4,1.0,1.4869510248216484,0.2757173360000295,dnn,1.182666378024555e-12,0.8841022253036499,1.3022788763046265,9.081513948690572e-13,True
dnn,0.75,2,2,0.5,2.455349570439492,0.2757173599350197,dnn,7.943868002638355e-15,0.6062695384025574,1.3022788763046265,6.0999745501363266e-15,True
dnn,0.75,2,2,0.5,3.667470807015676,0.2757173619218412,dnn,0.0,0.6062695384025574,1.3022788763046265,0.0,True
dnn,0.75,2,2,0.5,4.054431795277528,0.2757173639086627,dnn,3.552713678800501e-15,0.6062695384025574,1.3022788763046265,2.7280744112825933e-15,True
dnn,0.75,2,4,1.0,3.000820366267417,0.2757173659575723,dnn,3.552713678800501e-15,0.8841022253036499,1.3022788763046265,2.7280744112825933e-15,True
dnn,0.75,2,2,0.5,6.055964668833263,0.2757173698691272,dnn,0.0,0.6062695384025574,1.3022788763046265,0.0,True
dnn,0.75,2,2,0.0,1.4869510248216484,0.2757340269148591,dnn,5.235506125855771e-11,0.5454245805740356,1.3022788763046265,4.020264953319486e-11,True
dnn,0.75,2,4,0.0,4.054431795277528,0.2757340289016806,dnn,3.552713678800501e-15,5.942511815959506e-09,1.3022788763046265,2.7280744112825933e-15,True
dnn,0.75,2,2,0.0,0.4932873707061831,0.2757424215512159,dnn,0.584396243095398,0.5454245805740356,1.3022788763046265,0.4487489229293904,True
dnn,0.75,2,2,0.0,3.317441949813717,0.275742436421333,dnn,8.881784197001252e-16,0.5454245805740356,1.3022788763046265,6.820186028206483e-16,True
dnn,0.75,2,8,1.0,8.182261084470007,0.2757424379114491,dnn,0.0,0.5885425209999084,1.3022788763046265,0.0,True
dnn,0.75,2,8,1.0,6.69493964544323,0.2757424379114491,dnn,0.0,0.5885425209999084,1.3022788763046265,0.0,True
dnn,0.75,2,2,0.0,7.4013339421880975,0.2757424394015652,dnn,3.552713678800501e-15,0.5454245805740356,1.3022788763046265,2.7280744112825933e-15,True
dnn,0.75,2,4,0.5,1.817286211563076,0.2758434860382658,dnn,2.401634443481007e-15,0.410280704498291,1.3022788763046265,1.8441782994253387e-15,True
dnn,0.75,2,4,1.0,8.182261084470007,0.2758434879940433,dnn,3.552713678800501e-15,0.8841022253036499,1.3022788763046265,2.7280744112825933e-15,True
dnn,0.75,2,2,1.0,2.714417616594908,0.2758570272822362,dnn,2.771116567820437e-15,0.9403508901596069,1.3022788763046265,2.1278979627495878e-15,True
dnn,0.75,1,8,0.5,4.955148403871969,0.2759650206836923,dnn,0.45248153805732727,1.3022788763046265,1.3022788763046265,0.3474536416818019,True
dnn,0.75,1,2,0.0,4.054431795277528,0.2761867521965546,dnn,0.42932188510894775,0.4356005787849426,1.3022788763046265,0.32966969895664777,True
dnn,0.75,1,4,1.0,3.000820366267417,0.2762604675254365,dnn,0.6888174414634705,0.9147756099700928,1.3022788763046265,0.5289323615676491,True
dnn,0.75,1,2,0.0,0.8145479666433055,0.2763922746422725,dnn,0.6566212773323059,0.4356005787849426,1.3022788763046265,0.5042094203321089,True
dnn,0.75,1,8,0.0,9.045585157672232,0.2764165109420985,dnn,0.7670586109161377,1.0026315450668335,1.3022788763046265,0.5890125570436642,True
dnn,0.75,1,4,1.0,2.0090311238977194,0.2766100688020058,dnn,0.4484303295612335,0.9147756099700928,1.3022788763046265,0.3443427807365721,True
dnn,0.75,1,2,1.0,4.955148403871969,0.2766676232568008,dnn,0.8021275997161865,0.8951922655105591,1.3022788763046265,0.6159414963347332,True
dnn,0.75,1,8,1.0,3.317441949813717,0.276726667449384,dnn,0.6807291507720947,0.8851587772369385,1.3022788763046265,0.5227214870471876,True
dnn,0.75,1,2,1.0,4.482221685612751,0.276768599443188,dnn,0.8035886287689209,0.8951922655105591,1.3022788763046265,0.6170633981633801,True
dnn,0.75,1,4,1.0,2.455349570439492,0.2769396826601593,dnn,0.7526843547821045,0.9147756099700928,1.3022788763046265,0.5779747859520975,True
dnn,0.75,1,2,0.5,3.000820366267417,0.2769999438155632,dnn,0.4690532088279724,0.6192683577537537,1.3022788763046265,0.3601787738114647,True
dnn,0.75,1,2,1.0,2.714417616594908,0.2774461300437806,dnn,0.4675390124320984,0.8951922655105591,1.3022788763046265,0.35901604559447114,True
dnn,0.75,1,2,0.0,3.667470807015676,0.2775656734584631,dnn,0.5881839394569397,0.4356005787849426,1.3022788763046265,0.45165743694313976,True
dnn,0.75,1,2,0.5,2.0090311238977194,0.2776344997389345,dnn,0.6344273090362549,0.6192683577537537,1.3022788763046265,0.48716701205852236,True
dnn,0.75,1,8,0.5,4.054431795277528,0.2780168846718833,dnn,0.852556049823761,1.3022788763046265,1.3022788763046265,0.6546647306781107,True
dnn,0.75,1,4,0.0,9.045585157672232,0.278158334307675,dnn,0.8124088048934937,0.9106130003929138,1.3022788763046265,0.6238362762965193,True
dnn,0.75,1,2,1.0,4.054431795277528,0.2782114906302458,dnn,0.6157191395759583,0.8951922655105591,1.3022788763046265,0.47280129531328624,True
dnn,0.75,1,8,0.5,4.482221685612751,0.2788968493802405,dnn,0.7717270255088806,1.3022788763046265,1.3022788763046265,0.5925973610957657,True
dnn,0.75,1,4,1.0,2.714417616594908,0.2789578173545611,dnn,0.7466641664505005,0.9147756099700928,1.3022788763046265,0.5733519755532319,True
dnn,0.75,1,2,1.0,3.317441949813717,0.2790184917628606,dnn,0.8587316870689392,0.8951922655105591,1.3022788763046265,0.6594069079164473,True
dnn,0.75,1,2,0.5,1.817286211563076,0.2791245054762667,dnn,1.0661823749542236,0.6192683577537537,1.3022788763046265,0.8187051132854468,True
dnn,0.75,1,8,0.5,2.714417616594908,0.2792036377238532,dnn,0.5312841534614563,1.3022788763046265,1.3022788763046265,0.4079649629033677,True
dnn,0.75,2,4,1.0,0.9955047366910889,0.27939937105222,dnn,0.00011128132609883323,0.8841022253036499,1.3022788763046265,8.545122563502483e-05,True
dnn,0.75,1,2,0.5,4.482221685612751,0.2795337264631064,dnn,0.4538342356681824,0.6192683577537537,1.3022788763046265,0.34849235745571777,True
dnn,0.75,1,8,1.0,3.000820366267417,0.2796574021478667,dnn,0.9478157162666321,0.8851587772369385,1.3022788763046265,0.727813169293027,True
dnn,0.75,1,8,1.0,3.667470807015676,0.2797034400170751,dnn,0.7928796410560608,0.8851587772369385,1.3022788763046265,0.6088401305455806,True
dnn,0.75,1,8,1.0,2.221007363126434,0.2797186950901347,dnn,0.8796064257621765,0.8851587772369385,1.3022788763046265,0.6754362999868092,True
dnn,0.75,1,2,1.0,2.221007363126434,0.2797232243795954,dnn,0.8336715698242188,0.8951922655105591,1.3022788763046265,0.640163627770622,True
dnn,0.75,1,2,1.0,2.455349570439492,0.2797605669779371,dnn,0.7314817905426025,0.8951922655105591,1.3022788763046265,0.5616936616665936,True
dnn,0.75,1,8,1.0,2.455349570439492,0.2797829043897743,dnn,0.7004320621490479,0.8851587772369385,1.3022788763046265,0.5378510508721515,True
dnn,0.75,1,8,1.0,1.643841718255735,0.2802335481548386,dnn,0.9386071562767029,0.8851587772369385,1.3022788763046265,0.7207420571391852,True
dnn,0.75,1,2,0.5,1.2166621504910964,0.280235069137292,dnn,1.0404105186462402,0.6192683577537537,1.3022788763046265,0.7989152996158018,True
dnn,0.75,1,2,1.0,1.817286211563076,0.2805431646177968,dnn,0.8533979654312134,0.8951922655105591,1.3022788763046265,0.6553112247760887,True
dnn,0.75,1,8,0.5,3.667470807015676,0.2806316767632483,dnn,0.5123720765113831,1.3022788763046265,1.3022788763046265,0.39344266872031336,True
dnn,0.75,1,2,1.0,2.0090311238977194,0.2807913986172925,dnn,0.447118878364563,0.8951922655105591,1.3022788763046265,0.3433357374522704,True
dnn,0.75,1,2,1.0,1.3450342120312204,0.2808057425963169,dnn,0.6863411664962769,0.8951922655105591,1.3022788763046265,0.5270308679534547,True
dnn,0.75,1,8,0.5,5.477974412378556,0.2809152449508053,dnn,0.8187515139579773,1.3022788763046265,1.3022788763046265,0.6287067454255908,True
dnn,0.75,2,8,1.0,1.643841718255735,0.2809400667872033,dnn,0.8212429285049438,0.5885425209999084,1.3022788763046265,0.6306198644911755,True
dnn,0.75,1,4,0.5,3.317441949813717,0.281181061481104,dnn,0.5499217510223389,0.7052225470542908,1.3022788763046265,0.4222764885681078,True
dnn,0.75,1,4,1.0,1.817286211563076,0.2813027918828604,dnn,0.6738941669464111,0.9147756099700928,1.3022788763046265,0.5174730076699602,True
dnn,0.75,2,8,1.0,2.0090311238977194,0.2816435060864926,dnn,1.2096538739569951e-05,0.5885425209999084,1.3022788763046265,9.288746795844021e-06,True
dnn,0.75,1,4,1.0,1.2166621504910964,0.282072920360167,dnn,0.667650043964386,0.9147756099700928,1.3022788763046265,0.5126782412834059,True
dnn,0.75,1,4,0.5,2.455349570439492,0.282220261842973,dnn,0.4699620008468628,0.7052225470542908,1.3022788763046265,0.36087662128133163,True
dnn,0.75,2,4,0.0,0.2987330888578299,0.2822391003399878,dnn,3.574456355903699e-11,5.942511815959506e-09,1.3022788763046265,2.744770279962346e-11,True
dnn,0.75,1,8,1.0,2.0090311238977194,0.2823507914050107,dnn,0.8374432921409607,0.8851587772369385,1.3022788763046265,0.6430598755600698,True
dnn,0.75,1,2,0.5,0.9955047366910889,0.2823902864980922,dnn,0.5989898443222046,0.6192683577537537,1.3022788763046265,0.45995512575763386,True
dnn,0.75,1,4,1.0,3.667470807015676,0.2826321011921029,dnn,0.709609866142273,0.9147756099700928,1.3022788763046265,0.5448985459672636,True
dnn,0.75,1,2,0.0,3.317441949813717,0.282640173778685,dnn,0.6143030524253845,0.4356005787849426,1.3022788763046265,0.4717139036828606,True
dnn,0.75,2,2,0.0,0.3650984560060393,0.2828035928579218,dnn,0.6427317261695862,0.5454245805740356,1.3022788763046265,0.4935438467630029,True
dnn,0.75,1,2,1.0,1.2166621504910964,0.282820156329528,dnn,0.5794053673744202,0.8951922655105591,1.3022788763046265,0.44491650591657667,True
dnn,0.75,1,4,0.5,3.000820366267417,0.2829485638677887,dnn,0.5504292249679565,0.7052225470542908,1.3022788763046265,0.42266617003714746,True
dnn,0.75,1,2,0.5,6.69493964544323,0.283338774255343,dnn,0.32471686601638794,0.6192683577537537,1.3022788763046265,0.24934510719993497,True
dnn,0.75,2,8,1.0,1.3450342120312204,0.2833974089666943,dnn,0.9181171655654907,0.5885425209999084,1.3022788763046265,0.7050081071504124,True
dnn,0.75,1,2,0.0,5.477974412378556,0.2834987504544518,dnn,0.551313579082489,0.4356005787849426,1.3022788763046265,0.4233452520146129,True
dnn,0.75,1,4,1.0,1.3450342120312204,0.2838013268411071,dnn,0.9742779731750488,0.9147756099700928,1.3022788763046265,0.7481331310077609,True
dnn,0.75,1,4,1.0,1.4869510248216484,0.2838190900847593,dnn,0.6508831977844238,0.9147756099700928,1.3022788763046265,0.4998032369467464,True
dnn,0.75,1,8,1.0,1.4869510248216484,0.2838391354781915,dnn,0.6218213438987732,0.8851587772369385,1.3022788763046265,0.47748708453543093,True
dnn,0.75,1,8,1.0,0.900492287060531,0.2839667827379745,dnn,0.8075019717216492,0.8851587772369385,1.3022788763046265,0.6200683942697692,True
dnn,0.75,1,2,0.0,3.000820366267417,0.2839908541785209,dnn,0.6295201182365417,0.4356005787849426,1.3022788763046265,0.4833988554148103,True
dnn,0.75,1,4,1.0,1.643841718255735,0.2844107690587721,dnn,0.818156361579895,0.9147756099700928,1.3022788763046265,0.6282497370313742,True
dnn,0.75,2,8,1.0,0.900492287060531,0.2848403112266862,dnn,0.6244009733200073,0.5885425209999084,1.3022788763046265,0.4794679424516356,True
dnn,0.75,1,2,0.5,3.317441949813717,0.2856906869526662,dnn,0.4963984489440918,0.6192683577537537,1.3022788763046265,0.3811767648053098,True
dnn,0.75,1,2,0.0,0.9955047366910889,0.285696430095456,dnn,0.8914126753807068,0.4356005787849426,1.3022788763046265,0.6845021382134354,True
dnn,0.75,1,8,0.5,2.221007363126434,0.2857505069130099,dnn,0.8424028158187866,1.3022788763046265,1.3022788763046265,0.6468682178192173,True
dnn,0.75,1,8,0.5,3.000820366267417,0.2859052245986009,dnn,0.9350257515907288,1.3022788763046265,1.3022788763046265,0.7179919513430005,True
dnn,0.75,1,2,1.0,1.643841718255735,0.2863004475138175,dnn,0.8020496964454651,0.8951922655105591,1.3022788763046265,0.6158816756065167,True
dnn,0.75,2,8,1.0,0.9955047366910889,0.2864798764144521,dnn,0.6013727188110352,0.5885425209999084,1.3022788763046265,0.46178489857525973,True
dnn,0.75,2,8,1.0,1.2166621504910964,0.2868577576852179,dnn,0.5405174493789673,0.5885425209999084,1.3022788763046265,0.41505506939707937,True
dnn,0.75,1,4,1.0,1.1005421090383831,0.2869442726869246,dnn,0.6642100811004639,0.9147756099700928,1.3022788763046265,0.5100367464956816,True
dnn,0.75,1,2,0.5,2.714417616594908,0.2870419710206484,dnn,1.1977837085723877,0.6192683577537537,1.3022788763046265,0.9197597614201065,True
dnn,0.75,1,8,0.5,2.455349570439492,0.2871341849406887,dnn,0.9692569375038147,1.3022788763046265,1.3022788763046265,0.7442775546311542,True
dnn,0.75,1,8,1.0,2.714417616594908,0.2873938656811244,dnn,0.726867139339447,0.8851587772369385,1.3022788763046265,0.5581501416977754,True
dnn,0.75,1,8,1.0,1.3450342120312204,0.2873989228926303,dnn,0.5534891486167908,0.8851587772369385,1.3022788763046265,0.4250158385332818,True
dnn,0.75,1,4,0.5,1.4869510248216484,0.2874174817108622,dnn,0.5367221236228943,0.7052225470542908,1.3022788763046265,0.41214069688814126,True
dnn,0.75,1,2,1.0,1.1005421090383831,0.2875391354313546,dnn,0.8572633266448975,0.8951922655105591,1.3022788763046265,0.6582793764400799,True
dnn,0.75,2,8,1.0,1.1005421090383831,0.287614833904981,dnn,0.8738290071487427,0.5885425209999084,1.3022788763046265,0.6709999087356296,True
dnn,0.75,1,8,1.0,0.8145479666433055,0.2876333625357162,dnn,0.8560242652893066,0.8851587772369385,1.3022788763046265,0.6573279202058309,True
dnn,0.75,2,8,1.0,0.7368062997280775,0.2877362536655964,dnn,0.6013795733451843,0.5885425209999084,1.3022788763046265,0.4617901620670309,True
dnn,0.75,1,2,1.0,0.9955047366910889,0.2877853244677261,dnn,0.9398788213729858,0.8951922655105591,1.3022788763046265,0.7217185492864673,True
dnn,0.75,1,2,1.0,1.4869510248216484,0.2878800983160626,dnn,0.4815433919429779,0.8951922655105591,1.3022788763046265,0.3697697940931173,True
dnn,0.75,2,8,1.0,1.4869510248216484,0.2881465459598242,dnn,0.8227043747901917,0.5885425209999084,1.3022788763046265,0.6317420867062781,True
dnn,0.75,1,8,1.0,1.817286211563076,0.288187513192806,dnn,0.6208814978599548,0.8851587772369385,1.3022788763046265,0.476765391159366,True
dnn,0.75,1,4,0.0,6.69493964544323,0.2882542550913862,dnn,0.5672181248664856,0.9106130003929138,1.3022788763046265,0.435558109086462,True
dnn,0.75,1,2,0.0,9.045585157672232,0.2886431255533713,dnn,0.3160123825073242,0.4356005787849426,1.3022788763046265,0.24266106765399398,True
dnn,0.75,2,8,1.0,0.8145479666433055,0.2887555711025013,dnn,0.5148844122886658,0.5885425209999084,1.3022788763046265,0.3953718528781734,True
dnn,0.75,1,8,1.0,1.2166621504910964,0.2888664291688823,dnn,0.8436320424079895,0.8851587772369385,1.3022788763046265,0.647812122087012,True
dnn,0.75,1,4,0.0,6.055964668833263,0.2889017040425873,dnn,0.6358191967010498,0.9106130003929138,1.3022788763046265,0.48823582127452114,True
dnn,0.75,1,2,0.5,0.8145479666433055,0.2889272994388144,dnn,0.5487008094787598,0.6192683577537537,1.3022788763046265,0.42133894625993207,True
dnn,0.75,1,2,0.5,0.4036206056789731,0.2894268597920673,dnn,0.6193493604660034,0.6192683577537537,1.3022788763046265,0.47558888632478014,True
dnn,0.75,1,8,1.0,1.1005421090383831,0.2898445800329583,dnn,0.5353213548660278,0.8851587772369385,1.3022788763046265,0.41106506801758685,True
dnn,0.75,2,8,1.0,0.6028741513057392,0.289905063154131,dnn,0.5659146904945374,0.5885425209999084,1.3022788763046265,0.4345572217990578,True
dnn,0.75,1,4,0.0,4.482221685612751,0.290131998127721,dnn,0.6723202466964722,0.9106130003929138,1.3022788763046265,0.5162644184203172,True
dnn,0.75,1,8,0.0,6.69493964544323,0.2901535257182072,dnn,0.886353611946106,1.0026315450668335,1.3022788763046265,0.6806173608998722,True
dnn,0.75,1,8,1.0,0.9955047366910889,0.2901930206676389,dnn,0.5738258957862854,0.8851587772369385,1.3022788763046265,0.4406321151538491,True
dnn,0.75,1,2,1.0,0.900492287060531,0.2905869933782289,dnn,0.7987202405929565,0.8951922655105591,1.3022788763046265,0.6133250374600421,True
dnn,0.75,1,2,1.0,0.7368062997280775,0.2906138999267922,dnn,0.6734620332717896,0.8951922655105591,1.3022788763046265,0.5171411788409095,True
dnn,0.75,1,2,1.0,0.8145479666433055,0.2906199806903362,dnn,0.642531156539917,0.8951922655105591,1.3022788763046265,0.4933898324168297,True
dnn,0.75,1,4,1.0,0.6664844128899691,0.2909654260968478,dnn,0.8939069509506226,0.9147756099700928,1.3022788763046265,0.6864174542147159,True
dnn,0.75,2,4,0.0,0.2,0.2910450090524114,dnn,1.8044588045995624e-10,5.942511815959506e-09,1.3022788763046265,1.385616274234542e-10,True
dnn,0.75,1,2,0.0,0.4932873707061831,0.2911019341168972,dnn,0.5156856179237366,0.4356005787849426,1.3022788763046265,0.39598708641198016,True
dnn,0.75,2,2,1.0,0.5453349474995434,0.2911148308766302,dnn,0.8935016393661499,0.9403508901596069,1.3022788763046265,0.6861062216578132,True
dnn,0.75,1,4,1.0,0.9955047366910889,0.2911952324561809,dnn,0.6869075894355774,0.9147756099700928,1.3022788763046265,0.5274658154517261,True
dnn,0.75,1,2,0.0,1.4869510248216484,0.2912210409375859,dnn,0.45189157128334045,0.4356005787849426,1.3022788763046265,0.3470006152335338,True
dnn,0.75,1,8,0.0,6.055964668833263,0.2912948579068113,dnn,0.8648473620414734,1.0026315450668335,1.3022788763046265,0.6641030410441596,True
dnn,0.75,1,2,0.0,1.2166621504910964,0.2913656877308205,dnn,0.41599199175834656,0.4356005787849426,1.3022788763046265,0.3194338780482826,True
dnn,0.75,1,2,0.5,0.4932873707061831,0.2916537165523385,dnn,0.6561647057533264,0.6192683577537537,1.3022788763046265,0.5038588260106568,True
dnn,0.75,1,4,1.0,0.900492287060531,0.2924371475301558,dnn,0.9656044840812683,0.9147756099700928,1.3022788763046265,0.7414728915985243,True
dnn,0.75,2,8,1.0,0.4932873707061831,0.2925787378660035,dnn,0.8994724154472351,0.5885425209999084,1.3022788763046265,0.6906910891464328,True
dnn,0.75,1,4,0.5,2.221007363126434,0.2926727537798583,dnn,0.9333892464637756,0.7052225470542908,1.3022788763046265,0.7167353041250122,True
dnn,0.75,2,4,1.0,0.4036206056789731,0.2926884213700809,dnn,0.6977719664573669,0.8841022253036499,1.3022788763046265,0.5358084041395028,True
dnn,0.75,2,4,1.0,0.900492287060531,0.2927024706116365,dnn,0.5386845469474792,0.8841022253036499,1.3022788763046265,0.41364761169747427,True
dnn,0.75,1,8,1.0,0.4036206056789731,0.2928338557465879,dnn,0.9027994871139526,0.8851587772369385,1.3022788763046265,0.6932458965131609,True
dnn,0.75,1,2,0.5,1.643841718255735,0.2935374022520121,dnn,0.6418615579605103,0.6192683577537537,1.3022788763046265,0.492875657925029,True
dnn,0.75,1,4,0.0,5.477974412378556,0.2937391242989246,dnn,1.0563584566116333,0.9106130003929138,1.3022788763046265,0.8111614768790368,True
dnn,0.75,2,4,1.0,0.5453349474995434,0.2937563886324702,dnn,0.7117906212806702,0.8841022253036499,1.3022788763046265,0.5465731144318812,True
dnn,0.75,1,4,0.0,7.4013339421880975,0.2939460176193768,dnn,0.7940056324005127,0.9106130003929138,1.3022788763046265,0.6097047620503525,True
dnn,0.75,1,4,0.5,2.0090311238977194,0.2944264836103913,dnn,0.7301268577575684,0.7052225470542908,1.3022788763046265,0.5606532295366653,True
dnn,0.75,1,4,1.0,0.4462072918927006,0.2945624164450656,dnn,0.9417459964752197,0.9147756099700928,1.3022788763046265,0.7231523244449282,True
dnn,0.75,1,2,0.5,1.1005421090383831,0.2946608764105967,dnn,0.5096573829650879,0.6192683577537537,1.3022788763046265,0.39135809713147024,True
dnn,0.75,1,8,0.5,1.817286211563076,0.2946744155967,dnn,1.0480278730392456,1.3022788763046265,1.3022788763046265,0.8047645493668386,True
dnn,0.75,1,4,1.0,0.6028741513057392,0.2948625593519241,dnn,0.6605651378631592,0.9147756099700928,1.3022788763046265,0.5072378504192532,True
dnn,0.75,1,2,0.5,0.2,0.2948782261678826,dnn,0.922105073928833,0.6192683577537537,1.3022788763046265,0.7080703608933729,True
dnn,0.75,1,8,1.0,0.6664844128899691,0.2949192186224996,dnn,0.5973436832427979,0.8851587772369385,1.3022788763046265,0.4586910638816723,True
dnn,0.75,1,8,0.5,2.0090311238977194,0.2951176792150358,dnn,0.8368553519248962,1.3022788763046265,1.3022788763046265,0.6426084052745863,True
dnn,0.75,2,4,1.0,0.8145479666433055,0.2953113279864316,dnn,0.7956801652908325,0.8841022253036499,1.3022788763046265,0.6109906102052972,True
dnn,0.75,2,8,1.0,0.6664844128899691,0.2955292459025017,dnn,0.8275625109672546,0.5885425209999084,1.3022788763046265,0.6354725750567061,True
dnn,0.75,1,4,1.0,0.7368062997280775,0.2955994282114002,dnn,0.7652629613876343,0.9147756099700928,1.3022788763046265,0.587633705277598,True
dnn,0.75,2,4,1.0,0.4932873707061831,0.2958219439150582,dnn,0.6498082876205444,0.8841022253036499,1.3022788763046265,0.49897782989804296,True
dnn,0.75,1,2,0.5,0.2211023350218148,0.2959256398474061,dnn,0.5865997076034546,0.6192683577537537,1.3022788763046265,0.45044092957109316,True
dnn,0.75,2,4,1.0,0.6028741513057392,0.2959948755033321,dnn,0.4739204943180084,0.8841022253036499,1.3022788763046265,0.3639162877791699,True
dnn,0.75,2,8,1.0,0.3650984560060393,0.2960855059856399,dnn,0.5392351150512695,0.5885425209999084,1.3022788763046265,0.41407038451043165,True
dnn,0.75,1,2,1.0,0.6664844128899691,0.2962563637298057,dnn,0.6648366451263428,0.8951922655105591,1.3022788763046265,0.5105178754130583,True
dnn,0.75,1,4,1.0,0.8145479666433055,0.2964670353290555,dnn,0.7927165627479553,0.9147756099700928,1.3022788763046265,0.608714905210921,True
dnn,0.75,1,4,1.0,0.5453349474995434,0.2964734204248099,dnn,0.5754976868629456,0.9147756099700928,1.3022788763046265,0.44191585791208543,True
dnn,0.75,1,8,1.0,0.5453349474995434,0.2965468861409037,dnn,0.8342183232307434,0.8851587772369385,1.3022788763046265,0.6405834713359849,True
dnn,0.75,1,2,0.0,1.643841718255735,0.2966059114344269,dnn,0.6466559767723083,0.4356005787849426,1.3022788763046265,0.49655721868673225,True
dnn,0.75,1,2,1.0,0.5453349474995434,0.296698408563137,dnn,0.8702167272567749,0.8951922655105591,1.3022788763046265,0.6682260943417281,True
dnn,0.75,1,2,1.0,0.6028741513057392,0.2967170029848259,dnn,0.8973643183708191,0.8951922655105591,1.3022788763046265,0.6890723136945895,True
dnn,0.75,1,8,0.5,1.4869510248216484,0.2970142595112587,dnn,1.1250616312026978,1.3022788763046265,1.3022788763046265,0.8639175922097393,True
dnn,0.75,1,8,1.0,0.4462072918927006,0.2970696252308872,dnn,0.8767479658126831,0.8851587772369385,1.3022788763046265,0.673241332379253,True
dnn,0.75,2,4,1.0,0.2211023350218148,0.2970735169626236,dnn,0.7539553046226501,0.8841022253036499,1.3022788763046265,0.5789507288654557,True
dnn,0.75,1,4,1.0,0.3650984560060393,0.297114084927545,dnn,0.9491614103317261,0.9147756099700928,1.3022788763046265,0.7288465071514376,True
dnn,0.75,1,4,0.0,0.8145479666433055,0.2972501112856197,dnn,1.1624494791030884,0.9106130003929138,1.3022788763046265,0.892627147882241,True
dnn,0.75,1,2,0.0,2.714417616594908,0.2973207784843648,dnn,0.7281556725502014,0.4356005787849426,1.3022788763046265,0.559139586611764,True
dnn,0.75,1,2,0.0,4.955148403871969,0.2974071646182084,dnn,0.6786887049674988,0.4356005787849426,1.3022788763046265,0.5211546599706508,True
dnn,0.75,2,2,1.0,0.7368062997280775,0.297414347323142,dnn,0.7841922640800476,0.9403508901596069,1.3022788763046265,0.6021692268443206,True
dnn,0.75,1,8,1.0,0.7368062997280775,0.2974503001688816,dnn,0.9523890614509583,0.8851587772369385,1.3022788763046265,0.7313249710027373,True
dnn,0.75,2,4,1.0,0.6664844128899691,0.2974840755269197,dnn,0.6458742618560791,0.8841022253036499,1.3022788763046265,0.495956951777353,True
dnn,0.75,1,2,0.0,0.2444312127604942,0.2976098935066235,dnn,0.6360370516777039,0.4356005787849426,1.3022788763046265,0.48840310877385634,True
dnn,0.75,1,2,1.0,0.4932873707061831,0.2979385894977285,dnn,0.8871389031410217,0.8951922655105591,1.3022788763046265,0.6812203739788711,True
dnn,0.75,1,8,1.0,0.6028741513057392,0.297951593471198,dnn,0.8667851686477661,0.8851587772369385,1.3022788763046265,0.6655910530526101,True
dnn,0.75,1,8,0.0,5.477974412378556,0.2980744851731676,dnn,0.664333164691925,1.0026315450668335,1.3022788763046265,0.5101312605000939,True
dnn,0.75,1,8,0.5,1.643841718255735,0.2981622352889851,dnn,0.6087344288825989,1.3022788763046265,1.3022788763046265,0.4674378429679796,True
dnn,0.75,1,2,0.5,0.2702215594677964,0.2982884346367607,dnn,1.0895683765411377,0.6192683577537537,1.3022788763046265,0.836662865662783,True
dnn,0.75,1,4,1.0,0.4036206056789731,0.2983131112132433,dnn,0.9485312104225159,0.9147756099700928,1.3022788763046265,0.7283625862949475,True
dnn,0.75,2,2,1.0,0.4932873707061831,0.2984393743753615,dnn,0.7989987730979919,0.9403508901596069,1.3022788763046265,0.6135389183039254,True
dnn,0.75,1,2,0.5,2.455349570439492,0.2985130021392275,dnn,0.4839265048503876,0.6192683577537537,1.3022788763046265,0.3715997499887178,True
dnn,0.75,1,8,1.0,0.3650984560060393,0.2985555459885065,dnn,0.6192753314971924,0.8851587772369385,1.3022788763046265,0.47553204061365173,True
dnn,0.75,2,4,1.0,0.7368062997280775,0.2985888824058068,dnn,0.49541381001472473,0.8841022253036499,1.3022788763046265,0.3804206756547578,True
dnn,0.75,1,2,0.0,0.2,0.2986384296120816,dnn,0.735602855682373,0.4356005787849426,1.3022788763046265,0.5648581644583954,True
dnn,0.75,1,8,0.0,4.482221685612751,0.2986856102832419,dnn,0.6819440126419067,1.0026315450668335,1.3022788763046265,0.5236543608670097,True
dnn,0.75,1,8,1.0,0.2987330888578299,0.2990600411316543,dnn,0.804978609085083,0.8851587772369385,1.3022788763046265,0.6181307427555817,True
dnn,0.75,2,4,1.0,0.4462072918927006,0.2990684608798544,dnn,0.7422138452529907,0.8841022253036499,1.3022788763046265,0.5699346420784404,True
dnn,0.75,1,4,0.5,1.3450342120312204,0.2992021891926701,dnn,0.5889688730239868,0.7052225470542908,1.3022788763046265,0.4522601754051767,True
dnn,0.75,2,4,1.0,0.3650984560060393,0.2992352031495716,dnn,0.5507605075836182,0.8841022253036499,1.3022788763046265,0.42292055688292174,True
dnn,0.75,1,4,0.0,4.054431795277528,0.2995296644581933,dnn,0.6686917543411255,0.9106130003929138,1.3022788763046265,0.5134781547241395,True
dnn,0.75,2,2,1.0,0.6028741513057392,0.2995483750619542,dnn,0.8052568435668945,0.9403508901596069,1.3022788763046265,0.6183443947519967,True
dnn,0.75,1,2,1.0,0.4462072918927006,0.299627582331374,dnn,0.9437641501426697,0.8951922655105591,1.3022788763046265,0.7247020337308353,True
dnn,0.75,1,8,1.0,0.4932873707061831,0.2997982005013757,dnn,0.8993066549301147,0.8851587772369385,1.3022788763046265,0.6905638041845583,True
dnn,0.75,2,8,1.0,0.3302529174737275,0.3000726150849017,dnn,0.7374608516693115,0.5885425209999084,1.3022788763046265,0.5662848911148323,True
dnn,0.75,2,8,1.0,0.2987330888578299,0.3000837822857562,dnn,0.9294759631156921,0.5885425209999084,1.3022788763046265,0.7137303537881167,True
dnn,0.75,2,8,1.0,0.4462072918927006,0.3001648702708091,dnn,0.5910318493843079,0.5885425209999084,1.3022788763046265,0.4538443033503178,True
dnn,0.75,2,8,1.0,0.4036206056789731,0.3002773083764004,dnn,0.6398400664329529,0.5885425209999084,1.3022788763046265,0.49132338554747684,True
dnn,0.75,2,2,1.0,0.4036206056789731,0.3003331323901277,dnn,0.8761873245239258,0.9403508901596069,1.3022788763046265,0.6728108245218667,True
dnn,0.75,1,4,1.0,0.4932873707061831,0.3006899466306153,dnn,0.9159314036369324,0.9147756099700928,1.3022788763046265,0.7033296940483272,True
dnn,0.75,1,2,1.0,0.2702215594677964,0.3007408636006274,dnn,0.6417931914329529,0.8951922655105591,1.3022788763046265,0.49282316031579854,True
dnn,0.75,1,4,1.0,0.3302529174737275,0.3008982671455487,dnn,0.9136323928833008,0.9147756099700928,1.3022788763046265,0.7015643189082841,True
dnn,0.75,2,4,1.0,0.2444312127604942,0.3010208287852591,dnn,0.5765731334686279,0.8841022253036499,1.3022788763046265,0.4427416768862318,True
dnn,0.75,1,2,0.5,0.2987330888578299,0.3010440402530621,dnn,1.0600290298461914,0.6192683577537537,1.3022788763046265,0.81398005383774,True
dnn,0.75,1,4,0.5,1.643841718255735,0.3010547789494476,dnn,0.9953557848930359,0.7052225470542908,1.3022788763046265,0.7643184597430299,True
dnn,0.75,2,2,1.0,0.2987330888578299,0.3011660661545071,dnn,0.9301736354827881,0.9403508901596069,1.3022788763046265,0.7142660857114324,True
dnn,0.75,2,2,1.0,0.2,0.3011686751958974,dnn,0.6377189755439758,0.9403508901596069,1.3022788763046265,0.4896946323460152,True
dnn,0.75,2,4,1.0,0.3302529174737275,0.3013832777475073,dnn,0.846522331237793,0.8841022253036499,1.3022788763046265,0.6500315306041838,True
dnn,0.75,2,8,0.5,1.3450342120312204,0.3014240678355311,dnn,2.087891880364623e-05,0.9893234372138977,1.3022788763046265,1.6032601913111484e-05,True
dnn,0.75,2,2,1.0,0.3650984560060393,0.301507313988779,dnn,0.5911458730697632,0.9403508901596069,1.3022788763046265,0.4539318603916935,True
dnn,0.75,1,2,0.5,1.3450342120312204,0.3019814657435963,dnn,0.5916215777397156,0.6192683577537537,1.3022788763046265,0.4542971467206112,True
dnn,0.75,1,8,0.0,4.955148403871969,0.3021775733384511,dnn,0.8135586977005005,1.0026315450668335,1.3022788763046265,0.6247192613682497,True
dnn,0.75,1,2,1.0,0.4036206056789731,0.3024830416972324,dnn,0.6496066451072693,0.8951922655105591,1.3022788763046265,0.4988229917009839,True
dnn,0.75,2,8,1.0,0.2444312127604942,0.3027519656042737,dnn,0.9279305338859558,0.5885425209999084,1.3022788763046265,0.7125436423564442,True
dnn,0.75,2,8,1.0,0.2,0.3028562114717553,dnn,0.8678109049797058,0.5885425209999084,1.3022788763046265,0.6663787002690422,True
dnn,0.75,1,2,1.0,0.3302529174737275,0.3029629980238009,dnn,0.7925605177879333,0.8951922655105591,1.3022788763046265,0.6085950806765134,True
dnn,0.75,1,8,1.0,0.3302529174737275,0.3030704436566916,dnn,0.9227117896080017,0.8851587772369385,1.3022788763046265,0.70853624856936,True
dnn,0.75,1,2,0.0,4.482221685612751,0.3033814354661656,dnn,0.6507015824317932,0.4356005787849426,1.3022788763046265,0.49966377729955774,True
dnn,0.75,1,4,0.5,1.2166621504910964,0.303674674982308,dnn,0.5901957750320435,0.7052225470542908,1.3022788763046265,0.45320229466271866,True
dnn,0.75,2,2,1.0,0.2211023350218148,0.3038129669243558,dnn,0.7967715859413147,0.9403508901596069,1.3022788763046265,0.6118286954037451,True
dnn,0.75,1,4,0.5,2.714417616594908,0.3038679298586661,dnn,0.5267840623855591,0.7052225470542908,1.3022788763046265,0.4045094119013682,True
dnn,0.75,1,2,1.0,0.3650984560060393,0.3040026464753926,dnn,0.6706865429878235,0.8951922655105591,1.3022788763046265,0.515009922368531,True
dnn,0.75,1,8,1.0,0.2702215594677964,0.3042053685297702,dnn,0.9196841716766357,0.8851587772369385,1.3022788763046265,0.7062113871387906,True
dnn,0.75,2,8,1.0,0.5453349474995434,0.3042326254918716,dnn,0.9732136726379395,0.5885425209999084,1.3022788763046265,0.7473158709289294,True
dnn,0.75,1,4,0.5,0.9955047366910889,0.3043943394097803,dnn,0.6140543222427368,0.7052225470542908,1.3022788763046265,0.4715229075858084,True
dnn,0.75,1,8,0.5,1.3450342120312204,0.3044085736309384,dnn,0.6377763748168945,1.3022788763046265,1.3022788763046265,0.4897387083684118,True
dnn,0.75,1,8,0.5,1.1005421090383831,0.3044112806134353,dnn,0.5879334211349487,1.3022788763046265,1.3022788763046265,0.45146506776127765,True
dnn,0.75,1,2,1.0,0.2211023350218148,0.3045317256688646,dnn,0.8084092736244202,0.8951922655105591,1.3022788763046265,0.6207650975022947,True
dnn,0.75,2,2,1.0,0.3302529174737275,0.3047370162560223,dnn,0.9189444780349731,0.9403508901596069,1.3022788763046265,0.7056433877224432,True
dnn,0.75,2,4,1.0,0.2,0.3047513807195961,dnn,0.8999009132385254,0.8841022253036499,1.3022788763046265,0.6910201260363701,True
dnn,0.75,2,8,0.5,0.900492287060531,0.3047896337386983,dnn,0.7632144689559937,0.9893234372138977,1.3022788763046265,0.5860606993194167,True
dnn,0.75,1,2,0.0,2.455349570439492,0.3050668828449635,dnn,0.44699209928512573,0.4356005787849426,1.3022788763046265,0.34323838573925103,True
dnn,0.75,2,2,1.0,0.4462072918927006,0.3050929050130887,dnn,0.7723721861839294,0.9403508901596069,1.3022788763046265,0.5930927700951648,True
dnn,0.75,1,4,1.0,0.2987330888578299,0.3051095922465743,dnn,0.8123709559440613,0.9147756099700928,1.3022788763046265,0.6238072126680438,True
dnn,0.75,1,4,1.0,0.2702215594677964,0.305132179174743,dnn,0.6445278525352478,0.9147756099700928,1.3022788763046265,0.49492306468501845,True
dnn,0.75,2,4,1.0,0.2987330888578299,0.3055447115048826,dnn,0.8402916789054871,0.8841022253036499,1.3022788763046265,0.6452471081231972,True
dnn,0.75,2,2,1.0,0.2444312127604942,0.3057016791980818,dnn,0.884350597858429,0.9403508901596069,1.3022788763046265,0.6790792770653553,True
dnn,0.75,1,4,1.0,0.2444312127604942,0.3060283046024851,dnn,0.5886185169219971,0.9147756099700928,1.3022788763046265,0.45199114232143056,True
dnn,0.75,2,8,1.0,0.2211023350218148,0.306055501515284,dnn,0.8818642497062683,0.5885425209999084,1.3022788763046265,0.6771700484067319,True
dnn,0.75,2,8,1.0,0.2702215594677964,0.3064932387123417,dnn,0.6283329725265503,0.5885425209999084,1.3022788763046265,0.48248726440954104,True
dnn,0.75,1,2,1.0,0.2987330888578299,0.3067890885888882,dnn,0.6838266849517822,0.8951922655105591,1.3022788763046265,0.5251000360938227,True
dnn,0.75,2,4,1.0,0.2702215594677964,0.3074853639628712,dnn,0.9025609493255615,0.8841022253036499,1.3022788763046265,0.693062726999525,True
dnn,0.75,1,8,1.0,0.2211023350218148,0.3078303574435132,dnn,0.8893080353736877,0.8851587772369385,1.3022788763046265,0.6828860173922245,True
dnn,0.75,1,8,1.0,0.2,0.3078616105312851,dnn,0.9240179657936096,0.8851587772369385,1.3022788763046265,0.7095392412534727,True
dnn,0.75,1,4,1.0,0.2,0.3082214047170795,dnn,0.9284383654594421,0.9147756099700928,1.3022788763046265,0.7129335984424459,True
dnn,0.75,1,2,1.0,0.2,0.3082507904528047,dnn,0.8021263480186462,0.8951922655105591,1.3022788763046265,0.6159405351753663,True
dnn,0.75,1,2,1.0,0.2444312127604942,0.3086167999029926,dnn,0.8828678131103516,0.8951922655105591,1.3022788763046265,0.6779406693715216,True
dnn,0.75,1,4,1.0,0.2211023350218148,0.308665550593331,dnn,0.7050045132637024,0.9147756099700928,1.3022788763046265,0.5413621660394567,True
dnn,0.75,2,4,0.5,0.6664844128899691,0.3089492187471918,dnn,3.724538455429638e-10,0.410280704498291,1.3022788763046265,2.860016025137769e-10,True
dnn,0.75,1,2,0.0,1.1005421090383831,0.3091274043635091,dnn,0.7769520282745361,0.4356005787849426,1.3022788763046265,0.5966095606796843,True
dnn,0.75,2,2,1.0,0.2702215594677964,0.3095466892503835,dnn,0.889735996723175,0.9403508901596069,1.3022788763046265,0.6832146423567188,True
dnn,0.75,1,8,0.0,2.714417616594908,0.3095886380130481,dnn,0.7713042497634888,1.0026315450668335,1.3022788763046265,0.5922727180772199,True
dnn,0.75,1,2,0.5,0.7368062997280775,0.3097179383973439,dnn,1.1073492765426636,0.6192683577537537,1.3022788763046265,0.8503165463951169,True
dnn,0.75,1,4,0.5,1.817286211563076,0.3100999275681512,dnn,0.7940571308135986,0.7052225470542908,1.3022788763046265,0.6097443068928766,True
dnn,0.75,1,2,0.0,1.3450342120312204,0.3106304995342908,dnn,0.4475196599960327,0.4356005787849426,1.3022788763046265,0.3436434915276548,True
dnn,0.75,1,4,0.0,0.6028741513057392,0.3108415551521422,dnn,1.2624468803405762,0.9106130003929138,1.3022788763046265,0.9694136204703877,True
dnn,0.75,1,8,0.5,0.8145479666433055,0.3112219548029658,dnn,0.522679328918457,1.3022788763046265,1.3022788763046265,0.40135744995082984,True
dnn,0.75,2,2,0.5,0.7368062997280775,0.311332504487696,dnn,0.5436356067657471,0.6062695384025574,1.3022788763046265,0.4174494546885217,True
dnn,0.75,1,2,0.0,2.0090311238977194,0.3119902115502799,dnn,0.7221906185150146,0.4356005787849426,1.3022788763046265,0.554559112994536,True
dnn,0.75,1,4,0.5,1.1005421090383831,0.3120736700979148,dnn,0.5119448900222778,0.7052225470542908,1.3022788763046265,0.39311463875923663,True
dnn,0.75,1,8,1.0,0.2444312127604942,0.3127344917922069,dnn,0.6382727026939392,0.8851587772369385,1.3022788763046265,0.4901198309421366,True
dnn,0.75,1,4,0.0,1.1005421090383831,0.3127692300626645,dnn,0.8552130460739136,0.9106130003929138,1.3022788763046265,0.6567049973970889,True
dnn,0.75,2,2,0.5,0.6028741513057392,0.3128245717794781,dnn,0.8057087063789368,0.6062695384025574,1.3022788763046265,0.6186913732834495,True
dnn,0.75,1,2,0.5,2.221007363126434,0.3130255272129119,dnn,1.0801321268081665,0.6192683577537537,1.3022788763046265,0.8294169140431517,True
dnn,0.75,1,2,0.5,0.4462072918927006,0.31589694147394,dnn,0.5551092624664307,0.6192683577537537,1.3022788763046265,0.426259899140513,True
dnn,0.75,2,8,0.0,1.2166621504910964,0.3159341646871468,dnn,2.9231693021020133e-12,1.0288820266723633,1.3022788763046265,2.244656928166461e-12,True
dnn,0.75,1,2,0.5,0.3650984560060393,0.3163090613436046,dnn,0.5817006230354309,0.6192683577537537,1.3022788763046265,0.44667899757851914,True
dnn,0.75,1,2,0.5,1.4869510248216484,0.3163594992221356,dnn,0.8217357993125916,0.6192683577537537,1.3022788763046265,0.630998332434268,True
dnn,0.75,1,4,0.0,4.955148403871969,0.3168341809095706,dnn,0.6524580121040344,0.9106130003929138,1.3022788763046265,0.5010125127387943,True
dnn,0.75,1,8,0.5,0.3302529174737275,0.3170889593480614,dnn,1.0693225860595703,1.3022788763046265,1.3022788763046265,0.8211164332895441,True
dnn,0.75,1,4,0.0,2.221007363126434,0.3174980815189445,dnn,0.7294188141822815,0.9106130003929138,1.3022788763046265,0.5601095337214526,True
dnn,0.75,1,2,0.0,2.221007363126434,0.3189310544075868,dnn,0.38956746459007263,0.4356005787849426,1.3022788763046265,0.2991428884230368,True
dnn,0.75,2,8,0.5,0.6664844128899691,0.3189407008546789,dnn,0.6120280027389526,0.9893234372138977,1.3022788763046265,0.4699669278792696,True
dnn,0.75,1,4,0.5,0.6664844128899691,0.3193869272864289,dnn,0.6277508735656738,0.7052225470542908,1.3022788763046265,0.48204027953443634,True
dnn,0.75,2,4,0.5,0.900492287060531,0.3194328501325618,dnn,1.0145129528127406e-11,0.410280704498291,1.3022788763046265,7.79028955527209e-12,True
dnn,0.75,1,4,0.0,2.455349570439492,0.3196992017439927,dnn,1.2851556539535522,0.9106130003929138,1.3022788763046265,0.9868513398607344,True
dnn,0.75,1,8,0.5,0.7368062997280775,0.3197674760266296,dnn,1.2004650831222534,1.3022788763046265,1.3022788763046265,0.9218187478619926,True
dnn,0.75,1,8,0.5,0.6664844128899691,0.3199346407476968,dnn,0.6902353763580322,1.3022788763046265,1.3022788763046265,0.5300211720523782,True
dnn,0.75,1,2,0.0,0.5453349474995434,0.3204582321777673,dnn,0.60245281457901,0.4356005787849426,1.3022788763046265,0.46261428756991174,True
dnn,0.75,2,2,0.5,0.3302529174737275,0.3205610826721686,dnn,1.0036429166793823,0.6062695384025574,1.3022788763046265,0.7706820212943485,True
dnn,0.75,1,8,0.5,0.900492287060531,0.3207119322138336,dnn,0.6532170176506042,1.3022788763046265,1.3022788763046265,0.5015953414710883,True
dnn,0.75,1,4,0.0,3.667470807015676,0.3207696019939789,dnn,0.8476428985595703,0.9106130003929138,1.3022788763046265,0.6508919970850325,True
dnn,0.75,1,8,0.5,1.2166621504910964,0.3209214391148227,dnn,0.6840249300003052,1.3022788763046265,1.3022788763046265,0.525252265429743,True
dnn,0.75,1,8,0.5,0.4036206056789731,0.3211429872620741,dnn,0.5208414196968079,1.3022788763046265,1.3022788763046265,0.3999461476137571,True
dnn,0.75,1,4,0.0,1.2166621504910964,0.3211735225803206,dnn,1.308961272239685,0.9106130003929138,1.3022788763046265,1.0,True
dnn,0.75,1,8,0.0,2.221007363126434,0.3212066492491487,dnn,0.8212344646453857,1.0026315450668335,1.3022788763046265,0.6306133652230754,True
dnn,0.75,2,4,0.5,0.4932873707061831,0.3214054342736501,dnn,1.0061729227572869e-08,0.410280704498291,1.3022788763046265,7.726247742053714e-09,True
dnn,0.75,1,8,0.0,4.054431795277528,0.321794875361016,dnn,1.307125210762024,1.0026315450668335,1.3022788763046265,1.0,True
dnn,0.75,1,4,0.5,0.7368062997280775,0.3222238439669994,dnn,0.6291958093643188,0.7052225470542908,1.3022788763046265,0.48314982359979447,True
dnn,0.75,1,4,0.5,0.4462072918927006,0.3228214409994462,dnn,1.0113171339035034,0.7052225470542908,1.3022788763046265,0.776574935142339,True
dnn,0.75,2,4,0.5,0.2702215594677964,0.3228819858528119,dnn,4.9813165787782054e-06,0.410280704498291,1.3022788763046265,3.825076693951523e-06,True
dnn,0.75,1,8,0.5,0.9955047366910889,0.3229976151281321,dnn,0.65617436170578,1.3022788763046265,1.3022788763046265,0.5038662406686301,True
dnn,0.75,2,8,0.0,0.5453349474995434,0.3236068759009375,dnn,1.8913403891929192e-06,1.0288820266723633,1.3022788763046265,1.4523313121378624e-06,True
dnn,0.75,1,4,0.0,0.2,0.3238180815908857,dnn,0.9760748147964478,0.9106130003929138,1.3022788763046265,0.7495128981637005,True
dnn,0.75,1,4,0.5,0.3650984560060393,0.3240163227221976,dnn,1.0711274147033691,0.7052225470542908,1.3022788763046265,0.8225023335576344,True
dnn,0.75,1,4,0.5,0.900492287060531,0.3240420130688527,dnn,0.6870638132095337,0.7052225470542908,1.3022788763046265,0.5275857772946146,True
dnn,0.75,1,2,0.0,0.900492287060531,0.3247628035532847,dnn,0.8037423491477966,0.4356005787849426,1.3022788763046265,0.6171814376875348,True
dnn,0.75,1,4,0.0,1.3450342120312204,0.3255313513058239,dnn,0.806920051574707,0.9106130003929138,1.3022788763046265,0.6196215467031455,True
dnn,0.75,2,4,0.0,0.4932873707061831,0.3256366134757142,dnn,2.4651569847933263e-12,5.942511815959506e-09,1.3022788763046265,1.8929562858214416e-12,True
dnn,0.75,1,2,0.0,0.2702215594677964,0.3261385437648386,dnn,0.506924033164978,0.4356005787849426,1.3022788763046265,0.38925919969111084,True
dnn,0.75,2,4,0.5,0.3650984560060393,0.3264585174789858,dnn,2.2476231720247597e-07,0.410280704498291,1.3022788763046265,1.725915403314121e-07,True
dnn,0.75,1,8,0.5,0.4932873707061831,0.3266828583936298,dnn,0.9832417964935303,1.3022788763046265,1.3022788763046265,0.755016313620626,True
dnn,0.75,1,4,0.5,0.5453349474995434,0.326770035202426,dnn,0.9136617183685303,0.7052225470542908,1.3022788763046265,0.7015868374991658,True
dnn,0.75,1,2,0.5,0.6028741513057392,0.3268357209743374,dnn,1.1288625001907349,0.6192683577537537,1.3022788763046265,0.8668362212815879,True
dnn,0.75,1,4,0.0,0.5453349474995434,0.3282386647230695,dnn,0.7893722057342529,0.9106130003929138,1.3022788763046265,0.6061468246910308,True
dnn,0.75,1,4,0.0,3.317441949813717,0.328483435564208,dnn,1.1319750547409058,0.9106130003929138,1.3022788763046265,0.869226304240626,True
dnn,0.75,1,2,0.5,0.900492287060531,0.3285391608857145,dnn,0.8616589307785034,0.6192683577537537,1.3022788763046265,0.6616546935196896,True
dnn,0.75,1,4,0.0,0.900492287060531,0.3290451047171793,dnn,0.8390899896621704,0.9106130003929138,1.3022788763046265,0.6443243493614744,True
dnn,0.75,1,8,0.0,3.000820366267417,0.3294643039604927,dnn,0.7756419777870178,1.0026315450668335,1.3022788763046265,0.5956035929784836,True
dnn,0.75,1,8,0.0,2.455349570439492,0.3301877292102876,dnn,0.7310448288917542,1.0026315450668335,1.3022788763046265,0.5613581255085562,True
dnn,0.75,2,8,0.0,0.2987330888578299,0.3302457027803877,dnn,0.15259051322937012,1.0288820266723633,1.3022788763046265,0.11717191763285305,True
dnn,0.75,2,8,0.5,0.4036206056789731,0.3304671456191955,dnn,0.9296085238456726,0.9893234372138977,1.3022788763046265,0.7138321451420213,True
dnn,0.75,1,4,0.0,1.643841718255735,0.3305477354822473,dnn,0.832870364189148,0.9106130003929138,1.3022788763046265,0.6395483942368152,True
dnn,0.75,1,2,0.0,0.3302529174737275,0.3311916981842156,dnn,0.757462739944458,0.4356005787849426,1.3022788763046265,0.5816440347200056,True
dnn,0.75,1,8,0.5,0.5453349474995434,0.3312275809851553,dnn,0.9721551537513733,1.3022788763046265,1.3022788763046265,0.7465030504909831,True
dnn,0.75,1,4,0.0,2.714417616594908,0.3317742950187921,dnn,0.659268856048584,0.9106130003929138,1.3022788763046265,0.5062424554710885,True
dnn,0.75,1,4,0.5,0.2,0.3325944422624045,dnn,0.6557424068450928,0.7052225470542908,1.3022788763046265,0.5035345491480604,True
dnn,0.75,2,2,0.5,0.4932873707061831,0.3329117804323377,dnn,0.5431801676750183,0.6062695384025574,1.3022788763046265,0.4170997299874491,True
dnn,0.75,1,8,0.5,0.2987330888578299,0.333723412376489,dnn,0.9841892123222351,1.3022788763046265,1.3022788763046265,0.755743819722386,True
dnn,0.75,1,4,0.5,0.4932873707061831,0.3340801823813521,dnn,0.5687263607978821,0.7052225470542908,1.3022788763046265,0.4367162603540893,True
dnn,0.75,2,2,0.0,0.2702215594677964,0.3340825043266865,dnn,0.6319455504417419,0.5454245805740356,1.3022788763046265,0.48526130765091097,True
dnn,0.75,2,4,0.5,0.8145479666433055,0.3340860523504461,dnn,3.565150605289169e-11,0.410280704498291,1.3022788763046265,2.7376245366166995e-11,True
dnn,0.75,1,4,0.0,0.2702215594677964,0.3340971028108546,dnn,0.8867579102516174,0.9106130003929138,1.3022788763046265,0.6809278153753826,True
dnn,0.75,1,4,0.0,2.0090311238977194,0.3345861918147813,dnn,1.1211637258529663,0.9106130003929138,1.3022788763046265,0.8609244504022086,True
dnn,0.75,1,8,0.0,3.317441949813717,0.3352527472407941,dnn,0.9268636703491211,1.0026315450668335,1.3022788763046265,0.7117244141893851,True
dnn,0.75,2,8,0.0,0.9955047366910889,0.3357432898203111,dnn,1.221334006151764e-10,1.0288820266723633,1.3022788763046265,9.378436741732669e-11,True
dnn,0.75,1,2,0.0,0.6664844128899691,0.3358480872585677,dnn,0.3831200897693634,0.4356005787849426,1.3022788763046265,0.2941920480630945,True
dnn,0.75,1,4,0.0,0.3650984560060393,0.3360041802502438,dnn,0.9201607704162598,0.9106130003929138,1.3022788763046265,0.7065773600101132,True
dnn,0.75,1,2,0.5,0.3302529174737275,0.3371006203113593,dnn,0.5672066807746887,0.6192683577537537,1.3022788763046265,0.43554932134367885,True
dnn,0.75,1,8,0.0,3.667470807015676,0.3372443422419746,dnn,0.8455854654312134,1.0026315450668335,1.3022788763046265,0.6493121257028021,True
dnn,0.75,1,8,0.5,0.6028741513057392,0.3372981816682044,dnn,0.6156122088432312,1.3022788763046265,1.3022788763046265,0.4727191848416563,True
dnn,0.75,1,8,0.5,0.4462072918927006,0.3373862453295556,dnn,0.690433144569397,1.3022788763046265,1.3022788763046265,0.5301730352323493,True
dnn,0.75,1,4,0.5,0.8145479666433055,0.3374420841330428,dnn,0.9173303246498108,0.7052225470542908,1.3022788763046265,0.7044039040645782,True
dnn,0.75,1,2,0.5,0.2444312127604942,0.3376209296585029,dnn,0.5408591032028198,0.6192683577537537,1.3022788763046265,0.41531742013475087,True
dnn,0.75,1,4,0.5,0.2987330888578299,0.3391278810760589,dnn,0.7243416905403137,0.7052225470542908,1.3022788763046265,0.5562108882513097,True
dnn,0.75,2,4,0.5,0.2444312127604942,0.3396804355213083,dnn,1.278365289181238e-05,0.410280704498291,1.3022788763046265,9.816371227710871e-06,True
dnn,0.75,2,2,0.5,0.2702215594677964,0.3397031001627543,dnn,0.6199396848678589,0.6062695384025574,1.3022788763046265,0.4760421873900102,True
dnn,0.75,1,8,0.0,1.817286211563076,0.3397290251020968,dnn,1.2817234992980957,1.0026315450668335,1.3022788763046265,0.9842158408766799,True
dnn,0.75,1,4,0.5,0.6028741513057392,0.3399028967361844,dnn,0.7492929697036743,0.7052225470542908,1.3022788763046265,0.5753705933017078,True
dnn,0.75,2,8,0.5,0.2702215594677964,0.3403780496438794,dnn,0.6269371509552002,0.9893234372138977,1.3022788763046265,0.48141543440696055,True
dnn,0.75,1,4,0.5,0.3302529174737275,0.3404244022886139,dnn,0.686028242111206,0.7052225470542908,1.3022788763046265,0.5267905781117282,True
dnn,0.75,1,4,0.5,0.4036206056789731,0.3409599397433536,dnn,0.6508098840713501,0.7052225470542908,1.3022788763046265,0.49974694046954193,True
dnn,0.75,2,2,0.5,0.3650984560060393,0.3415474820161878,dnn,1.1137503385543823,0.6062695384025574,1.3022788763046265,0.8552318238584836,True
dnn,0.75,2,4,0.5,0.2987330888578299,0.3423638555983019,dnn,1.7431459582439857e-06,0.410280704498291,1.3022788763046265,1.3385350787462457e-06,True
dnn,0.75,1,8,0.5,0.2,0.3425213823211638,dnn,0.7267457842826843,1.3022788763046265,1.3022788763046265,0.5580569550086792,True
dnn,0.75,1,4,0.0,0.7368062997280775,0.3433015314046581,dnn,0.8855447769165039,0.9106130003929138,1.3022788763046265,0.6799962688708766,True
dnn,0.75,2,8,0.5,0.4932873707061831,0.343518059122062,dnn,0.5794492959976196,0.9893234372138977,1.3022788763046265,0.44495023803340567,True
dnn,0.75,1,8,0.0,2.0090311238977194,0.3437074820426444,dnn,0.8505728244781494,1.0026315450668335,1.3022788763046265,0.6531418423154897,True
dnn,0.75,2,8,0.5,1.1005421090383831,0.345066944588214,dnn,0.5792006254196167,0.9893234372138977,1.3022788763046265,0.44475928770584716,True
dnn,0.75,2,2,0.5,0.6664844128899691,0.3451806217005805,dnn,0.5470277070999146,0.6062695384025574,1.3022788763046265,0.4200541965728352,True
dnn,0.75,2,2,0.0,0.2,0.3453645054122479,dnn,0.9826428890228271,0.5454245805740356,1.3022788763046265,0.7545564217483086,True
dnn,0.75,2,2,0.5,0.4036206056789731,0.3454534113398174,dnn,1.1355714797973633,0.6062695384025574,1.3022788763046265,0.8719879439492134,True
dnn,0.75,2,8,0.0,0.2211023350218148,0.3454630133594238,dnn,0.4231318235397339,1.0288820266723633,1.3022788763046265,0.32491644550084503,True
dnn,0.75,2,8,0.5,0.7368062997280775,0.345599721536271,dnn,0.5537070035934448,0.9893234372138977,1.3022788763046265,0.425183126032617,True
dnn,0.75,1,2,0.0,0.4462072918927006,0.3459050259883992,dnn,0.5027152299880981,0.4356005787849426,1.3022788763046265,0.3860273242046383,True
dnn,0.75,1,4,0.5,0.2702215594677964,0.3461619558728611,dnn,0.9640073776245117,0.7052225470542908,1.3022788763046265,0.7402464980158466,True
dnn,0.75,1,4,0.0,0.2987330888578299,0.3463469695708775,dnn,0.9140676259994507,0.9106130003929138,1.3022788763046265,0.7018985277510051,True
dnn,0.75,1,2,0.0,0.4036206056789731,0.3477339048849458,dnn,0.6802592277526855,0.4356005787849426,1.3022788763046265,0.5223606403591551,True
dnn,0.75,2,8,0.0,0.4462072918927006,0.3477649195867978,dnn,4.0989012632053345e-05,1.0288820266723633,1.3022788763046265,3.1474834905073954e-05,True
dnn,0.75,2,2,0.5,0.2211023350218148,0.3478671948399416,dnn,1.0314692258834839,0.6062695384025574,1.3022788763046265,0.7920494178715409,True
dnn,0.75,1,4,0.0,0.4932873707061831,0.348136552436126,dnn,1.467700481414795,0.9106130003929138,1.3022788763046265,1.0,True
dnn,0.75,1,8,0.5,0.3650984560060393,0.349428197637924,dnn,0.7059555649757385,1.3022788763046265,1.3022788763046265,0.5420924640803302,True
dnn,0.75,1,8,0.0,0.2444312127604942,0.3499653824145186,dnn,1.499475121498108,1.0026315450668335,1.3022788763046265,1.0,True
dnn,0.75,1,4,0.5,0.2211023350218148,0.3504725123827897,dnn,0.7080951929092407,0.7052225470542908,1.3022788763046265,0.5437354515943208,True
dnn,0.75,2,4,0.0,0.4036206056789731,0.3507546536414054,dnn,7.777245861206872e-12,5.942511815959506e-09,1.3022788763046265,5.972027960152241e-12,True
dnn,0.75,2,8,0.5,0.3650984560060393,0.350851927563022,dnn,1.1072266101837158,0.9893234372138977,1.3022788763046265,0.8502223527771602,True
dnn,0.75,1,8,0.0,0.4462072918927006,0.3514135935292011,dnn,1.249200701713562,1.0026315450668335,1.3022788763046265,0.9592420828158711,True
dnn,0.75,1,8,0.0,1.643841718255735,0.351683544880234,dnn,0.9462567567825317,1.0026315450668335,1.3022788763046265,0.7266160681862932,True
dnn,0.75,2,8,0.5,0.9955047366910889,0.3517704572849112,dnn,0.46000611782073975,0.9893234372138977,1.3022788763046265,0.35323165121595357,True
dnn,0.75,1,4,0.0,1.4869510248216484,0.3523187611460209,dnn,1.0537397861480713,0.9106130003929138,1.3022788763046265,0.8091506399444834,True
dnn,0.75,1,8,0.5,0.2444312127604942,0.3524110303383586,dnn,0.7190045118331909,1.3022788763046265,1.3022788763046265,0.5521125504803188,True
dnn,0.75,1,8,0.5,0.2702215594677964,0.3526011193295828,dnn,1.0387153625488281,1.3022788763046265,1.3022788763046265,0.7976136152160499,True
dnn,0.75,2,8,0.0,0.900492287060531,0.3528311356273607,dnn,7.606141827487534e-10,1.0288820266723633,1.3022788763046265,5.840639793736714e-10,True
dnn,0.75,1,8,0.5,0.2211023350218148,0.3545710015618874,dnn,0.5812358856201172,1.3022788763046265,1.3022788763046265,0.4463221328364353,True
dnn,0.75,1,8,0.0,1.1005421090383831,0.3551725292984579,dnn,0.8344571590423584,1.0026315450668335,1.3022788763046265,0.6407668696970893,True
dnn,0.75,2,4,0.0,0.3650984560060393,0.3561424753298214,dnn,1.3274700783050264e-11,5.942511815959506e-09,1.3022788763046265,1.019343938121674e-11,True
dnn,0.75,1,8,0.0,1.3450342120312204,0.3563304421010823,dnn,0.7177478075027466,1.0026315450668335,1.3022788763046265,0.5511475464759458,True
dnn,0.75,1,4,0.5,0.2444312127604942,0.3569437754199034,dnn,0.7176353335380554,0.7052225470542908,1.3022788763046265,0.5510611794414053,True
dnn,0.75,1,2,0.5,0.5453349474995434,0.3571764237508512,dnn,0.9273028373718262,0.6192683577537537,1.3022788763046265,0.712061643818688,True
dnn,0.75,2,8,0.5,0.8145479666433055,0.357832633188301,dnn,0.5306037068367004,0.9893234372138977,1.3022788763046265,0.40744245836372045,True
dnn,0.75,2,4,0.0,0.2444312127604942,0.3591073098533279,dnn,8.758734015845704e-11,5.942511815959506e-09,1.3022788763046265,6.725697679056017e-11,True
dnn,0.75,1,2,0.0,0.2987330888578299,0.3591224768011818,dnn,0.7613999247550964,0.4356005787849426,1.3022788763046265,0.5846673386238597,True
dnn,0.75,2,8,0.5,0.6028741513057392,0.359364192880325,dnn,0.9597740769386292,0.9893234372138977,1.3022788763046265,0.736995811267479,True
dnn,0.75,1,8,0.0,0.900492287060531,0.3604113293118687,dnn,1.0367389917373657,1.0026315450668335,1.3022788763046265,0.7960959903452,True
dnn,0.75,2,8,0.5,0.5453349474995434,0.3609782471611565,dnn,0.9334580302238464,0.9893234372138977,1.3022788763046265,0.7167881221206983,True
dnn,0.75,2,2,0.5,0.2,0.361344580099493,dnn,1.126556396484375,0.6062695384025574,1.3022788763046265,0.865065399571799,True
dnn,0.75,1,8,0.0,1.4869510248216484,0.3615554662224602,dnn,0.9970988631248474,1.0026315450668335,1.3022788763046265,0.7656569428156862,True
dnn,0.75,1,2,0.5,0.6664844128899691,0.3621048158685973,dnn,0.8708943128585815,0.6192683577537537,1.3022788763046265,0.6687464019456795,True
dnn,0.75,2,8,0.0,0.2444312127604942,0.3626508192476003,dnn,0.325033962726593,1.0288820266723633,1.3022788763046265,0.24958860090621768,True
dnn,0.75,1,2,0.0,0.3650984560060393,0.3629367349276615,dnn,0.5395745635032654,0.4356005787849426,1.3022788763046265,0.41433104177683766,True
dnn,0.75,2,2,0.5,0.2987330888578299,0.3629448277765317,dnn,0.8448202013969421,0.6062695384025574,1.3022788763046265,0.6487244911736735,True
dnn,0.75,2,8,0.0,0.4036206056789731,0.3659070451659272,dnn,0.00021414620277937502,1.0288820266723633,1.3022788763046265,0.00016443958869012811,True
dnn,0.75,1,4,0.0,3.000820366267417,0.3660963886730858,dnn,1.0829697847366333,0.9106130003929138,1.3022788763046265,0.8315959080974198,True
dnn,0.75,1,8,0.0,1.2166621504910964,0.3666842602424117,dnn,1.2744132280349731,1.0026315450668335,1.3022788763046265,0.9786023955569905,True
dnn,0.75,1,4,0.0,0.3302529174737275,0.3670149712601707,dnn,1.0086921453475952,0.9106130003929138,1.3022788763046265,0.7745592466414575,True
dnn,0.75,1,4,0.0,0.4036206056789731,0.3670756144509506,dnn,0.9210836291313171,0.9106130003929138,1.3022788763046265,0.7072860090804844,True
dnn,0.75,2,8,0.5,0.4462072918927006,0.3677381020940474,dnn,0.6106590032577515,0.9893234372138977,1.3022788763046265,0.4689156941488371,True
dnn,0.75,1,4,0.0,0.2211023350218148,0.3682742307495611,dnn,0.8791125416755676,0.9106130003929138,1.3022788763046265,0.6750570539623245,True
dnn,0.75,1,8,0.0,0.8145479666433055,0.3683541646538662,dnn,1.4005448818206787,1.0026315450668335,1.3022788763046265,1.0,True
dnn,0.75,2,4,0.5,0.6028741513057392,0.3687239719157876,dnn,1.1907727026638781e-09,0.410280704498291,1.3022788763046265,9.143761173818925e-10,True
dnn,0.75,2,8,0.5,0.2211023350218148,0.3690546272137046,dnn,1.0275415182113647,0.9893234372138977,1.3022788763046265,0.7890333913171792,True
dnn,0.75,2,8,0.0,0.7368062997280775,0.3703854882354939,dnn,1.889965162149565e-08,1.0288820266723633,1.3022788763046265,1.4512752963578503e-08,True
dnn,0.75,2,8,0.0,0.6028741513057392,0.3714105961879804,dnn,4.1650952198324376e-07,1.0288820266723633,1.3022788763046265,3.1983128158013267e-07,True
dnn,0.75,1,8,0.0,0.4932873707061831,0.3718440280746578,dnn,0.9591216444969177,1.0026315450668335,1.3022788763046265,0.736494818389853,True
dnn,0.75,2,2,0.5,0.4462072918927006,0.3721827795405851,dnn,0.5961739420890808,0.6062695384025574,1.3022788763046265,0.4577928375685524,True
dnn,0.75,2,2,0.5,0.2444312127604942,0.3722169180287329,dnn,0.5912938117980957,0.6062695384025574,1.3022788763046265,0.45404546027496295,True
dnn,0.75,2,8,0.0,0.6664844128899691,0.3722852898924158,dnn,8.585647748304837e-08,1.0288820266723633,1.3022788763046265,6.592787385654023e-08,True
dnn,0.75,2,8,0.0,0.2702215594677964,0.3731570274682447,dnn,0.253123939037323,1.0288820266723633,1.3022788763046265,0.19436999527750365,True
dnn,0.75,1,8,0.0,0.5453349474995434,0.3732621855632806,dnn,0.8642042279243469,1.0026315450668335,1.3022788763046265,0.6636091882075449,True
dnn,0.75,2,4,0.5,0.2,0.3737419837029707,dnn,6.260874215513468e-05,0.410280704498291,1.3022788763046265,4.8076294021442276e-05,True
dnn,0.75,2,8,0.0,0.3650984560060393,0.3754461126092228,dnn,0.0011697349837049842,1.0288820266723633,1.3022788763046265,0.0008982215752621654,True
dnn,0.75,1,4,0.0,1.817286211563076,0.3784047066761974,dnn,0.847979724407196,0.9106130003929138,1.3022788763046265,0.6511506404937174,True
dnn,0.75,1,4,0.0,0.4462072918927006,0.379478391597733,dnn,1.2817796468734741,0.9106130003929138,1.3022788763046265,0.9842589557397097,True
dnn,0.75,1,8,0.0,0.2,0.3798690962025706,dnn,1.0611666440963745,1.0026315450668335,1.3022788763046265,0.814853610393776,True
dnn,0.75,2,4,0.0,0.2702215594677964,0.3799777264640121,dnn,5.734942382096264e-11,5.942511815959506e-09,1.3022788763046265,4.403774403812688e-11,True
dnn,0.75,2,8,0.0,0.2,0.3803140467852551,dnn,0.5528338551521301,1.0288820266723633,1.3022788763046265,0.42451264871996,True
dnn,0.75,1,8,0.0,0.7368062997280775,0.3809064659686221,dnn,1.0591837167739868,1.0026315450668335,1.3022788763046265,0.8133309508786233,True
dnn,0.75,1,4,0.0,0.9955047366910889,0.3824430555117199,dnn,0.9921162724494934,0.9106130003929138,1.3022788763046265,0.7618308877624915,True
dnn,0.75,1,8,0.0,0.2987330888578299,0.3846630318474426,dnn,1.2941498756408691,1.0026315450668335,1.3022788763046265,0.9937578649153672,True
dnn,0.75,2,8,0.0,0.4932873707061831,0.3855027666174953,dnn,9.959080671251286e-06,1.0288820266723633,1.3022788763046265,7.647425488088527e-06,True
dnn,0.75,2,8,0.5,0.3302529174737275,0.3863393732261891,dnn,0.9320424199104309,0.9893234372138977,1.3022788763046265,0.7157010966462221,True
dnn,0.75,2,4,0.0,0.5453349474995434,0.386692874862712,dnn,1.3141167841401735e-12,5.942511815959506e-09,1.3022788763046265,1.0090901480865131e-12,True
dnn,0.75,2,8,0.5,0.2987330888578299,0.3879917917006945,dnn,1.0273854732513428,0.9893234372138977,1.3022788763046265,0.7889135667827717,True
dnn,0.75,1,4,0.0,0.6664844128899691,0.3885041231318702,dnn,0.9435052275657654,0.9106130003929138,1.3022788763046265,0.7245032110503669,True
dnn,0.75,2,4,0.5,0.2211023350218148,0.3903999217082251,dnn,2.6959400202031247e-05,0.410280704498291,1.3022788763046265,2.0701710434351664e-05,True
dnn,0.75,2,4,0.5,0.4036206056789731,0.391066755755961,dnn,7.84470444159524e-08,0.410280704498291,1.3022788763046265,6.023828370660159e-08,True
dnn,0.75,2,4,0.5,0.3302529174737275,0.3916372602276356,dnn,6.1553043906315e-07,0.410280704498291,1.3022788763046265,4.7265639508013207e-07,True
dnn,0.75,2,8,0.5,0.2444312127604942,0.3925362558493887,dnn,0.9385246634483337,0.9893234372138977,1.3022788763046265,0.7206787121599567,True
dnn,0.75,1,8,0.0,0.9955047366910889,0.3926735271259342,dnn,0.969261646270752,1.0026315450668335,1.3022788763046265,0.7442811704211535,True
dnn,0.75,1,8,0.0,0.2211023350218148,0.3936221963059868,dnn,0.9025570154190063,1.0026315450668335,1.3022788763046265,0.6930597062129433,True
dnn,0.75,2,4,0.5,0.7368062997280775,0.3942620906601431,dnn,1.152606066145978e-10,0.410280704498291,1.3022788763046265,8.850685418599716e-11,True
dnn,0.75,2,4,0.5,0.4462072918927006,0.3948937514459064,dnn,2.769783513656421e-08,0.410280704498291,1.3022788763046265,2.126874330877589e-08,True
dnn,0.75,1,8,0.0,0.4036206056789731,0.3952026300618584,dnn,0.7434654831886292,1.0026315450668335,1.3022788763046265,0.570895755675852,True
dnn,0.75,1,8,0.0,0.6664844128899691,0.3964488539748387,dnn,1.0848010778427124,1.0026315450668335,1.3022788763046265,0.833002130020696,True
dnn,0.75,1,2,0.0,0.7368062997280775,0.3965438000018391,dnn,0.43521079421043396,0.4356005787849426,1.3022788763046265,0.33419170204572246,True
dnn,0.75,2,8,0.0,0.3302529174737275,0.3968308674872254,dnn,0.012683473527431488,1.0288820266723633,1.3022788763046265,0.00973944502841233,True
dnn,0.75,2,4,0.0,0.3302529174737275,0.3979106330146914,dnn,2.172909248365773e-11,5.942511815959506e-09,1.3022788763046265,1.668543725850538e-11,True
dnn,0.75,1,8,0.0,0.3650984560060393,0.4006946485606669,dnn,0.7458322048187256,1.0026315450668335,1.3022788763046265,0.5727131249606955,True
dnn,0.75,2,2,0.0,0.2987330888578299,0.4014503020588895,dnn,0.566580593585968,0.5454245805740356,1.3022788763046265,0.43506855858225146,True
dnn,0.75,1,8,0.0,0.6028741513057392,0.4015525621078268,dnn,1.372751235961914,1.0026315450668335,1.3022788763046265,1.0,True
dnn,0.75,2,8,0.5,0.2,0.4039019446674494,dnn,1.157438039779663,0.9893234372138977,1.3022788763046265,0.8887789403941138,True
dnn,0.75,1,8,0.0,0.3302529174737275,0.4066609655631137,dnn,1.2433265447616577,1.0026315450668335,1.3022788763046265,0.9547314076764778,True
dnn,0.75,2,4,0.0,0.4462072918927006,0.4186150569098146,dnn,4.45514545394099e-12,5.942511815959506e-09,1.3022788763046265,3.421037947404171e-12,True
dnn,0.75,1,8,0.0,0.2702215594677964,0.4240142061441675,dnn,0.8800391554832458,1.0026315450668335,1.3022788763046265,0.6757685865107965,True
dnn,0.75,1,2,0.0,0.6028741513057392,0.4386218697112474,dnn,0.3836023509502411,0.4356005787849426,1.3022788763046265,0.29456236903631505,True
dnn,0.75,2,4,0.0,0.2211023350218148,0.4420045798287663,dnn,1.2434006602113357e-10,5.942511815959506e-09,1.3022788763046265,9.547883197949391e-11,True
dnn,0.75,1,4,0.0,0.2444312127604942,0.4422199996509589,dnn,0.9999070763587952,0.9106130003929138,1.3022788763046265,0.7678133267400852,True
dnn,0.75,1,2,0.0,0.2211023350218148,0.4502973574294055,dnn,0.7822139859199524,0.4356005787849426,1.3022788763046265,0.6006501373496735,True
dnn,0.9,1,2,0.0,3.667470807015676,0.1411369644485248,dnn,0.3461919128894806,0.31752580404281616,1.0227090120315552,0.338504803239965,True
dnn,0.9,1,2,0.0,1.2166621504910964,0.1412542347853815,dnn,0.5161865949630737,0.31752580404281616,1.0227090120315552,0.50472479355364,True
dnn,0.9,1,2,0.0,1.643841718255735,0.1425951500611905,dnn,0.3286624550819397,0.31752580404281616,1.0227090120315552,0.32136458290229575,True
dnn,0.9,1,2,0.0,0.9955047366910889,0.1426737452230434,dnn,0.4120059907436371,0.31752580404281616,1.0227090120315552,0.4028574950417322,True
dnn,0.9,1,2,0.0,9.045585157672232,0.145322093238095,dnn,0.33377546072006226,0.31752580404281616,1.0227090120315552,0.3263640554579994,True
dnn,0.9,1,2,0.0,6.055964668833263,0.1467363359961569,dnn,0.3245904743671417,0.31752580404281616,1.0227090120315552,0.3173830195574014,True
dnn,0.9,1,2,0.0,3.317441949813717,0.1467843441635233,dnn,0.4159541130065918,0.31752580404281616,1.0227090120315552,0.4067179501824491,True
dnn,0.9,1,2,0.0,2.714417616594908,0.1471251334922056,dnn,0.43154260516166687,0.31752580404281616,1.0227090120315552,0.4219603035514777,True
dnn,0.9,1,2,0.0,0.2444312127604942,0.1505779208837091,dnn,0.3108169436454773,0.31752580404281616,1.0227090120315552,0.30391532683187816,True
dnn,0.9,1,2,0.0,0.8145479666433055,0.1509501712931684,dnn,0.45250096917152405,0.31752580404281616,1.0227090120315552,0.4424532920392046,True
dnn,0.9,1,2,0.0,0.4932873707061831,0.1512962282171336,dnn,0.3920377194881439,0.31752580404281616,1.0227090120315552,0.38333261453263484,True
dnn,0.9,1,4,1.0,8.182261084470007,0.1540635468609111,dnn,0.5491762757301331,0.8042474985122681,1.0227090120315552,0.5369819462519692,True
dnn,0.9,1,2,0.0,0.2,0.1544024822989741,dnn,0.3386896252632141,0.31752580404281616,1.0227090120315552,0.33116910213827666,True
dnn,0.9,1,8,1.0,10.000000000000002,0.154940344718226,dnn,0.5842557549476624,0.7512694597244263,1.0227090120315552,0.5712824939198203,True
dnn,0.9,1,4,1.0,10.000000000000002,0.1552279156416535,dnn,0.5281839370727539,0.8042474985122681,1.0227090120315552,0.5164557375157431,True
dnn,0.9,1,2,1.0,9.045585157672232,0.155340035741261,dnn,0.5228672623634338,1.0227090120315552,1.0227090120315552,0.511257118312458,True
dnn,0.9,1,2,0.5,9.045585157672232,0.1553500571307036,dnn,0.365403950214386,0.7834393382072449,1.0227090120315552,0.3572902418142685,True
dnn,0.9,1,4,0.5,10.000000000000002,0.1558998066557718,dnn,0.4365312159061432,0.7439354062080383,1.0227090120315552,0.42683814337276443,True
dnn,0.9,1,2,1.0,10.000000000000002,0.156598320139353,dnn,0.5040285587310791,1.0227090120315552,1.0227090120315552,0.49283672364424963,True
dnn,0.9,1,8,0.5,9.045585157672232,0.1567087254727743,dnn,0.4354119896888733,0.8261436820030212,1.0227090120315552,0.42574376930926944,True
dnn,0.9,1,8,1.0,8.182261084470007,0.1567163548267439,dnn,0.7971407175064087,0.7512694597244263,1.0227090120315552,0.7794403961718618,True
dnn,0.9,1,8,0.5,10.000000000000002,0.1570167014879508,dnn,0.44834867119789124,0.8261436820030212,1.0227090120315552,0.4383931948612355,True
dnn,0.9,1,2,0.0,10.000000000000002,0.1578263117660074,dnn,0.29693830013275146,0.31752580404281616,1.0227090120315552,0.29034485531998966,True
dnn,0.9,1,2,0.5,10.000000000000002,0.1579425348023548,dnn,0.3058226406574249,0.7834393382072449,1.0227090120315552,0.2990319211619394,True
dnn,0.9,1,4,0.5,7.4013339421880975,0.1580396489442644,dnn,0.7170944809913635,0.7439354062080383,1.0227090120315552,0.7011715674304021,True
dnn,0.9,1,2,0.5,8.182261084470007,0.1580889392939549,dnn,0.4219903349876404,0.7834393382072449,1.0227090120315552,0.4126201392802629,True
dnn,0.9,1,8,0.0,10.000000000000002,0.1581144272954975,dnn,0.3428129255771637,0.8969295620918274,1.0227090120315552,0.335200845542746,True
dnn,0.9,1,8,1.0,9.045585157672232,0.1584900108022024,dnn,0.48795849084854126,0.7512694597244263,1.0227090120315552,0.4771234878230305,True
dnn,0.9,1,8,0.0,7.4013339421880975,0.1586852581892567,dnn,0.6524558067321777,0.8969295620918274,1.0227090120315552,0.6379681796644289,True
dnn,0.9,1,2,1.0,8.182261084470007,0.1589436059063113,dnn,0.690300703048706,1.0227090120315552,1.0227090120315552,0.6749727389978325,True
dnn,0.9,1,4,0.0,7.4013339421880975,0.1592194796047725,dnn,0.5576165318489075,0.88570237159729,1.0227090120315552,0.5452347884773528,True
dnn,0.9,1,4,0.5,8.182261084470007,0.1592290944413726,dnn,0.6884799003601074,0.7439354062080383,1.0227090120315552,0.6731923668028308,True
dnn,0.9,1,4,0.5,9.045585157672232,0.1593818694294793,dnn,0.5485543012619019,0.7439354062080383,1.0227090120315552,0.5363737825798846,True
dnn,0.9,1,4,0.5,4.054431795277528,0.1597101375539123,dnn,0.5977631211280823,0.7439354062080383,1.0227090120315552,0.5844899322248649,True
dnn,0.9,1,4,0.0,10.000000000000002,0.1599988191394752,dnn,0.3415558934211731,0.88570237159729,1.0227090120315552,0.3339717254888476,True
dnn,0.9,1,4,0.5,6.69493964544323,0.1600764459380205,dnn,0.6221552491188049,0.7439354062080383,1.0227090120315552,0.6083404387753735,True
dnn,0.9,1,2,0.5,7.4013339421880975,0.1600957766487794,dnn,0.5040515065193176,0.7834393382072449,1.0227090120315552,0.4928591618822709,True
dnn,0.9,2,4,0.0,0.4932873707061831,0.1601143979803357,dnn,1.193086536684096e-12,2.14845252699547e-09,1.0227090120315552,1.1665943319635908e-12,True
dnn,0.9,1,8,0.5,6.69493964544323,0.1602727949964624,dnn,0.5915363430976868,0.8261436820030212,1.0227090120315552,0.5784014183297675,True
dnn,0.9,1,4,1.0,9.045585157672232,0.1603226756130017,dnn,0.4788684546947479,0.8042474985122681,1.0227090120315552,0.4682352937748168,True
dnn,0.9,1,2,0.5,4.482221685612751,0.160356483180817,dnn,0.5093910694122314,0.7834393382072449,1.0227090120315552,0.49808016104243974,True
dnn,0.9,1,8,0.5,5.477974412378556,0.1604162325125376,dnn,0.6500948667526245,0.8261436820030212,1.0227090120315552,0.635659663799429,True
dnn,0.9,1,4,0.0,8.182261084470007,0.1604337623863253,dnn,0.35186007618904114,0.88570237159729,1.0227090120315552,0.34404710631237173,True
dnn,0.9,1,4,1.0,7.4013339421880975,0.1604662560894224,dnn,0.5044627785682678,0.8042474985122681,1.0227090120315552,0.49326130173252336,True
dnn,0.9,1,8,1.0,6.69493964544323,0.1607250829135513,dnn,0.6867140531539917,0.7512694597244263,1.0227090120315552,0.6714657298168049,True
dnn,0.9,1,2,1.0,6.69493964544323,0.1607521264754767,dnn,0.6915236711502075,1.0227090120315552,1.0227090120315552,0.6761685513815252,True
dnn,0.9,1,2,1.0,7.4013339421880975,0.1608828511874699,dnn,0.5123066902160645,1.0227090120315552,1.0227090120315552,0.500931041175041,True
dnn,0.9,1,8,0.0,9.045585157672232,0.1611442605361412,dnn,0.3764127790927887,0.8969295620918274,1.0227090120315552,0.3680546222478918,True
dnn,0.9,1,2,0.5,6.69493964544323,0.1612492849286958,dnn,0.4246799349784851,0.7834393382072449,1.0227090120315552,0.4152500173386385,True
dnn,0.9,1,8,1.0,7.4013339421880975,0.1613147177839443,dnn,0.6932685375213623,0.7512694597244263,1.0227090120315552,0.6778746734070745,True
dnn,0.9,1,8,0.0,5.477974412378556,0.1615459339418107,dnn,0.7054705023765564,0.8969295620918274,1.0227090120315552,0.6898056965149628,True
dnn,0.9,1,2,0.0,8.182261084470007,0.1615761479859899,dnn,0.30068573355674744,0.31752580404281616,1.0227090120315552,0.2940090778700109,True
dnn,0.9,1,2,0.5,6.055964668833263,0.1617838293153993,dnn,0.43527457118034363,0.7834393382072449,1.0227090120315552,0.4256094021462612,True
dnn,0.9,1,2,0.0,7.4013339421880975,0.1617936223966062,dnn,0.322421133518219,0.31752580404281616,1.0227090120315552,0.31526184840959515,True
dnn,0.9,1,8,0.5,6.055964668833263,0.1618017136360022,dnn,0.5238334536552429,0.8261436820030212,1.0227090120315552,0.5122018555548626,True
dnn,0.9,1,8,0.5,8.182261084470007,0.1620496541482263,dnn,0.4996210038661957,0.8261436820030212,1.0227090120315552,0.48852703749400433,True
dnn,0.9,1,8,0.5,7.4013339421880975,0.1629841605048931,dnn,0.6093068718910217,0.8261436820030212,1.0227090120315552,0.5957773567289362,True
dnn,0.9,1,4,0.5,5.477974412378556,0.1630638462826631,dnn,0.5347264409065247,0.7439354062080383,1.0227090120315552,0.5228529665973315,True
dnn,0.9,1,4,0.0,9.045585157672232,0.1638253233276437,dnn,0.3050694763660431,0.88570237159729,1.0227090120315552,0.29829548070573797,True
dnn,0.9,1,4,0.5,6.055964668833263,0.1639147513100007,dnn,0.4827164113521576,0.7439354062080383,1.0227090120315552,0.47199780746359904,True
dnn,0.9,2,4,0.0,0.2444312127604942,0.1641833475626963,dnn,3.999537159793398e-11,2.14845252699547e-09,1.0227090120315552,3.910728381916316e-11,True
dnn,0.9,1,2,0.0,6.69493964544323,0.1643561849983041,dnn,0.3165586590766907,0.31752580404281616,1.0227090120315552,0.3095295488282286,True
dnn,0.9,1,4,1.0,6.69493964544323,0.1645756852279209,dnn,0.5053059458732605,0.8042474985122681,1.0227090120315552,0.4940857467066786,True
dnn,0.9,1,8,1.0,6.055964668833263,0.1653337667374466,dnn,0.6076450347900391,0.7512694597244263,1.0227090120315552,0.5941524203282277,True
dnn,0.9,1,2,0.5,4.955148403871969,0.1655342310329081,dnn,0.753368079662323,0.7834393382072449,1.0227090120315552,0.7366397194112906,True
dnn,0.9,1,8,1.0,5.477974412378556,0.1659248994649836,dnn,0.5075274109840393,0.7512694597244263,1.0227090120315552,0.496257884709419,True
dnn,0.9,1,2,1.0,6.055964668833263,0.1661015807621444,dnn,0.7264785766601562,1.0227090120315552,1.0227090120315552,0.7103472914715463,True
dnn,0.9,2,2,0.0,0.4462072918927006,0.1662021812232465,dnn,0.3122716546058655,0.34571635723114014,1.0227090120315552,0.30533773627901745,True
dnn,0.9,1,4,1.0,4.054431795277528,0.1662568289313298,dnn,0.6939724683761597,0.8042474985122681,1.0227090120315552,0.6785629736435211,True
dnn,0.9,1,8,0.5,4.955148403871969,0.1665050749353746,dnn,0.5406043529510498,0.8261436820030212,1.0227090120315552,0.528600360993367,True
dnn,0.9,1,4,0.0,6.69493964544323,0.1667053502829462,dnn,0.4673718810081482,0.88570237159729,1.0227090120315552,0.4569939987912492,True
dnn,0.9,1,2,0.5,5.477974412378556,0.1670363555019592,dnn,0.5796487927436829,0.7834393382072449,1.0227090120315552,0.5667778282233403,True
dnn,0.9,1,4,1.0,4.955148403871969,0.1670440239690488,dnn,0.5883878469467163,0.8042474985122681,1.0227090120315552,0.575322833792103,True
dnn,0.9,2,4,1.0,10.000000000000002,0.1670490206247533,dnn,0.0,0.884192705154419,1.0227090120315552,0.0,True
dnn,0.9,2,4,0.5,3.667470807015676,0.1670490231331154,dnn,0.0,0.00043625017860904336,1.0227090120315552,0.0,True
dnn,0.9,2,4,0.5,2.0090311238977194,0.1670848425940638,dnn,1.4210854715202004e-14,0.00043625017860904336,1.0227090120315552,1.389530604308739e-14,True
dnn,0.9,2,8,0.0,1.3450342120312204,0.1670848536209231,dnn,8.293369463396871e-11,0.47000327706336975,1.0227090120315552,8.109217153491734e-11,True
dnn,0.9,2,4,0.5,10.000000000000002,0.1670848553097213,dnn,0.0,0.00043625017860904336,1.0227090120315552,0.0,True
dnn,0.9,2,4,1.0,6.69493964544323,0.1670848577932482,dnn,0.0,0.884192705154419,1.0227090120315552,0.0,True
dnn,0.9,2,8,0.0,6.055964668833263,0.1670848578429188,dnn,0.0,0.47000327706336975,1.0227090120315552,0.0,True
dnn,0.9,2,4,0.0,0.900492287060531,0.167084859631058,dnn,2.6261660218424715e-14,2.14845252699547e-09,1.0227090120315552,2.5678526256708517e-14,True
dnn,0.9,2,4,1.0,2.455349570439492,0.1670848602767751,dnn,1.4210854715202004e-14,0.884192705154419,1.0227090120315552,1.389530604308739e-14,True
dnn,0.9,2,4,0.5,6.055964668833263,0.1670848627603019,dnn,1.4210854715202004e-14,0.00043625017860904336,1.0227090120315552,1.389530604308739e-14,True
dnn,0.9,2,2,0.0,7.4013339421880975,0.1670848627603019,dnn,1.4210854715202004e-14,0.34571635723114014,1.0227090120315552,1.389530604308739e-14,True
dnn,0.9,2,2,0.0,0.5453349474995434,0.167084862859643,dnn,0.2967703342437744,0.34571635723114014,1.0227090120315552,0.2901806190739011,True
dnn,0.9,2,4,0.5,0.7368062997280775,0.1670964796878118,dnn,7.226196724330336e-11,0.00043625017860904336,1.0227090120315552,7.065740733012506e-11,True
dnn,0.9,2,2,0.5,0.5453349474995434,0.167096494588973,dnn,0.45140454173088074,0.564422070980072,1.0227090120315552,0.44138121051088663,True
dnn,0.9,2,4,0.0,6.69493964544323,0.1670965364115655,dnn,1.4210854715202004e-14,2.14845252699547e-09,1.0227090120315552,1.389530604308739e-14,True
dnn,0.9,2,2,1.0,0.7368062997280775,0.167134763496682,dnn,0.7468376755714417,0.7401559948921204,1.0227090120315552,0.7302543214006589,True
dnn,0.9,2,4,0.5,1.1005421090383831,0.1671347824708272,dnn,6.080540259668921e-13,0.00043625017860904336,1.0227090120315552,5.945523299526091e-13,True
dnn,0.9,2,2,0.5,2.221007363126434,0.1671347849791894,dnn,8.299139031705226e-15,0.564422070980072,1.0227090120315552,8.114858609898668e-15,True
dnn,0.9,2,8,0.0,7.4013339421880975,0.1671348018423368,dnn,0.0,0.47000327706336975,1.0227090120315552,0.0,True
dnn,0.9,2,2,0.0,1.817286211563076,0.1671348022645364,dnn,4.587263796357495e-14,0.34571635723114014,1.0227090120315552,4.485404687346157e-14,True
dnn,0.9,2,2,0.0,2.0090311238977194,0.1671348022645364,dnn,2.3248958842619037e-14,0.34571635723114014,1.0227090120315552,2.2732721203303236e-14,True
dnn,0.9,2,2,0.0,0.900492287060531,0.1671348040030052,dnn,0.23612003028392792,0.34571635723114014,1.0227090120315552,0.23087704078688862,True
dnn,0.9,2,8,0.5,9.045585157672232,0.167135323943746,dnn,1.4210854715202004e-14,0.6583279967308044,1.0227090120315552,1.389530604308739e-14,True
dnn,0.9,2,2,0.5,6.055964668833263,0.1671534837405402,dnn,1.4210854715202004e-14,0.564422070980072,1.0227090120315552,1.389530604308739e-14,True
dnn,0.9,2,4,0.5,4.054431795277528,0.1671612752001283,dnn,0.0,0.00043625017860904336,1.0227090120315552,0.0,True
dnn,0.9,2,2,0.0,2.714417616594908,0.1671612901012895,dnn,2.2737368624290214e-16,0.34571635723114014,1.0227090120315552,2.223249072492642e-16,True
dnn,0.9,2,2,0.0,6.055964668833263,0.1671612901012895,dnn,1.4210854715202004e-14,0.34571635723114014,1.0227090120315552,1.389530604308739e-14,True
dnn,0.9,2,2,1.0,3.317441949813717,0.1671612901012895,dnn,0.0,0.7401559948921204,1.0227090120315552,0.0,True
dnn,0.9,2,2,0.0,0.7368062997280775,0.1671612901012895,dnn,0.4680393934249878,0.34571635723114014,1.0227090120315552,0.45764668925255025,True
dnn,0.9,2,8,1.0,3.000820366267417,0.1671784402053077,dnn,5.684342156072553e-17,0.9332206845283508,1.0227090120315552,5.558122681231605e-17,True
dnn,0.9,2,8,0.5,6.055964668833263,0.1671784413228948,dnn,0.0,0.6583279967308044,1.0227090120315552,0.0,True
dnn,0.9,2,2,1.0,3.667470807015676,0.1671784426888346,dnn,0.0,0.7401559948921204,1.0227090120315552,0.0,True
dnn,0.9,2,2,1.0,1.4869510248216484,0.1671784501394151,dnn,0.6590762138366699,0.7401559948921204,1.0227090120315552,0.6444415821930143,True
dnn,0.9,2,8,0.0,10.000000000000002,0.1671784501890857,dnn,0.0,0.47000327706336975,1.0227090120315552,0.0,True
dnn,0.9,2,2,0.5,1.1005421090383831,0.1671784544607519,dnn,0.35327550768852234,0.564422070980072,1.0227090120315552,0.34543110848975506,True
dnn,0.9,2,8,1.0,7.4013339421880975,0.1671800108529662,dnn,1.4210854715202004e-14,0.9332206845283508,1.0227090120315552,1.389530604308739e-14,True
dnn,0.9,2,4,0.0,2.0090311238977194,0.1671920804408188,dnn,0.0,2.14845252699547e-09,1.0227090120315552,0.0,True
dnn,0.9,2,2,0.5,6.69493964544323,0.167192087394694,dnn,0.0,0.564422070980072,1.0227090120315552,0.0,True
dnn,0.9,2,4,0.0,2.221007363126434,0.1671920940753813,dnn,1.4210854715202004e-14,2.14845252699547e-09,1.0227090120315552,1.389530604308739e-14,True
dnn,0.9,2,8,0.5,10.000000000000002,0.1672045702961083,dnn,0.0,0.6583279967308044,1.0227090120315552,0.0,True
dnn,0.9,2,4,0.0,7.4013339421880975,0.1672045733011758,dnn,1.4210854715202004e-14,2.14845252699547e-09,1.0227090120315552,1.389530604308739e-14,True
dnn,0.9,2,2,0.0,4.955148403871969,0.1672045737233753,dnn,0.0,0.34571635723114014,1.0227090120315552,0.0,True
dnn,0.9,2,4,0.5,4.482221685612751,0.1672069946901992,dnn,0.0,0.00043625017860904336,1.0227090120315552,0.0,True
dnn,0.9,2,2,1.0,0.6664844128899691,0.1672070088214671,dnn,0.7487936019897461,0.7401559948921204,1.0227090120315552,0.7321668169348667,True
dnn,0.9,2,8,0.5,6.69493964544323,0.1672070088463023,dnn,1.4210854715202004e-14,0.6583279967308044,1.0227090120315552,1.389530604308739e-14,True
dnn,0.9,2,2,1.0,4.054431795277528,0.1672094533072904,dnn,0.0,0.7401559948921204,1.0227090120315552,0.0,True
dnn,0.9,2,2,0.5,3.317441949813717,0.1672094672647114,dnn,1.4210854715202004e-14,0.564422070980072,1.0227090120315552,1.389530604308739e-14,True
dnn,0.9,2,8,1.0,6.69493964544323,0.1672160840755353,dnn,1.4210854715202004e-14,0.9332206845283508,1.0227090120315552,1.389530604308739e-14,True
dnn,0.9,2,2,0.5,0.9955047366910889,0.1672161336218963,dnn,0.5539378523826599,0.564422070980072,1.0227090120315552,0.541637793219689,True
dnn,0.9,2,4,0.5,2.455349570439492,0.1672161339944253,dnn,1.4210854715202004e-14,0.00043625017860904336,1.0227090120315552,1.389530604308739e-14,True
dnn,0.9,2,4,1.0,1.643841718255735,0.1672161347891539,dnn,7.423750470695462e-14,0.884192705154419,1.0227090120315552,7.258907845105022e-14,True
dnn,0.9,2,2,1.0,1.643841718255735,0.1672161377197156,dnn,0.4837515950202942,0.7401559948921204,1.0227090120315552,0.473010005122912,True
dnn,0.9,2,2,0.0,10.000000000000002,0.1672161406999478,dnn,1.4210854715202004e-14,0.34571635723114014,1.0227090120315552,1.389530604308739e-14,True
dnn,0.9,2,2,0.0,0.6664844128899691,0.1672161436801801,dnn,0.3734531104564667,0.34571635723114014,1.0227090120315552,0.36516067235451716,True
dnn,0.9,2,2,0.0,2.221007363126434,0.1672161438291916,dnn,2.8421708795129297e-16,0.34571635723114014,1.0227090120315552,2.7790611465006197e-16,True
dnn,0.9,2,2,0.5,1.2166621504910964,0.1672354749895294,dnn,0.1834764927625656,0.564422070980072,1.0227090120315552,0.17940244058092306,True
dnn,0.9,2,4,0.5,0.9955047366910889,0.1672358797547379,dnn,2.2203608309595557e-12,0.00043625017860904336,1.0227090120315552,2.171058243193664e-12,True
dnn,0.9,2,4,1.0,7.4013339421880975,0.1672449451116535,dnn,1.4210854715202004e-14,0.884192705154419,1.0227090120315552,1.389530604308739e-14,True
dnn,0.9,2,8,1.0,4.054431795277528,0.167251505521716,dnn,1.4210854715202004e-14,0.9332206845283508,1.0227090120315552,1.389530604308739e-14,True
dnn,0.9,2,4,1.0,3.667470807015676,0.1672515715835306,dnn,1.4210854715202004e-14,0.884192705154419,1.0227090120315552,1.389530604308739e-14,True
dnn,0.9,2,4,0.5,4.955148403871969,0.1672515924948269,dnn,0.0,0.00043625017860904336,1.0227090120315552,0.0,True
dnn,0.9,2,4,0.5,1.817286211563076,0.1672657045936549,dnn,1.4892975429823575e-14,0.00043625017860904336,1.0227090120315552,1.4562280428368867e-14,True
dnn,0.9,2,8,0.5,3.667470807015676,0.1672657589332228,dnn,1.4210854715202004e-14,0.6583279967308044,1.0227090120315552,1.389530604308739e-14,True
dnn,0.9,2,8,0.0,2.0090311238977194,0.1672657646204993,dnn,3.637978979886434e-15,0.47000327706336975,1.0227090120315552,3.557198515988227e-15,True
dnn,0.9,2,8,1.0,10.000000000000002,0.167265769115683,dnn,1.4210854715202004e-14,0.9332206845283508,1.0227090120315552,1.389530604308739e-14,True
dnn,0.9,2,4,0.5,1.4869510248216484,0.1672657704319522,dnn,1.4097167647087426e-14,0.00043625017860904336,1.0227090120315552,1.3784143369465551e-14,True
dnn,0.9,2,2,0.0,3.000820366267417,0.1672657740827367,dnn,0.0,0.34571635723114014,1.0227090120315552,0.0,True
dnn,0.9,2,2,0.5,9.045585157672232,0.1672657740827367,dnn,1.4210854715202004e-14,0.564422070980072,1.0227090120315552,1.389530604308739e-14,True
dnn,0.9,2,8,0.0,3.317441949813717,0.1672657761937345,dnn,0.0,0.47000327706336975,1.0227090120315552,0.0,True
dnn,0.9,2,4,0.0,8.182261084470007,0.1672657765662636,dnn,1.4210854715202004e-14,2.14845252699547e-09,1.0227090120315552,1.389530604308739e-14,True
dnn,0.9,2,8,0.5,1.817286211563076,0.1672870553004057,dnn,6.328378034277382e-13,0.6583279967308044,1.0227090120315552,6.187857894892709e-13,True
dnn,0.9,2,2,0.0,1.2166621504910964,0.1672870831159066,dnn,1.2693681661346545e-09,0.34571635723114014,1.0227090120315552,1.2411821458511688e-09,True
dnn,0.9,2,8,1.0,4.482221685612751,0.1672870860961388,dnn,1.4210854715202004e-14,0.9332206845283508,1.0227090120315552,1.389530604308739e-14,True
dnn,0.9,2,8,0.5,2.221007363126434,0.1672870887286773,dnn,2.9615422798574126e-14,0.6583279967308044,1.0227090120315552,2.8957819330979314e-14,True
dnn,0.9,2,4,1.0,1.817286211563076,0.1672870920566033,dnn,1.0459189090717465e-14,0.884192705154419,1.0227090120315552,1.0226945267589715e-14,True
dnn,0.9,2,4,0.0,2.455349570439492,0.1672870920566033,dnn,1.4210854715202004e-14,2.14845252699547e-09,1.0227090120315552,1.389530604308739e-14,True
dnn,0.9,2,2,0.0,0.9955047366910889,0.1672870950368356,dnn,9.344236787001137e-06,0.34571635723114014,1.0227090120315552,9.136750216407426e-06,True
dnn,0.9,2,2,0.5,3.667470807015676,0.1672870950368356,dnn,1.4210854715202004e-14,0.564422070980072,1.0227090120315552,1.389530604308739e-14,True
dnn,0.9,2,4,1.0,3.000820366267417,0.1672870980170678,dnn,1.4210854715202004e-14,0.884192705154419,1.0227090120315552,1.389530604308739e-14,True
dnn,0.9,2,4,0.0,1.3450342120312204,0.1672871035553327,dnn,1.5404566389306228e-14,2.14845252699547e-09,1.0227090120315552,1.5062511631442364e-14,True
dnn,0.9,2,8,0.0,1.1005421090383831,0.1672983584399871,dnn,1.1750031170265629e-08,0.47000327706336975,1.0227090120315552,1.1489124503679535e-08,True
dnn,0.9,2,2,1.0,10.000000000000002,0.1672987405684586,dnn,1.4210854715202004e-14,0.7401559948921204,1.0227090120315552,1.389530604308739e-14,True
dnn,0.9,2,2,0.0,0.3302529174737275,0.1672996116397093,dnn,0.3347267210483551,0.34571635723114014,1.0227090120315552,0.32729419327540576,True
dnn,0.9,2,4,1.0,5.477974412378556,0.1673012119207853,dnn,5.684341886080802e-14,0.884192705154419,1.0227090120315552,5.558122417234956e-14,True
dnn,0.9,2,2,0.5,5.477974412378556,0.1673012119207853,dnn,0.0,0.564422070980072,1.0227090120315552,0.0,True
dnn,0.9,1,8,1.0,4.482221685612751,0.1673064459825003,dnn,0.5322320461273193,0.7512694597244263,1.0227090120315552,0.5204139592649816,True
dnn,0.9,2,4,1.0,2.714417616594908,0.1673152839817418,dnn,1.4210854715202004e-14,0.884192705154419,1.0227090120315552,1.389530604308739e-14,True
dnn,0.9,2,4,1.0,0.6664844128899691,0.1673153068550242,dnn,0.6390838623046875,0.884192705154419,1.0227090120315552,0.624893156104279,True
dnn,0.9,2,4,1.0,4.482221685612751,0.1673153222280556,dnn,1.4210854715202004e-14,0.884192705154419,1.0227090120315552,1.389530604308739e-14,True
dnn,0.9,2,8,0.5,3.000820366267417,0.1673153355645948,dnn,0.0,0.6583279967308044,1.0227090120315552,0.0,True
dnn,0.9,2,8,1.0,5.477974412378556,0.167315336135806,dnn,0.0,0.9332206845283508,1.0227090120315552,0.0,True
dnn,0.9,2,2,0.0,1.4869510248216484,0.1673153404074722,dnn,4.7692197413518045e-12,0.34571635723114014,1.0227090120315552,4.66332034356284e-12,True
dnn,0.9,2,2,1.0,9.045585157672232,0.1673153430896812,dnn,1.4210854715202004e-14,0.7401559948921204,1.0227090120315552,1.389530604308739e-14,True
dnn,0.9,2,8,0.0,1.4869510248216484,0.1673153443811152,dnn,5.747154054741577e-12,0.47000327706336975,1.0227090120315552,5.619539856527881e-12,True
dnn,0.9,2,4,0.0,0.8145479666433055,0.1673153478083823,dnn,3.8255619646491296e-14,2.14845252699547e-09,1.0227090120315552,3.740616264884438e-14,True
dnn,0.9,2,4,1.0,4.955148403871969,0.167320117713134,dnn,0.0,0.884192705154419,1.0227090120315552,0.0,True
dnn,0.9,2,2,1.0,3.000820366267417,0.1673208265719127,dnn,0.0,0.7401559948921204,1.0227090120315552,0.0,True
dnn,0.9,2,2,0.5,1.643841718255735,0.1673208535181791,dnn,2.4167832665678013e-11,0.564422070980072,1.0227090120315552,2.363119165017422e-11,True
dnn,0.9,2,4,0.5,2.221007363126434,0.1673208560513766,dnn,1.4210854715202004e-14,0.00043625017860904336,1.0227090120315552,1.389530604308739e-14,True
dnn,0.9,2,4,1.0,1.1005421090383831,0.1673208710767141,dnn,1.0093497149199493e-09,0.884192705154419,1.0227090120315552,9.869373429250728e-10,True
dnn,0.9,2,8,0.0,4.482221685612751,0.167320880042246,dnn,0.0,0.47000327706336975,1.0227090120315552,0.0,True
dnn,0.9,2,2,0.0,4.054431795277528,0.1673208831963252,dnn,0.0,0.34571635723114014,1.0227090120315552,0.0,True
dnn,0.9,2,2,0.5,2.714417616594908,0.167320883270831,dnn,1.4210854715202004e-14,0.564422070980072,1.0227090120315552,1.389530604308739e-14,True
dnn,0.9,2,8,1.0,1.817286211563076,0.1673222665913715,dnn,1.647504771495889e-10,0.9332206845283508,1.0227090120315552,1.6109223172124117e-10,True
dnn,0.9,2,4,0.5,6.69493964544323,0.1673358792282453,dnn,0.0,0.00043625017860904336,1.0227090120315552,0.0,True
dnn,0.9,2,8,0.0,8.182261084470007,0.1673358881441067,dnn,0.0,0.47000327706336975,1.0227090120315552,0.0,True
dnn,0.9,2,2,0.0,1.1005421090383831,0.1673358911491743,dnn,4.842526024617655e-08,0.34571635723114014,1.0227090120315552,4.734998878124916e-08,True
dnn,0.9,2,4,0.0,0.6028741513057392,0.1673358952966641,dnn,3.6084202574733493e-13,2.14845252699547e-09,1.0227090120315552,3.528296138024071e-13,True
dnn,0.9,2,8,0.5,2.455349570439492,0.1673435535528713,dnn,1.4154011181144715e-14,0.6583279967308044,1.0227090120315552,1.383972470627647e-14,True
dnn,0.9,2,4,0.5,3.000820366267417,0.1673435570794794,dnn,0.0,0.00043625017860904336,1.0227090120315552,0.0,True
dnn,0.9,2,8,0.5,4.482221685612751,0.1673435588179482,dnn,0.0,0.6583279967308044,1.0227090120315552,0.0,True
dnn,0.9,2,8,0.0,2.221007363126434,0.1673435597120179,dnn,1.813305094185841e-14,0.47000327706336975,1.0227090120315552,1.7730410829017828e-14,True
dnn,0.9,2,4,0.0,6.055964668833263,0.1673435603080643,dnn,1.4210854715202004e-14,2.14845252699547e-09,1.0227090120315552,1.389530604308739e-14,True
dnn,0.9,2,8,0.5,1.2166621504910964,0.1673606131879713,dnn,5.972086682959343e-07,0.6583279967308044,1.0227090120315552,5.83947790886884e-07,True
dnn,0.9,2,2,1.0,0.8145479666433055,0.1673606197444822,dnn,0.6215755343437195,0.7401559948921204,1.0227090120315552,0.6077735964299307,True
dnn,0.9,2,2,1.0,4.955148403871969,0.167360644679092,dnn,1.4210854715202004e-14,0.7401559948921204,1.0227090120315552,1.389530604308739e-14,True
dnn,0.9,2,8,1.0,3.667470807015676,0.1673606605736639,dnn,1.4210854715202004e-14,0.9332206845283508,1.0227090120315552,1.389530604308739e-14,True
dnn,0.9,2,2,0.5,10.000000000000002,0.1673606645473069,dnn,0.0,0.564422070980072,1.0227090120315552,0.0,True
dnn,0.9,2,8,0.5,1.643841718255735,0.1673606673785275,dnn,1.4191187287793117e-11,0.6583279967308044,1.0227090120315552,1.387607532625835e-11,True
dnn,0.9,2,2,1.0,0.900492287060531,0.1673606821555124,dnn,0.9335231781005859,0.7401559948921204,1.0227090120315552,0.9127945164443144,True
dnn,0.9,2,2,1.0,1.2166621504910964,0.1673652362950134,dnn,0.5968976020812988,0.7401559948921204,1.0227090120315552,0.5836436318240655,True
dnn,0.9,2,2,0.5,8.182261084470007,0.1673661381035177,dnn,1.4210854715202004e-14,0.564422070980072,1.0227090120315552,1.389530604308739e-14,True
dnn,0.9,2,2,0.0,0.8145479666433055,0.1673661400406686,dnn,0.3227474093437195,0.34571635723114014,1.0227090120315552,0.3155808793574621,True
dnn,0.9,2,2,0.0,9.045585157672232,0.1673661400903391,dnn,1.4210854715202004e-14,0.34571635723114014,1.0227090120315552,1.389530604308739e-14,True
dnn,0.9,2,8,0.5,1.4869510248216484,0.1673668295768388,dnn,4.378562235007877e-10,0.6583279967308044,1.0227090120315552,4.281337294867583e-10,True
dnn,0.9,2,4,0.0,1.2166621504910964,0.1673668973771223,dnn,1.8928858724594558e-14,2.14845252699547e-09,1.0227090120315552,1.8508547887921143e-14,True
dnn,0.9,2,2,1.0,2.455349570439492,0.1673669103162972,dnn,3.308287075277222e-14,0.7401559948921204,1.0227090120315552,3.234827342242239e-14,True
dnn,0.9,2,4,0.0,10.000000000000002,0.1673669227339315,dnn,1.4210854715202004e-14,2.14845252699547e-09,1.0227090120315552,1.389530604308739e-14,True
dnn,0.9,2,2,0.5,4.482221685612751,0.1673669277009853,dnn,0.0,0.564422070980072,1.0227090120315552,0.0,True
dnn,0.9,2,2,0.0,3.667470807015676,0.1673669277009853,dnn,0.0,0.34571635723114014,1.0227090120315552,0.0,True
dnn,0.9,1,8,0.5,4.482221685612751,0.1673703521611663,dnn,0.5272455811500549,0.8261436820030212,1.0227090120315552,0.5155382175646527,True
dnn,0.9,2,4,0.0,0.9955047366910889,0.1673768860941978,dnn,2.040678722195228e-14,2.14845252699547e-09,1.0227090120315552,1.9953659332105932e-14,True
dnn,0.9,2,4,1.0,6.055964668833263,0.1673769336040667,dnn,0.0,0.884192705154419,1.0227090120315552,0.0,True
dnn,0.9,2,4,0.0,4.955148403871969,0.1673769534722817,dnn,1.4210854715202004e-14,2.14845252699547e-09,1.0227090120315552,1.389530604308739e-14,True
dnn,0.9,2,4,0.0,1.1005421090383831,0.1673769603019805,dnn,2.7853274513347593e-15,2.14845252699547e-09,1.0227090120315552,2.7234799132177974e-15,True
dnn,0.9,2,8,0.5,2.714417616594908,0.1673826245348111,dnn,5.684341759025859e-16,0.6583279967308044,1.0227090120315552,5.558122293001239e-16,True
dnn,0.9,2,8,0.0,6.69493964544323,0.167382644403026,dnn,0.0,0.47000327706336975,1.0227090120315552,0.0,True
dnn,0.9,2,4,0.5,5.477974412378556,0.1673826468865529,dnn,0.0,0.00043625017860904336,1.0227090120315552,0.0,True
dnn,0.9,2,8,0.5,7.4013339421880975,0.1673826494197503,dnn,1.4210854715202004e-14,0.6583279967308044,1.0227090120315552,1.389530604308739e-14,True
dnn,0.9,2,4,0.5,7.4013339421880975,0.1673826518536066,dnn,0.0,0.00043625017860904336,1.0227090120315552,0.0,True
dnn,0.9,2,4,0.5,0.5453349474995434,0.1673989831280574,dnn,1.3361386441701484e-09,0.00043625017860904336,1.0227090120315552,1.3064700011941642e-09,True
dnn,0.9,2,4,1.0,8.182261084470007,0.1674010654659931,dnn,0.0,0.884192705154419,1.0227090120315552,0.0,True
dnn,0.9,2,4,0.5,1.643841718255735,0.1674010716251398,dnn,1.2732926217844283e-14,0.00043625017860904336,1.0227090120315552,1.2450194598902601e-14,True
dnn,0.9,2,8,0.5,0.9955047366910889,0.1674025430908258,dnn,0.06011010706424713,0.6583279967308044,1.0227090120315552,0.058775376335876525,True
dnn,0.9,2,2,1.0,1.1005421090383831,0.1674056669217694,dnn,0.8362269401550293,0.7401559948921204,1.0227090120315552,0.8176587184793752,True
dnn,0.9,2,2,1.0,1.817286211563076,0.1674145747117547,dnn,2.6749139792059395e-08,0.7401559948921204,1.0227090120315552,2.6155181461561292e-08,True
dnn,0.9,2,4,0.5,1.2166621504910964,0.1674146127842216,dnn,1.5552359747261768e-13,0.00043625017860904336,1.0227090120315552,1.5207023272795712e-13,True
dnn,0.9,2,8,0.0,2.455349570439492,0.1674146224948116,dnn,1.4210854715202004e-14,0.47000327706336975,1.0227090120315552,1.389530604308739e-14,True
dnn,0.9,2,4,1.0,3.317441949813717,0.1674146233888813,dnn,1.4210854715202004e-14,0.884192705154419,1.0227090120315552,1.389530604308739e-14,True
dnn,0.9,2,4,1.0,1.2166621504910964,0.1674146264932899,dnn,7.628017661964748e-11,0.884192705154419,1.0227090120315552,7.458639331643426e-11,True
dnn,0.9,2,2,0.5,1.4869510248216484,0.1674146286787935,dnn,1.0460068367024178e-09,0.564422070980072,1.0227090120315552,1.0227805019773736e-09,True
dnn,0.9,2,8,1.0,4.955148403871969,0.1674146293493457,dnn,0.0,0.9332206845283508,1.0227090120315552,0.0,True
dnn,0.9,2,2,1.0,2.221007363126434,0.1674146293493457,dnn,1.8883383897348727e-13,0.7401559948921204,1.0227090120315552,1.8464082818472405e-13,True
dnn,0.9,2,2,1.0,8.182261084470007,0.1674146303427565,dnn,1.4210854715202004e-14,0.7401559948921204,1.0227090120315552,1.389530604308739e-14,True
dnn,0.9,2,8,0.0,1.817286211563076,0.1674146311871556,dnn,4.672529182146723e-14,0.47000327706336975,1.0227090120315552,4.568776775385015e-14,True
dnn,0.9,2,8,0.5,1.3450342120312204,0.1674166485695919,dnn,1.3955517630392933e-08,0.6583279967308044,1.0227090120315552,1.3645638657931708e-08,True
dnn,0.9,2,8,1.0,6.055964668833263,0.1674392962379279,dnn,1.4210854715202004e-14,0.9332206845283508,1.0227090120315552,1.389530604308739e-14,True
dnn,0.9,2,8,0.0,3.000820366267417,0.1674393073641282,dnn,1.4210854715202004e-14,0.47000327706336975,1.0227090120315552,1.389530604308739e-14,True
dnn,0.9,2,8,0.0,2.714417616594908,0.1674579005215913,dnn,1.4210854715202004e-14,0.47000327706336975,1.0227090120315552,1.389530604308739e-14,True
dnn,0.9,2,2,1.0,6.055964668833263,0.1674579122935086,dnn,1.4210854715202004e-14,0.7401559948921204,1.0227090120315552,1.389530604308739e-14,True
dnn,0.9,2,2,0.5,3.000820366267417,0.1674579162671516,dnn,0.0,0.564422070980072,1.0227090120315552,0.0,True
dnn,0.9,2,2,0.5,1.817286211563076,0.1674579172605624,dnn,9.56617922896752e-13,0.564422070980072,1.0227090120315552,9.353764478876382e-13,True
dnn,0.9,2,2,0.5,0.6664844128899691,0.1674579768652071,dnn,0.44105449318885803,0.564422070980072,1.0227090120315552,0.4312609823518887,True
dnn,0.9,2,8,1.0,8.182261084470007,0.1674611248470445,dnn,0.0,0.9332206845283508,1.0227090120315552,0.0,True
dnn,0.9,2,4,0.0,2.714417616594908,0.1674611367183029,dnn,1.4210854715202004e-14,2.14845252699547e-09,1.0227090120315552,1.389530604308739e-14,True
dnn,0.9,2,2,0.5,2.0090311238977194,0.167461148837914,dnn,4.8544278135036895e-14,0.564422070980072,1.0227090120315552,4.746636390600133e-14,True
dnn,0.9,2,4,0.0,1.643841718255735,0.1674611541774968,dnn,0.0,2.14845252699547e-09,1.0227090120315552,0.0,True
dnn,0.9,2,4,0.0,3.000820366267417,0.1674611543761789,dnn,1.4210854715202004e-14,2.14845252699547e-09,1.0227090120315552,1.389530604308739e-14,True
dnn,0.9,2,2,0.5,4.955148403871969,0.1674611546493669,dnn,1.4210854715202004e-14,0.564422070980072,1.0227090120315552,1.389530604308739e-14,True
dnn,0.9,2,4,0.0,0.6664844128899691,0.1674614267942408,dnn,1.8098944652017446e-13,2.14845252699547e-09,1.0227090120315552,1.769706186128632e-13,True
dnn,0.9,1,8,1.0,3.667470807015676,0.1674690582714256,dnn,0.597817599773407,0.7512694597244263,1.0227090120315552,0.584543201184739,True
dnn,0.9,2,2,1.0,4.482221685612751,0.1674740224752897,dnn,0.0,0.7401559948921204,1.0227090120315552,0.0,True
dnn,0.9,2,4,1.0,1.3450342120312204,0.167474030546752,dnn,6.979064461759554e-12,0.884192705154419,1.0227090120315552,6.824095983955423e-12,True
dnn,0.9,2,8,1.0,9.045585157672232,0.1674740731392378,dnn,1.4210854715202004e-14,0.9332206845283508,1.0227090120315552,1.389530604308739e-14,True
dnn,0.9,2,2,1.0,0.9955047366910889,0.1674740903749142,dnn,0.9714375138282776,0.7401559948921204,1.0227090120315552,0.9498669733031593,True
dnn,0.9,2,2,0.5,7.4013339421880975,0.1674740940008634,dnn,0.0,0.564422070980072,1.0227090120315552,0.0,True
dnn,0.9,2,2,0.0,6.69493964544323,0.1674740940008634,dnn,1.4210854715202004e-14,0.34571635723114014,1.0227090120315552,1.389530604308739e-14,True
dnn,0.9,2,2,0.5,1.3450342120312204,0.167474095441309,dnn,3.0562449637727696e-07,0.564422070980072,1.0227090120315552,2.988381766287272e-07,True
dnn,0.9,2,4,0.5,1.3450342120312204,0.1674741234554921,dnn,3.757350062593562e-14,0.00043625017860904336,1.0227090120315552,3.673918992001247e-14,True
dnn,0.9,2,8,1.0,2.221007363126434,0.1674763855210806,dnn,6.821210534347505e-14,0.9332206845283508,1.0227090120315552,6.669747165713877e-14,True
dnn,0.9,2,8,1.0,2.0090311238977194,0.167479330412732,dnn,3.6219488779715148e-12,0.9332206845283508,1.0227090120315552,3.5415243586997563e-12,True
dnn,0.9,2,4,0.5,3.317441949813717,0.1674794015161062,dnn,0.0,0.00043625017860904336,1.0227090120315552,0.0,True
dnn,0.9,2,4,1.0,2.221007363126434,0.1674794047695264,dnn,1.4210854715202004e-14,0.884192705154419,1.0227090120315552,1.389530604308739e-14,True
dnn,0.9,2,2,0.0,3.317441949813717,0.1674853399072164,dnn,1.4210854715202004e-14,0.34571635723114014,1.0227090120315552,1.389530604308739e-14,True
dnn,0.9,2,2,0.0,1.643841718255735,0.1674853553547536,dnn,4.0392933138913567e-13,0.34571635723114014,1.0227090120315552,3.949601760003584e-13,True
dnn,0.9,2,4,1.0,1.4869510248216484,0.1674907023605803,dnn,6.866116833079139e-13,0.884192705154419,1.0227090120315552,6.713656330689778e-13,True
dnn,0.9,2,2,0.0,0.4932873707061831,0.1674907713529566,dnn,0.5716729760169983,0.34571635723114014,1.0227090120315552,0.5589791126230533,True
dnn,0.9,2,8,1.0,2.714417616594908,0.1674907717751562,dnn,4.2632565839671906e-15,0.9332206845283508,1.0227090120315552,4.168591978571173e-15,True
dnn,0.9,2,2,0.0,0.6028741513057392,0.1674916932071775,dnn,0.38350483775138855,0.34571635723114014,1.0227090120315552,0.3749892034192378,True
dnn,0.9,2,8,0.5,4.054431795277528,0.1675310097984725,dnn,1.4210854715202004e-14,0.6583279967308044,1.0227090120315552,1.389530604308739e-14,True
dnn,0.9,2,4,0.0,1.817286211563076,0.1675310102951779,dnn,0.0,2.14845252699547e-09,1.0227090120315552,0.0,True
dnn,0.9,2,4,0.5,9.045585157672232,0.1675310127787047,dnn,1.4210854715202004e-14,0.00043625017860904336,1.0227090120315552,1.389530604308739e-14,True
dnn,0.9,2,4,0.0,0.4462072918927006,0.1675491948323547,dnn,2.0251036091101238e-12,2.14845252699547e-09,1.0227090120315552,1.9801366618324472e-12,True
dnn,0.9,2,4,0.0,0.7368062997280775,0.1675514946988429,dnn,8.674305848263564e-14,2.14845252699547e-09,1.0227090120315552,8.48169493591587e-14,True
dnn,0.9,2,4,0.0,1.4869510248216484,0.1675515185407008,dnn,1.4210854715202004e-14,2.14845252699547e-09,1.0227090120315552,1.389530604308739e-14,True
dnn,0.9,2,4,0.0,4.482221685612751,0.1675515238802836,dnn,1.4210854715202004e-14,2.14845252699547e-09,1.0227090120315552,1.389530604308739e-14,True
dnn,0.9,2,4,0.0,9.045585157672232,0.1675515238802836,dnn,1.4210854715202004e-14,2.14845252699547e-09,1.0227090120315552,1.389530604308739e-14,True
dnn,0.9,2,4,0.0,5.477974412378556,0.1675515238802836,dnn,1.4210854715202004e-14,2.14845252699547e-09,1.0227090120315552,1.389530604308739e-14,True
dnn,0.9,2,8,0.0,5.477974412378556,0.1675515239299541,dnn,0.0,0.47000327706336975,1.0227090120315552,0.0,True
dnn,0.9,2,8,0.0,4.955148403871969,0.1675515239299541,dnn,0.0,0.47000327706336975,1.0227090120315552,0.0,True
dnn,0.9,2,8,0.0,9.045585157672232,0.1675515239299541,dnn,0.0,0.47000327706336975,1.0227090120315552,0.0,True
dnn,0.9,2,4,0.5,8.182261084470007,0.1675525587137073,dnn,1.4210854715202004e-14,0.00043625017860904336,1.0227090120315552,1.389530604308739e-14,True
dnn,0.9,2,4,0.0,3.317441949813717,0.1675525587137073,dnn,1.4210854715202004e-14,2.14845252699547e-09,1.0227090120315552,1.389530604308739e-14,True
dnn,0.9,2,4,1.0,9.045585157672232,0.1675530882208427,dnn,0.0,0.884192705154419,1.0227090120315552,0.0,True
dnn,0.9,2,8,0.0,4.054431795277528,0.1675530882208427,dnn,1.4210854715202004e-14,0.47000327706336975,1.0227090120315552,1.389530604308739e-14,True
dnn,0.9,2,2,0.0,5.477974412378556,0.1675530986516556,dnn,0.0,0.34571635723114014,1.0227090120315552,0.0,True
dnn,0.9,2,4,0.0,3.667470807015676,0.1675532882806757,dnn,1.4210854715202004e-14,2.14845252699547e-09,1.0227090120315552,1.389530604308739e-14,True
dnn,0.9,2,2,0.5,0.8145479666433055,0.1675696941245477,dnn,0.37612056732177734,0.564422070980072,1.0227090120315552,0.3677688989702306,True
dnn,0.9,2,8,0.5,3.317441949813717,0.167569712179788,dnn,1.4210854715202004e-14,0.6583279967308044,1.0227090120315552,1.389530604308739e-14,True
dnn,0.9,2,4,0.5,2.714417616594908,0.1675697122791291,dnn,1.4210854715202004e-14,0.00043625017860904336,1.0227090120315552,1.389530604308739e-14,True
dnn,0.9,2,2,1.0,5.477974412378556,0.1675697298128288,dnn,1.4210854715202004e-14,0.7401559948921204,1.0227090120315552,1.389530604308739e-14,True
dnn,0.9,2,2,0.0,0.2211023350218148,0.1675697298128288,dnn,0.3005504310131073,0.34571635723114014,1.0227090120315552,0.2938767796873916,True
dnn,0.9,2,2,0.0,4.482221685612751,0.1675697298128288,dnn,0.0,0.34571635723114014,1.0227090120315552,0.0,True
dnn,0.9,2,8,0.5,8.182261084470007,0.1675697298624993,dnn,1.4210854715202004e-14,0.6583279967308044,1.0227090120315552,1.389530604308739e-14,True
dnn,0.9,2,2,1.0,2.714417616594908,0.1675697298624993,dnn,1.4210854715202004e-14,0.7401559948921204,1.0227090120315552,1.389530604308739e-14,True
dnn,0.9,2,2,1.0,7.4013339421880975,0.1675716989764453,dnn,0.0,0.7401559948921204,1.0227090120315552,0.0,True
dnn,0.9,2,8,0.5,5.477974412378556,0.1675777996856849,dnn,1.4210854715202004e-14,0.6583279967308044,1.0227090120315552,1.389530604308739e-14,True
dnn,0.9,2,8,1.0,3.317441949813717,0.1676028068758149,dnn,1.4210854715202004e-14,0.9332206845283508,1.0227090120315552,1.389530604308739e-14,True
dnn,0.9,2,4,0.0,4.054431795277528,0.1676028217769761,dnn,1.4210854715202004e-14,2.14845252699547e-09,1.0227090120315552,1.389530604308739e-14,True
dnn,0.9,2,2,0.0,1.3450342120312204,0.1676028272158999,dnn,6.648673278597528e-11,0.34571635723114014,1.0227090120315552,6.501041058971705e-11,True
dnn,0.9,2,2,0.0,8.182261084470007,0.1676028277374406,dnn,1.4210854715202004e-14,0.34571635723114014,1.0227090120315552,1.389530604308739e-14,True
dnn,0.9,2,2,0.0,0.4036206056789731,0.1676028281596401,dnn,0.32960671186447144,0.34571635723114014,1.0227090120315552,0.32228787268602027,True
dnn,0.9,2,8,0.0,0.8145479666433055,0.1676179813870669,dnn,6.758022209396586e-06,0.47000327706336975,1.0227090120315552,6.607961922592377e-06,True
dnn,0.9,2,8,0.0,3.667470807015676,0.1676180662988504,dnn,1.4210854715202004e-14,0.47000327706336975,1.0227090120315552,1.389530604308739e-14,True
dnn,0.9,2,4,1.0,4.054431795277528,0.1676180843540907,dnn,1.4210854715202004e-14,0.884192705154419,1.0227090120315552,1.389530604308739e-14,True
dnn,0.9,2,2,1.0,2.0090311238977194,0.1676180845031024,dnn,1.9494393946328792e-11,0.7401559948921204,1.0227090120315552,1.906152553364544e-11,True
dnn,0.9,2,2,0.5,0.900492287060531,0.1676180845527729,dnn,0.37208274006843567,0.564422070980072,1.0227090120315552,0.36382073071724846,True
dnn,0.9,1,2,1.0,4.955148403871969,0.1676182165816406,dnn,0.7418630719184875,1.0227090120315552,1.0227090120315552,0.7253901776467359,True
dnn,0.9,2,4,1.0,2.0090311238977194,0.167661473939528,dnn,1.3528734000580432e-14,0.884192705154419,1.0227090120315552,1.3228331657805916e-14,True
dnn,0.9,2,8,0.5,2.0090311238977194,0.1676614820606609,dnn,4.251887877155733e-14,0.6583279967308044,1.0227090120315552,4.157475711208989e-14,True
dnn,0.9,2,8,1.0,2.455349570439492,0.1676615370956162,dnn,1.2562395615672416e-14,0.9332206845283508,1.0227090120315552,1.2283450588469841e-14,True
dnn,0.9,2,8,0.5,4.955148403871969,0.1676615490165452,dnn,0.0,0.6583279967308044,1.0227090120315552,0.0,True
dnn,0.9,2,8,0.0,1.643841718255735,0.1676615591493347,dnn,4.928324458600142e-13,0.47000327706336975,1.0227090120315552,4.818892178147816e-13,True
dnn,0.9,2,2,1.0,1.3450342120312204,0.1676615637686947,dnn,0.9697837233543396,0.7401559948921204,1.0227090120315552,0.9482499048560427,True
dnn,0.9,2,2,0.5,2.455349570439492,0.167661566848268,dnn,0.0,0.564422070980072,1.0227090120315552,0.0,True
dnn,0.9,2,2,0.5,4.054431795277528,0.1676615668979386,dnn,1.4210854715202004e-14,0.564422070980072,1.0227090120315552,1.389530604308739e-14,True
dnn,0.9,2,2,0.0,2.455349570439492,0.1676615698285003,dnn,0.0,0.34571635723114014,1.0227090120315552,0.0,True
dnn,0.9,2,2,1.0,6.69493964544323,0.1676663687853893,dnn,0.0,0.7401559948921204,1.0227090120315552,0.0,True
dnn,0.9,1,8,1.0,4.955148403871969,0.1679248100269292,dnn,0.7981962561607361,0.7512694597244263,1.0227090120315552,0.7804724968397053,True
dnn,0.9,1,4,1.0,5.477974412378556,0.1679503710597924,dnn,0.8232089877128601,0.8042474985122681,1.0227090120315552,0.804929826596131,True
dnn,0.9,1,2,1.0,4.482221685612751,0.1683940660237683,dnn,0.6915299892425537,1.0227090120315552,1.0227090120315552,0.6761747291821233,True
dnn,0.9,1,2,0.0,5.477974412378556,0.1684022479998092,dnn,0.2969608008861542,0.31752580404281616,1.0227090120315552,0.29036685644947813,True
dnn,0.9,2,2,0.0,0.3650984560060393,0.1686160388136441,dnn,0.45666930079460144,0.34571635723114014,1.0227090120315552,0.44652906684321964,True
dnn,0.9,1,4,0.5,4.482221685612751,0.1686511724269498,dnn,0.8466359972953796,0.7439354062080383,1.0227090120315552,0.8278366449647137,True
dnn,0.9,1,4,0.0,4.482221685612751,0.1686613312960974,dnn,0.5348448157310486,0.88570237159729,1.0227090120315552,0.522968712936839,True
dnn,0.9,1,8,0.0,8.182261084470007,0.168797888478014,dnn,0.4039871394634247,0.8969295620918274,1.0227090120315552,0.395016700460013,True
dnn,0.9,1,2,0.0,4.054431795277528,0.1691766528622589,dnn,0.29821494221687317,0.31752580404281616,1.0227090120315552,0.29159314986819723,True
dnn,0.9,1,2,0.5,3.667470807015676,0.1693614433852411,dnn,0.8970209956169128,0.7834393382072449,1.0227090120315552,0.8771028563002784,True
dnn,0.9,1,2,1.0,4.054431795277528,0.1697733068727938,dnn,0.8882985711097717,1.0227090120315552,1.0227090120315552,0.8685741111689389,True
dnn,0.9,1,4,0.0,5.477974412378556,0.1698065828154787,dnn,0.5312964916229248,0.88570237159729,1.0227090120315552,0.5194991785273638,True
dnn,0.9,1,8,1.0,4.054431795277528,0.1698536318416025,dnn,0.591974675655365,0.7512694597244263,1.0227090120315552,0.5788300178165438,True
dnn,0.9,1,8,0.0,6.055964668833263,0.1700677141097434,dnn,0.585429310798645,0.8969295620918274,1.0227090120315552,0.572429991240345,True
dnn,0.9,1,4,1.0,6.055964668833263,0.1704945566197283,dnn,0.5435501933097839,0.8042474985122681,1.0227090120315552,0.5314807896627912,True
dnn,0.9,1,8,0.0,6.69493964544323,0.1705407681425054,dnn,0.6421265602111816,0.8969295620918274,1.0227090120315552,0.6278682916224945,True
dnn,0.9,1,2,1.0,5.477974412378556,0.1709605763258656,dnn,0.8032622933387756,1.0227090120315552,1.0227090120315552,0.7854260438588874,True
dnn,0.9,1,8,0.5,3.317441949813717,0.1715682819049874,dnn,0.6008094549179077,0.8261436820030212,1.0227090120315552,0.5874686228924813,True
dnn,0.9,2,4,0.0,0.2,0.1716747875320452,dnn,8.790402433733746e-11,2.14845252699547e-09,1.0227090120315552,8.595213624129601e-11,True
dnn,0.9,1,4,1.0,4.482221685612751,0.1717624840540303,dnn,0.6139999628067017,0.8042474985122681,1.0227090120315552,0.6003662386694183,True
dnn,0.9,1,2,1.0,3.317441949813717,0.172031096499052,dnn,0.9729740023612976,1.0227090120315552,1.0227090120315552,0.9513693444712473,True
dnn,0.9,1,4,0.5,3.317441949813717,0.1722644856689144,dnn,0.5874674320220947,0.7439354062080383,1.0227090120315552,0.5744228564634656,True
dnn,0.9,1,2,0.5,2.221007363126434,0.1724235490472007,dnn,0.5392411947250366,0.7834393382072449,1.0227090120315552,0.5272674713737622,True
dnn,0.9,1,4,0.0,6.055964668833263,0.1726728351822171,dnn,0.5169827938079834,0.88570237159729,1.0227090120315552,0.5055033129912736,True
dnn,0.9,1,8,0.0,4.955148403871969,0.1736405567951144,dnn,0.7075873017311096,0.8969295620918274,1.0227090120315552,0.6918754928398708,True
dnn,0.9,1,2,0.5,3.000820366267417,0.1739177329726137,dnn,0.4973684251308441,0.7834393382072449,1.0227090120315552,0.4863244767373753,True
dnn,0.9,1,4,1.0,3.000820366267417,0.1739538439175325,dnn,0.5839412808418274,0.8042474985122681,1.0227090120315552,0.5709750026372215,True
dnn,0.9,1,2,0.5,2.0090311238977194,0.1743118068555509,dnn,0.511698842048645,0.7834393382072449,1.0227090120315552,0.5003366901325954,True
dnn,0.9,1,2,1.0,3.667470807015676,0.1744454966117691,dnn,0.6230053901672363,1.0227090120315552,1.0227090120315552,0.6091717026426416,True
dnn,0.9,1,4,0.0,4.955148403871969,0.1748079737459057,dnn,0.849825382232666,0.88570237159729,1.0227090120315552,0.8309552103628526,True
dnn,0.9,1,4,0.5,4.955148403871969,0.1748388341975367,dnn,0.5441883206367493,0.7439354062080383,1.0227090120315552,0.5321047475231974,True
dnn,0.9,1,2,0.5,4.054431795277528,0.1750305741125929,dnn,0.7988488078117371,0.7834393382072449,1.0227090120315552,0.7811105587354392,True
dnn,0.9,1,4,0.5,3.667470807015676,0.1752734528276308,dnn,0.6487275958061218,0.7439354062080383,1.0227090120315552,0.6343227527813216,True
dnn,0.9,1,8,0.5,3.667470807015676,0.1753124774959846,dnn,0.5844162106513977,0.8261436820030212,1.0227090120315552,0.5714393867425565,True
dnn,0.9,1,4,1.0,2.714417616594908,0.1753724045258231,dnn,0.6605764627456665,0.8042474985122681,1.0227090120315552,0.6459085184293699,True
dnn,0.9,1,4,1.0,2.455349570439492,0.1754433328688825,dnn,0.6773256063461304,0.8042474985122681,1.0227090120315552,0.6622857512526074,True
dnn,0.9,1,8,1.0,3.000820366267417,0.1754711943692456,dnn,0.7741749286651611,0.7512694597244263,1.0227090120315552,0.7569845572469389,True
dnn,0.9,1,2,1.0,3.000820366267417,0.1759198129299534,dnn,0.657988429069519,1.0227090120315552,1.0227090120315552,0.6433779514296655,True
dnn,0.9,1,4,1.0,2.0090311238977194,0.1759806063544259,dnn,0.5909717082977295,0.8042474985122681,1.0227090120315552,0.5778493211121672,True
dnn,0.9,1,8,1.0,3.317441949813717,0.1763862244472935,dnn,0.9266087412834167,0.7512694597244263,1.0227090120315552,0.9060336130633674,True
dnn,0.9,1,2,0.5,3.317441949813717,0.1764004055820909,dnn,0.827105700969696,0.7834393382072449,1.0227090120315552,0.8087400142555663,True
dnn,0.9,1,4,1.0,3.667470807015676,0.1767797331624809,dnn,0.8832000494003296,0.8042474985122681,1.0227090120315552,0.8635888009297007,True
dnn,0.9,1,2,0.5,1.817286211563076,0.1770926930474527,dnn,0.610377311706543,0.7834393382072449,1.0227090120315552,0.5968240276812091,True
dnn,0.9,1,4,0.0,4.054431795277528,0.1771816527043695,dnn,0.5380643606185913,0.88570237159729,1.0227090120315552,0.526116768590663,True
dnn,0.9,1,4,1.0,3.317441949813717,0.177265014142589,dnn,0.7448111176490784,0.8042474985122681,1.0227090120315552,0.7282727627182556,True
dnn,0.9,1,2,1.0,2.221007363126434,0.1779456893958278,dnn,0.9878491163253784,1.0227090120315552,1.0227090120315552,0.9659141600435011,True
dnn,0.9,1,4,0.5,2.0090311238977194,0.1783388491929509,dnn,0.6651076674461365,0.7439354062080383,1.0227090120315552,0.6503391087998107,True
dnn,0.9,1,8,1.0,2.221007363126434,0.1783507985869415,dnn,0.5626359581947327,0.7512694597244263,1.0227090120315552,0.5501427596468396,True
dnn,0.9,1,4,0.5,2.455349570439492,0.1785702924051316,dnn,0.6279049515724182,0.7439354062080383,1.0227090120315552,0.6139624704441781,True
dnn,0.9,1,8,0.5,2.221007363126434,0.178610799065565,dnn,0.6814498901367188,0.8261436820030212,1.0227090120315552,0.6663184562958491,True
dnn,0.9,1,8,0.5,4.054431795277528,0.1787564711034888,dnn,0.5648188591003418,0.8261436820030212,1.0227090120315552,0.5522771897534766,True
dnn,0.9,1,8,1.0,2.714417616594908,0.1797344707697122,dnn,0.5892489552497864,0.7512694597244263,1.0227090120315552,0.5761648213887113,True
dnn,0.9,1,2,1.0,2.714417616594908,0.1799406733612386,dnn,0.6073384881019592,1.0227090120315552,1.0227090120315552,0.5938526804369454,True
dnn,0.9,2,8,1.0,1.643841718255735,0.1802929763424073,dnn,9.105156664190872e-07,0.9332206845283508,1.0227090120315552,8.902978811249526e-07,True
dnn,0.9,1,2,0.0,3.000820366267417,0.1810461840525669,dnn,0.4747409522533417,0.31752580404281616,1.0227090120315552,0.46419944155013837,True
dnn,0.9,1,8,1.0,2.0090311238977194,0.1810467448489985,dnn,0.6871531009674072,0.7512694597244263,1.0227090120315552,0.6718950286772338,True
dnn,0.9,1,2,1.0,2.455349570439492,0.1811983422005199,dnn,0.7219719886779785,1.0227090120315552,1.0227090120315552,0.705940771210983,True
dnn,0.9,1,8,0.5,2.714417616594908,0.1813267276097243,dnn,1.0534987449645996,0.8261436820030212,1.0227090120315552,1.0,True
dnn,0.9,2,8,1.0,1.3450342120312204,0.1813567923851248,dnn,0.6129435896873474,0.9332206845283508,1.0227090120315552,0.5993333220656467,True
dnn,0.9,1,2,1.0,1.4869510248216484,0.181567222773102,dnn,0.9431539177894592,1.0227090120315552,1.0227090120315552,0.9222114078333346,True
dnn,0.9,1,8,0.5,2.455349570439492,0.1816454552457157,dnn,0.6268711686134338,0.8261436820030212,1.0227090120315552,0.6129516423916015,True
dnn,0.9,1,4,0.5,3.000820366267417,0.1818389157031389,dnn,0.6221867203712463,0.7439354062080383,1.0227090120315552,0.6083712112160884,True
dnn,0.9,1,4,0.5,2.714417616594908,0.1819975875365688,dnn,0.7194575667381287,0.7439354062080383,1.0227090120315552,0.7034821814163599,True
dnn,0.9,1,8,1.0,1.817286211563076,0.1823840170039846,dnn,0.8804454207420349,0.7512694597244263,1.0227090120315552,0.8608953381500751,True
dnn,0.9,1,4,1.0,2.221007363126434,0.182489829251953,dnn,0.9581781625747681,0.8042474985122681,1.0227090120315552,0.9369020428121582,True
dnn,0.9,1,4,1.0,1.643841718255735,0.1826783168077331,dnn,0.7400843501091003,0.8042474985122681,1.0227090120315552,0.7236509519349629,True
dnn,0.9,1,8,1.0,2.455349570439492,0.1827741303281063,dnn,0.5921121835708618,0.7512694597244263,1.0227090120315552,0.5789644724012586,True
dnn,0.9,1,8,1.0,1.2166621504910964,0.1830025608259992,dnn,0.8816429972648621,0.7512694597244263,1.0227090120315552,0.8620663227691,True
dnn,0.9,1,8,1.0,1.643841718255735,0.1831362431533116,dnn,0.990928590297699,0.7512694597244263,1.0227090120315552,0.9689252550236883,True
dnn,0.9,1,8,0.5,1.643841718255735,0.1838963299309825,dnn,1.1141481399536133,0.8261436820030212,1.0227090120315552,1.0,True
dnn,0.9,1,8,0.5,3.000820366267417,0.1840238939561772,dnn,0.5947120189666748,0.8261436820030212,1.0227090120315552,0.5815065790662313,True
dnn,0.9,1,2,1.0,2.0090311238977194,0.1844267707298812,dnn,0.815625011920929,1.0227090120315552,1.0227090120315552,0.7975142511952005,True
dnn,0.9,1,4,1.0,1.817286211563076,0.1844316137587777,dnn,0.9129022359848022,0.8042474985122681,1.0227090120315552,0.8926314574772077,True
dnn,0.9,1,2,0.0,4.482221685612751,0.1844382479239867,dnn,0.4344368875026703,0.31752580404281616,1.0227090120315552,0.424790319036776,True
dnn,0.9,1,2,0.0,2.221007363126434,0.1846058428039607,dnn,0.35441863536834717,0.31752580404281616,1.0227090120315552,0.3465488532894748,True
dnn,0.9,1,2,0.0,2.455349570439492,0.1847282646609335,dnn,0.3180282413959503,0.31752580404281616,1.0227090120315552,0.31096649941922844,True
dnn,0.9,2,8,1.0,1.2166621504910964,0.184987760214929,dnn,0.9741327166557312,0.9332206845283508,1.0227090120315552,0.9525023297884803,True
dnn,0.9,1,2,1.0,1.817286211563076,0.1852568490370716,dnn,1.0283429622650146,1.0227090120315552,1.0227090120315552,1.0,True
dnn,0.9,1,2,0.0,1.817286211563076,0.1853032387281961,dnn,0.6687968969345093,0.31752580404281616,1.0227090120315552,0.6539464198188506,True
dnn,0.9,1,8,1.0,1.4869510248216484,0.1861051029786371,dnn,1.0174726247787476,0.7512694597244263,1.0227090120315552,0.9948798854892206,True
dnn,0.9,1,4,0.0,3.667470807015676,0.1861076418270536,dnn,0.6251277327537537,0.88570237159729,1.0227090120315552,0.6112469191133574,True
dnn,0.9,1,2,1.0,1.1005421090383831,0.18626221689898,dnn,0.7826846837997437,1.0227090120315552,1.0227090120315552,0.7653053552789014,True
dnn,0.9,1,8,0.5,2.0090311238977194,0.1866023074651729,dnn,0.8207667469978333,0.8261436820030212,1.0227090120315552,0.802541815259284,True
dnn,0.9,1,4,1.0,1.2166621504910964,0.1866673899198588,dnn,0.6645097732543945,0.8042474985122681,1.0227090120315552,0.649754490707364,True
dnn,0.9,1,4,1.0,1.4869510248216484,0.186800131077666,dnn,0.6124111413955688,0.8042474985122681,1.0227090120315552,0.5988126966624141,True
dnn,0.9,1,2,0.0,4.955148403871969,0.1868377211908213,dnn,0.41381725668907166,0.31752580404281616,1.0227090120315552,0.4046285422546991,True
dnn,0.9,2,2,0.5,0.2702215594677964,0.1870901265102598,dnn,0.8943551182746887,0.564422070980072,1.0227090120315552,0.8744961741347145,True
dnn,0.9,1,2,1.0,1.2166621504910964,0.1871145859953592,dnn,0.9642235636711121,1.0227090120315552,1.0227090120315552,0.9428132072051805,True
dnn,0.9,1,4,0.5,0.9955047366910889,0.1878029014435977,dnn,0.6705828905105591,0.7439354062080383,1.0227090120315552,0.6556927558294251,True
dnn,0.9,1,2,0.0,2.0090311238977194,0.1878150202659776,dnn,0.45059534907341003,0.31752580404281616,1.0227090120315552,0.4405899857852305,True
dnn,0.9,1,4,0.5,1.643841718255735,0.1878532308011973,dnn,0.6572051048278809,0.7439354062080383,1.0227090120315552,0.6426120207177788,True
dnn,0.9,1,8,0.0,4.054431795277528,0.1880125418138399,dnn,0.535521388053894,0.8969295620918274,1.0227090120315552,0.5236302621310731,True
dnn,0.9,1,2,0.5,2.714417616594908,0.1884514184805089,dnn,0.8465998768806458,0.7834393382072449,1.0227090120315552,0.8278013265952567,True
dnn,0.9,1,2,1.0,1.643841718255735,0.1884707251756414,dnn,0.9344786405563354,1.0227090120315552,1.0227090120315552,0.9137287630819299,True
dnn,0.9,2,8,1.0,1.4869510248216484,0.188476309924658,dnn,0.5942949056625366,0.9332206845283508,1.0227090120315552,0.5810987276644825,True
dnn,0.9,1,8,0.5,1.817286211563076,0.1885076125551087,dnn,0.8020268678665161,0.8261436820030212,1.0227090120315552,0.7842180507174117,True
dnn,0.9,1,4,0.5,2.221007363126434,0.1887661370339102,dnn,0.6796846389770508,0.7439354062080383,1.0227090120315552,0.6645924021212003,True
dnn,0.9,1,4,1.0,1.3450342120312204,0.1890422315757264,dnn,0.7685872316360474,0.8042474985122681,1.0227090120315552,0.7515209337104511,True
dnn,0.9,1,2,0.5,1.1005421090383831,0.1892587091985609,dnn,0.6770790815353394,0.7834393382072449,1.0227090120315552,0.6620447004670068,True
dnn,0.9,1,2,0.5,1.2166621504910964,0.189301962102098,dnn,0.640213668346405,0.7834393382072449,1.0227090120315552,0.6259978750697188,True
dnn,0.9,1,4,0.5,1.817286211563076,0.1899222188776689,dnn,0.6552615165710449,0.7439354062080383,1.0227090120315552,0.6407115893790786,True
dnn,0.9,1,2,0.5,0.4932873707061831,0.1901132471778904,dnn,0.6842980980873108,0.7834393382072449,1.0227090120315552,0.6691034204616915,True
dnn,0.9,1,2,1.0,0.9955047366910889,0.1903655686942637,dnn,1.1115734577178955,1.0227090120315552,1.0227090120315552,1.0,True
dnn,0.9,1,2,1.0,1.3450342120312204,0.1907069293835312,dnn,0.7075108885765076,1.0227090120315552,1.0227090120315552,0.6918007764213167,True
dnn,0.9,1,4,1.0,0.8145479666433055,0.190796582836609,dnn,0.672608494758606,0.8042474985122681,1.0227090120315552,0.657673382013625,True
dnn,0.9,2,8,1.0,0.9955047366910889,0.1908409083156491,dnn,0.9203121066093445,0.9332206845283508,1.0227090120315552,0.8998767936748647,True
dnn,0.9,2,4,1.0,0.8145479666433055,0.1908772163367786,dnn,0.004630897659808397,0.884192705154419,1.0227090120315552,0.004528069671166165,True
dnn,0.9,1,8,0.0,4.482221685612751,0.1909089993294103,dnn,0.6575061082839966,0.8969295620918274,1.0227090120315552,0.6429063404632535,True
dnn,0.9,2,8,1.0,0.900492287060531,0.191020773263213,dnn,0.855739951133728,0.9332206845283508,1.0227090120315552,0.8367384476585844,True
dnn,0.9,2,8,1.0,0.8145479666433055,0.191056109366232,dnn,0.9322652816772461,0.9332206845283508,1.0227090120315552,0.9115645513139191,True
dnn,0.9,1,8,0.5,0.7368062997280775,0.1911367978191816,dnn,0.7533179521560669,0.8261436820030212,1.0227090120315552,0.73659070497447,True
dnn,0.9,1,8,1.0,1.3450342120312204,0.1912409741329074,dnn,1.1385493278503418,0.7512694597244263,1.0227090120315552,1.0,True
dnn,0.9,2,8,1.0,1.1005421090383831,0.1912509099195831,dnn,0.7046550512313843,0.9332206845283508,1.0227090120315552,0.6890083522698464,True
dnn,0.9,1,4,0.5,1.2166621504910964,0.1912839516943737,dnn,0.7125398516654968,0.7439354062080383,1.0227090120315552,0.6967180725728384,True
dnn,0.9,1,8,1.0,0.8145479666433055,0.191317032096017,dnn,0.7278674244880676,0.7512694597244263,1.0227090120315552,0.7117053002615075,True
dnn,0.9,1,4,1.0,0.900492287060531,0.1913540045802709,dnn,0.6594992876052856,0.8042474985122681,1.0227090120315552,0.6448552617085349,True
dnn,0.9,1,2,0.5,0.5453349474995434,0.1914429756905266,dnn,0.6588688492774963,0.7834393382072449,1.0227090120315552,0.6442388221148942,True
dnn,0.9,2,4,0.5,0.6664844128899691,0.1914501356200712,dnn,2.0270517209208805e-10,0.00043625017860904336,1.0227090120315552,1.982041516280622e-10,True
dnn,0.9,1,2,1.0,0.900492287060531,0.1916203798775911,dnn,0.7173475623130798,1.0227090120315552,1.0227090120315552,0.7014190291411516,True
dnn,0.9,1,2,1.0,0.8145479666433055,0.1918827952571873,dnn,0.6698375344276428,1.0227090120315552,1.0227090120315552,0.6549639502022647,True
dnn,0.9,1,2,0.5,0.4036206056789731,0.1924259410614376,dnn,0.743085503578186,0.7834393382072449,1.0227090120315552,0.7265854655001891,True
dnn,0.9,1,8,1.0,0.900492287060531,0.1924383551827057,dnn,0.8181300163269043,0.7512694597244263,1.0227090120315552,0.7999636325700641,True
dnn,0.9,1,4,1.0,0.9955047366910889,0.1924541820207445,dnn,0.7971867918968201,0.8042474985122681,1.0227090120315552,0.7794854474913175,True
dnn,0.9,1,8,1.0,0.6664844128899691,0.19247659524103,dnn,0.673359751701355,0.7512694597244263,1.0227090120315552,0.6584079574734194,True
dnn,0.9,1,2,0.5,0.8145479666433055,0.1929532006839882,dnn,1.0346652269363403,0.7834393382072449,1.0227090120315552,1.0,True
dnn,0.9,1,2,0.0,1.3450342120312204,0.1930167585628573,dnn,0.2840895652770996,0.31752580404281616,1.0227090120315552,0.27778142358672614,True
dnn,0.9,1,8,1.0,1.1005421090383831,0.193026771283596,dnn,0.8551485538482666,0.7512694597244263,1.0227090120315552,0.836160182210149,True
dnn,0.9,1,4,0.5,0.900492287060531,0.1939442768083948,dnn,1.1885690689086914,0.7439354062080383,1.0227090120315552,1.0,True
dnn,0.9,1,4,1.0,1.1005421090383831,0.1939548815636822,dnn,1.1108742952346802,0.8042474985122681,1.0227090120315552,1.0,True
dnn,0.9,1,4,0.5,1.1005421090383831,0.1943693494911547,dnn,0.6862542033195496,0.7439354062080383,1.0227090120315552,0.6710160908393125,True
dnn,0.9,1,8,0.5,1.4869510248216484,0.1946541763332075,dnn,0.9667581915855408,0.8261436820030212,1.0227090120315552,0.94529155430549,True
dnn,0.9,1,2,1.0,0.5453349474995434,0.1948092518213122,dnn,0.8522546887397766,1.0227090120315552,1.0227090120315552,0.8333305746928147,True
dnn,0.9,1,8,0.0,3.317441949813717,0.1950024214244811,dnn,0.6284995079040527,0.8969295620918274,1.0227090120315552,0.6145438247929126,True
dnn,0.9,1,8,1.0,0.9955047366910889,0.1954163477112717,dnn,0.7579334378242493,0.7512694597244263,1.0227090120315552,0.7411037048736436,True
dnn,0.9,1,4,1.0,0.6664844128899691,0.1955255121996976,dnn,0.6282317042350769,0.8042474985122681,1.0227090120315552,0.6142819676411467,True
dnn,0.9,2,8,1.0,0.4932873707061831,0.1956075745261118,dnn,1.0068844556808472,0.9332206845283508,1.0227090120315552,0.9845268241850402,True
dnn,0.9,2,2,0.5,0.7368062997280775,0.1956316491186551,dnn,0.37935614585876465,0.564422070980072,1.0227090120315552,0.3709326322501007,True
dnn,0.9,1,8,0.5,1.3450342120312204,0.1956469360950085,dnn,0.6804260611534119,0.8261436820030212,1.0227090120315552,0.6653173611932713,True
dnn,0.9,1,2,0.5,2.455349570439492,0.1961863390939241,dnn,0.5700342655181885,0.7834393382072449,1.0227090120315552,0.5573767893037793,True
dnn,0.9,1,4,0.0,3.000820366267417,0.1962812692863794,dnn,0.6599539518356323,0.88570237159729,1.0227090120315552,0.6452998302270458,True
dnn,0.9,1,4,0.0,3.317441949813717,0.1962877868033269,dnn,0.7184670567512512,0.88570237159729,1.0227090120315552,0.7025136654697663,True
dnn,0.9,1,4,1.0,0.5453349474995434,0.196388646550509,dnn,0.8039535880088806,0.8042474985122681,1.0227090120315552,0.7861019884941378,True
dnn,0.9,1,8,1.0,0.7368062997280775,0.1964415445557707,dnn,1.0585732460021973,0.7512694597244263,1.0227090120315552,1.0,True
dnn,0.9,1,4,0.0,1.3450342120312204,0.196524033244293,dnn,1.3471653461456299,0.88570237159729,1.0227090120315552,1.0,True
dnn,0.9,1,2,1.0,0.7368062997280775,0.1966593723225222,dnn,0.7558017373085022,1.0227090120315552,1.0227090120315552,0.7390193382643061,True
dnn,0.9,1,8,0.5,0.900492287060531,0.1968351046601478,dnn,0.6867035627365112,0.8261436820030212,1.0227090120315552,0.6714554723365666,True
dnn,0.9,1,2,0.0,0.3650984560060393,0.1968387957774283,dnn,0.2770591378211975,0.31752580404281616,1.0227090120315552,0.2709071051117803,True
dnn,0.9,2,8,1.0,0.6028741513057392,0.196844999568223,dnn,0.7236980199813843,0.9332206845283508,1.0227090120315552,0.7076284763970134,True
dnn,0.9,2,4,1.0,0.900492287060531,0.1968474242975451,dnn,2.746458449109923e-06,0.884192705154419,1.0227090120315552,2.6854739880058696e-06,True
dnn,0.9,1,8,0.5,1.2166621504910964,0.1971366212756728,dnn,0.7014504671096802,0.8261436820030212,1.0227090120315552,0.6858749251815894,True
dnn,0.9,2,8,0.5,0.900492287060531,0.1971445068544383,dnn,0.37134355306625366,0.6583279967308044,1.0227090120315552,0.3630979571878419,True
dnn,0.9,1,4,0.5,1.3450342120312204,0.1972407015606598,dnn,1.1215952634811401,0.7439354062080383,1.0227090120315552,1.0,True
dnn,0.9,1,8,0.5,0.9955047366910889,0.1972602018542642,dnn,0.6431918144226074,0.8261436820030212,1.0227090120315552,0.628909892115786,True
dnn,0.9,1,8,1.0,0.5453349474995434,0.1976865738928274,dnn,1.0071203708648682,0.7512694597244263,1.0227090120315552,0.9847575009281271,True
dnn,0.9,1,8,1.0,0.4036206056789731,0.1977228701275503,dnn,0.7148321270942688,0.7512694597244263,1.0227090120315552,0.6989594485671874,True
dnn,0.9,1,4,1.0,0.7368062997280775,0.1978681898261726,dnn,0.780236005783081,0.8042474985122681,1.0227090120315552,0.7629110495791811,True
dnn,0.9,2,8,1.0,0.6664844128899691,0.1978839496956474,dnn,0.7036188840866089,0.9332206845283508,1.0227090120315552,0.687995192971761,True
dnn,0.9,2,8,1.0,0.7368062997280775,0.1980438804175694,dnn,1.0150823593139648,0.9332206845283508,1.0227090120315552,0.9925426953044636,True
dnn,0.9,2,8,1.0,0.5453349474995434,0.1981127643321864,dnn,0.917364239692688,0.9332206845283508,1.0227090120315552,0.8969943834467582,True
dnn,0.9,2,4,1.0,0.4932873707061831,0.1981451994346804,dnn,0.5554686188697815,0.884192705154419,1.0227090120315552,0.5431345693985561,True
dnn,0.9,1,2,1.0,0.4932873707061831,0.1982734310177321,dnn,0.8554530143737793,1.0227090120315552,1.0227090120315552,0.8364578822616112,True
dnn,0.9,1,2,1.0,0.6664844128899691,0.1983344761122367,dnn,0.9193496108055115,1.0227090120315552,1.0227090120315552,0.8989356698629986,True
dnn,0.9,1,2,1.0,0.6028741513057392,0.198375684305068,dnn,0.7378649711608887,1.0227090120315552,1.0227090120315552,0.7214808537720426,True
dnn,0.9,1,4,1.0,0.6028741513057392,0.1984758034844795,dnn,0.7534692287445068,0.8042474985122681,1.0227090120315552,0.7367386225019976,True
dnn,0.9,1,8,1.0,0.6028741513057392,0.1990683665882722,dnn,1.0513514280319214,0.7512694597244263,1.0227090120315552,1.0,True
dnn,0.9,2,4,1.0,0.9955047366910889,0.1990722947250259,dnn,2.0352661778133552e-08,0.884192705154419,1.0227090120315552,1.9900735730981885e-08,True
dnn,0.9,1,4,0.0,1.643841718255735,0.1991582758964212,dnn,0.8276709914207458,0.88570237159729,1.0227090120315552,0.8092927525656813,True
dnn,0.9,1,4,0.5,1.4869510248216484,0.1992005374336435,dnn,0.6496904492378235,0.7439354062080383,1.0227090120315552,0.6352642262800141,True
dnn,0.9,1,8,1.0,0.4932873707061831,0.1992162938534129,dnn,0.8598461747169495,0.7512694597244263,1.0227090120315552,0.8407534935170976,True
dnn,0.9,1,2,0.5,0.9955047366910889,0.19927263443718,dnn,0.8604553937911987,0.7834393382072449,1.0227090120315552,0.8413491850257108,True
dnn,0.9,1,2,0.5,0.4462072918927006,0.1993673937917872,dnn,1.0961625576019287,0.7834393382072449,1.0227090120315552,1.0,True
dnn,0.9,1,4,1.0,0.4462072918927006,0.1995459378451769,dnn,0.716584324836731,0.8042474985122681,1.0227090120315552,0.7006727391726759,True
dnn,0.9,2,8,1.0,0.4036206056789731,0.1996630568333312,dnn,0.9356844425201416,0.9332206845283508,1.0227090120315552,0.9149077904979599,True
dnn,0.9,1,2,1.0,0.2702215594677964,0.1998595529218708,dnn,0.7902052998542786,1.0227090120315552,1.0227090120315552,0.772658977830438,True
dnn,0.9,1,8,0.5,1.1005421090383831,0.1999357702110722,dnn,0.7563137412071228,0.8261436820030212,1.0227090120315552,0.7395199732373016,True
dnn,0.9,1,2,1.0,0.4462072918927006,0.199937393425889,dnn,0.7335761785507202,1.0227090120315552,1.0227090120315552,0.7172872927887,True
dnn,0.9,1,4,1.0,0.2211023350218148,0.2004290414552886,dnn,0.7191445231437683,0.8042474985122681,1.0227090120315552,0.7031760888810663,True
dnn,0.9,1,8,0.5,0.5453349474995434,0.2004543152362757,dnn,1.1550019979476929,0.8261436820030212,1.0227090120315552,1.0,True
dnn,0.9,1,2,0.5,0.2987330888578299,0.2006477029147307,dnn,0.7220315933227539,0.7834393382072449,1.0227090120315552,0.7059990523487008,True
dnn,0.9,1,8,1.0,0.3650984560060393,0.2007569561627281,dnn,1.0837039947509766,0.7512694597244263,1.0227090120315552,1.0,True
dnn,0.9,1,4,0.5,0.5453349474995434,0.2011197943930762,dnn,0.9312552213668823,0.7439354062080383,1.0227090120315552,0.9105769191541542,True
dnn,0.9,1,2,0.5,0.2211023350218148,0.2011429556839598,dnn,0.7576704025268555,0.7834393382072449,1.0227090120315552,0.7408465102128952,True
dnn,0.9,1,8,1.0,0.3302529174737275,0.201195566373777,dnn,0.8155056238174438,0.7512694597244263,1.0227090120315552,0.7973975140763517,True
dnn,0.9,2,8,1.0,0.2702215594677964,0.2012188669397597,dnn,0.7054627537727356,0.9332206845283508,1.0227090120315552,0.6897981199670595,True
dnn,0.9,1,4,1.0,0.2987330888578299,0.201220530937874,dnn,1.0114686489105225,0.8042474985122681,1.0227090120315552,0.9890092264869121,True
dnn,0.9,1,2,0.5,0.2702215594677964,0.2013383937803217,dnn,0.8209142684936523,0.7834393382072449,1.0227090120315552,0.8026860610751355,True
dnn,0.9,1,2,0.5,0.2,0.2013391271479809,dnn,0.986637532711029,0.7834393382072449,1.0227090120315552,0.9647294793571124,True
dnn,0.9,1,4,0.0,2.714417616594908,0.2017177574639656,dnn,0.594722330570221,0.88570237159729,1.0227090120315552,0.5815166617030565,True
dnn,0.9,2,4,1.0,0.3302529174737275,0.2017477082963929,dnn,0.6543757319450378,0.884192705154419,1.0227090120315552,0.6398454733914551,True
dnn,0.9,2,4,1.0,0.4462072918927006,0.2018929714436705,dnn,0.6931632161140442,0.884192705154419,1.0227090120315552,0.6777716906367273,True
dnn,0.9,1,8,0.0,3.000820366267417,0.2020086870781837,dnn,0.6037953495979309,0.8969295620918274,1.0227090120315552,0.5903882164864517,True
dnn,0.9,1,2,0.0,0.6664844128899691,0.2020854240087138,dnn,0.29721972346305847,0.31752580404281616,1.0227090120315552,0.290620029711724,True
dnn,0.9,1,8,1.0,0.4462072918927006,0.2021356607255141,dnn,0.7602860927581787,0.7512694597244263,1.0227090120315552,0.7434041196605007,True
dnn,0.9,1,2,1.0,0.2987330888578299,0.2022817328016766,dnn,1.0412980318069458,1.0227090120315552,1.0227090120315552,1.0,True
dnn,0.9,1,8,1.0,0.2211023350218148,0.2024437027000969,dnn,0.6987881064414978,0.7512694597244263,1.0227090120315552,0.6832716816031509,True
dnn,0.9,2,8,0.5,1.1005421090383831,0.2024788011510678,dnn,3.98961674363818e-05,0.6583279967308044,1.0227090120315552,3.90102824625846e-05,True
dnn,0.9,1,4,1.0,0.4932873707061831,0.2026975968756261,dnn,0.796269416809082,0.8042474985122681,1.0227090120315552,0.7785884425007037,True
dnn,0.9,2,4,1.0,0.7368062997280775,0.2027573523382575,dnn,0.4396214485168457,0.884192705154419,1.0227090120315552,0.4298597580983098,True
dnn,0.9,2,8,1.0,0.4462072918927006,0.2028938090865338,dnn,0.8976261019706726,0.9332206845283508,1.0227090120315552,0.8776945264103889,True
dnn,0.9,2,8,1.0,0.3302529174737275,0.2030282209937155,dnn,0.7053298950195312,0.9332206845283508,1.0227090120315552,0.6896682113110867,True
dnn,0.9,2,2,1.0,0.2987330888578299,0.203053630944071,dnn,1.0190975666046143,0.7401559948921204,1.0227090120315552,0.9964687458656818,True
dnn,0.9,2,8,1.0,0.2444312127604942,0.2031006756408422,dnn,1.0580382347106934,0.9332206845283508,1.0227090120315552,1.0,True
dnn,0.9,1,8,1.0,0.2702215594677964,0.2032109991873966,dnn,1.058248519897461,0.7512694597244263,1.0227090120315552,1.0,True
dnn,0.9,1,4,1.0,0.3302529174737275,0.2032700840269388,dnn,0.7833877801895142,0.8042474985122681,1.0227090120315552,0.76599283957942,True
dnn,0.9,1,4,1.0,0.3650984560060393,0.2034608794886088,dnn,0.9045159816741943,0.8042474985122681,1.0227090120315552,0.8844314179625963,True
dnn,0.9,2,2,1.0,0.2211023350218148,0.2037188020774263,dnn,0.7943630218505859,0.7401559948921204,1.0227090120315552,0.7767243785919393,True
dnn,0.9,2,8,1.0,0.3650984560060393,0.2038632421152135,dnn,0.7461864948272705,0.9332206845283508,1.0227090120315552,0.7296175999710925,True
dnn,0.9,1,4,1.0,0.4036206056789731,0.2039806892989231,dnn,0.8011925220489502,0.8042474985122681,1.0227090120315552,0.7834022313516387,True
dnn,0.9,2,8,1.0,0.2987330888578299,0.2040337607253168,dnn,0.90897136926651,0.9332206845283508,1.0227090120315552,0.8887878747258601,True
dnn,0.9,1,2,1.0,0.4036206056789731,0.2041818549719462,dnn,0.819379448890686,1.0227090120315552,1.0227090120315552,0.8011853217789036,True
dnn,0.9,1,8,1.0,0.2987330888578299,0.2043224056772928,dnn,0.8492506742477417,0.7512694597244263,1.0227090120315552,0.830393263632978,True
dnn,0.9,2,4,1.0,0.2444312127604942,0.2044947276950889,dnn,0.7543874382972717,0.884192705154419,1.0227090120315552,0.7376364434285395,True
dnn,0.9,1,2,1.0,0.2211023350218148,0.2045478286139218,dnn,0.8063786029815674,1.0227090120315552,1.0227090120315552,0.7884731565821843,True
dnn,0.9,2,2,1.0,0.5453349474995434,0.2046621899137088,dnn,0.9768387675285339,0.7401559948921204,1.0227090120315552,0.9551482934408659,True
dnn,0.9,1,8,0.0,2.714417616594908,0.204676612307891,dnn,0.6750354170799255,0.8969295620918274,1.0227090120315552,0.6600464150980784,True
dnn,0.9,2,4,1.0,0.2211023350218148,0.2049159732485458,dnn,1.014411211013794,0.884192705154419,1.0227090120315552,0.9918864496937617,True
dnn,0.9,1,2,1.0,0.3650984560060393,0.2049299820159924,dnn,0.6932398676872253,1.0227090120315552,1.0227090120315552,0.6778466401798323,True
dnn,0.9,2,4,0.0,0.4036206056789731,0.2049342129736689,dnn,3.3326158672963846e-12,2.14845252699547e-09,1.0227090120315552,3.2586159191814752e-12,True
dnn,0.9,1,2,1.0,0.2,0.2050143927445322,dnn,0.738343358039856,1.0227090120315552,1.0227090120315552,0.7219486181833653,True
dnn,0.9,2,4,0.5,0.900492287060531,0.2050185000191838,dnn,7.614687526358299e-12,0.00043625017860904336,1.0227090120315552,7.445605188549323e-12,True
dnn,0.9,2,4,1.0,0.2702215594677964,0.2050528493691122,dnn,0.7179833054542542,0.884192705154419,1.0227090120315552,0.7020406557560491,True
dnn,0.9,1,2,0.0,0.4036206056789731,0.205165296144792,dnn,0.31790661811828613,0.31752580404281616,1.0227090120315552,0.3108475767577154,True
dnn,0.9,2,4,1.0,0.3650984560060393,0.2051731846405101,dnn,0.8096942901611328,0.884192705154419,1.0227090120315552,0.791715219711147,True
dnn,0.9,1,8,1.0,0.2444312127604942,0.2052243635719187,dnn,1.080338716506958,0.7512694597244263,1.0227090120315552,1.0,True
dnn,0.9,2,8,1.0,0.2211023350218148,0.205379544306644,dnn,0.7692856788635254,0.9332206845283508,1.0227090120315552,0.7522038720822277,True
dnn,0.9,1,4,1.0,0.2702215594677964,0.2054060222998851,dnn,0.6620786786079407,0.8042474985122681,1.0227090120315552,0.6473773779432703,True
dnn,0.9,2,4,1.0,0.2987330888578299,0.2054297542243355,dnn,0.68425452709198,0.884192705154419,1.0227090120315552,0.6690608169500198,True
dnn,0.9,2,4,1.0,0.2,0.2055369258302882,dnn,0.9094802141189575,0.884192705154419,1.0227090120315552,0.8892854207985565,True
dnn,0.9,1,4,1.0,0.2,0.205680109976809,dnn,0.8689248561859131,0.8042474985122681,1.0227090120315552,0.849630585008576,True
dnn,0.9,1,2,1.0,0.2444312127604942,0.205829383788053,dnn,0.8369014859199524,1.0227090120315552,1.0227090120315552,0.8183182861149269,True
dnn,0.9,2,2,1.0,0.2,0.2058475815079742,dnn,0.6574183106422424,0.7401559948921204,1.0227090120315552,0.6428204923473952,True
dnn,0.9,2,8,1.0,0.2,0.2058999736418106,dnn,0.632079005241394,0.9332206845283508,1.0227090120315552,0.618043840237414,True
dnn,0.9,1,2,0.5,1.4869510248216484,0.2061342802759528,dnn,0.6455304622650146,0.7834393382072449,1.0227090120315552,0.6311966108352794,True
dnn,0.9,1,4,1.0,0.2444312127604942,0.2061653435500748,dnn,0.8161232471466064,0.8042474985122681,1.0227090120315552,0.798001423225383,True
dnn,0.9,1,2,1.0,0.3302529174737275,0.2061725442412516,dnn,0.8654653429985046,1.0227090120315552,1.0227090120315552,0.8462478894943004,True
dnn,0.9,1,2,0.5,1.3450342120312204,0.2065639403379356,dnn,0.6120581030845642,0.7834393382072449,1.0227090120315552,0.5984674974837119,True
dnn,0.9,1,4,0.5,0.8145479666433055,0.2067022480603475,dnn,0.7162628769874573,0.7439354062080383,1.0227090120315552,0.7003584289969641,True
dnn,0.9,2,2,1.0,0.4932873707061831,0.2068842023909904,dnn,0.9601393342018127,0.7401559948921204,1.0227090120315552,0.9388196670864851,True
dnn,0.9,1,4,0.0,0.8145479666433055,0.206949545103078,dnn,0.6903504729270935,0.88570237159729,1.0227090120315552,0.6750214037478268,True
dnn,0.9,1,8,0.0,3.667470807015676,0.2070532678505769,dnn,0.6606812477111816,0.8969295620918274,1.0227090120315552,0.6460109766694777,True
dnn,0.9,1,8,1.0,0.2,0.2072578157223962,dnn,0.7061123251914978,0.7512694597244263,1.0227090120315552,0.6904332678059075,True
dnn,0.9,2,2,1.0,0.3302529174737275,0.2072923175258473,dnn,1.0178004503250122,0.7401559948921204,1.0227090120315552,0.9952004317466682,True
dnn,0.9,1,8,0.5,0.4932873707061831,0.207563821360446,dnn,0.649246335029602,0.8261436820030212,1.0227090120315552,0.6348299735228792,True
dnn,0.9,1,2,0.5,1.643841718255735,0.2078941552800402,dnn,0.6332213282585144,0.7834393382072449,1.0227090120315552,0.6191607982417746,True
dnn,0.9,1,2,0.5,0.2444312127604942,0.2083338080968789,dnn,0.6599686145782471,0.7834393382072449,1.0227090120315552,0.6453141673869244,True
dnn,0.9,1,4,0.5,0.6664844128899691,0.2085118191956389,dnn,0.6785758137702942,0.7439354062080383,1.0227090120315552,0.6635081981162371,True
dnn,0.9,2,2,1.0,0.6028741513057392,0.2099655899513936,dnn,0.7498789429664612,0.7401559948921204,1.0227090120315552,0.7332280581715692,True
dnn,0.9,1,8,0.5,0.6664844128899691,0.210020159255202,dnn,0.7401639819145203,0.8261436820030212,1.0227090120315552,0.7237288155349538,True
dnn,0.9,1,4,0.5,0.6028741513057392,0.2100940906956241,dnn,0.7432052493095398,0.7439354062080383,1.0227090120315552,0.7267025523058641,True
dnn,0.9,2,4,1.0,0.5453349474995434,0.2103432086579459,dnn,0.7321807742118835,0.884192705154419,1.0227090120315552,0.7159228730735898,True
dnn,0.9,2,2,1.0,0.2702215594677964,0.2104656435576418,dnn,0.7016370892524719,0.7401559948921204,1.0227090120315552,0.6860574034237837,True
dnn,0.9,1,4,0.0,2.221007363126434,0.2106212286873721,dnn,0.6118212342262268,0.88570237159729,1.0227090120315552,0.5982358882424216,True
dnn,0.9,1,2,0.0,1.4869510248216484,0.2106658785901327,dnn,0.49182331562042236,0.31752580404281616,1.0227090120315552,0.48090249507378685,True
dnn,0.9,1,8,0.0,2.455349570439492,0.2107427043019588,dnn,0.6135414838790894,0.8969295620918274,1.0227090120315552,0.5999179401580934,True
dnn,0.9,2,4,1.0,0.6028741513057392,0.2108685306170432,dnn,0.5379613041877747,0.884192705154419,1.0227090120315552,0.526016000503549,True
dnn,0.9,1,2,0.5,0.3650984560060393,0.2109042499485526,dnn,0.6669757962226868,0.7834393382072449,1.0227090120315552,0.6521657562181603,True
dnn,0.9,2,8,0.5,0.7368062997280775,0.2111274013295932,dnn,0.5255587100982666,0.6583279967308044,1.0227090120315552,0.5138888030861029,True
dnn,0.9,1,2,0.5,0.3302529174737275,0.2111515091950435,dnn,0.7142530083656311,0.7834393382072449,1.0227090120315552,0.6983931890331218,True
dnn,0.9,1,4,0.5,0.4932873707061831,0.2112562902077963,dnn,1.1388156414031982,0.7439354062080383,1.0227090120315552,1.0,True
dnn,0.9,2,4,0.0,0.2987330888578299,0.2129911586622167,dnn,1.3796522951858847e-11,2.14845252699547e-09,1.0227090120315552,1.3490174418677325e-11,True
dnn,0.9,2,2,0.5,0.2444312127604942,0.2130219700487731,dnn,0.6077168583869934,0.564422070980072,1.0227090120315552,0.5942226490991775,True
dnn,0.9,2,2,1.0,0.3650984560060393,0.2130561665325419,dnn,1.0000245571136475,0.7401559948921204,1.0227090120315552,0.9778192480451049,True
dnn,0.9,2,2,1.0,0.4036206056789731,0.2134692281623557,dnn,0.9223961234092712,0.7401559948921204,1.0227090120315552,0.901914535374028,True
dnn,0.9,1,4,0.0,0.2702215594677964,0.2134984678421926,dnn,0.9177615642547607,0.88570237159729,1.0227090120315552,0.8973828855107846,True
dnn,0.9,2,2,0.0,0.2,0.2136799850831756,dnn,0.6736354827880859,0.34571635723114014,1.0227090120315552,0.6586775660165017,True
dnn,0.9,2,2,1.0,0.2444312127604942,0.2137045267987748,dnn,0.6448756456375122,0.7401559948921204,1.0227090120315552,0.6305563342563123,True
dnn,0.9,1,8,0.5,0.6028741513057392,0.2137612533308532,dnn,0.676966667175293,0.8261436820030212,1.0227090120315552,0.6619347822412711,True
dnn,0.9,1,4,0.5,0.4462072918927006,0.2137828163417234,dnn,0.9214235544204712,0.7439354062080383,1.0227090120315552,0.9009635620498875,True
dnn,0.9,1,4,0.0,2.455349570439492,0.2140772461813722,dnn,0.6898278594017029,0.88570237159729,1.0227090120315552,0.6745103947323177,True
dnn,0.9,1,8,0.5,0.4462072918927006,0.2143556343057688,dnn,0.777739942073822,0.8261436820030212,1.0227090120315552,0.760470410374975,True
dnn,0.9,1,8,0.5,0.8145479666433055,0.2144579124241774,dnn,0.7294890284538269,0.8261436820030212,1.0227090120315552,0.7132908968942564,True
dnn,0.9,2,2,1.0,0.4462072918927006,0.2146925302014523,dnn,0.6399496793746948,0.7401559948921204,1.0227090120315552,0.6257397479107669,True
dnn,0.9,1,4,0.0,2.0090311238977194,0.2147545305262933,dnn,0.7659035325050354,0.88570237159729,1.0227090120315552,0.7488968254847097,True
dnn,0.9,2,4,1.0,0.4036206056789731,0.2151430095625807,dnn,0.7363627552986145,0.884192705154419,1.0227090120315552,0.7200119942581423,True
dnn,0.9,1,4,0.0,1.817286211563076,0.2151462779325861,dnn,0.8683629631996155,0.88570237159729,1.0227090120315552,0.8490811687233109,True
dnn,0.9,2,8,0.0,0.9955047366910889,0.2160740764406175,dnn,1.0846535758446407e-07,0.47000327706336975,1.0227090120315552,1.0605690994059357e-07,True
dnn,0.9,1,4,0.5,0.3650984560060393,0.2165976125530213,dnn,1.111883521080017,0.7439354062080383,1.0227090120315552,1.0,True
dnn,0.9,1,4,0.5,0.3302529174737275,0.2175026479796791,dnn,0.7592176198959351,0.7439354062080383,1.0227090120315552,0.7423593719857724,True
dnn,0.9,1,2,0.0,0.900492287060531,0.218483079019028,dnn,0.32424986362457275,0.31752580404281616,1.0227090120315552,0.31704997199591334,True
dnn,0.9,1,4,0.5,0.2,0.2184909459078379,dnn,1.1517432928085327,0.7439354062080383,1.0227090120315552,1.0,True
dnn,0.9,2,4,0.5,0.3650984560060393,0.2196439486841074,dnn,3.391058811530456e-08,0.00043625017860904336,1.0227090120315552,3.3157611516440094e-08,True
dnn,0.9,1,8,0.5,0.4036206056789731,0.2201215773245312,dnn,0.7690871357917786,0.8261436820030212,1.0227090120315552,0.7520097376124899,True
dnn,0.9,1,4,0.0,0.7368062997280775,0.2202803750204994,dnn,0.6687288880348206,0.88570237159729,1.0227090120315552,0.6538799210407146,True
dnn,0.9,2,2,0.5,0.6028741513057392,0.2202889740622061,dnn,0.5726220607757568,0.564422070980072,1.0227090120315552,0.559907123178933,True
dnn,0.9,1,8,0.5,0.3650984560060393,0.2203010486240248,dnn,0.7869706749916077,0.8261436820030212,1.0227090120315552,0.7694961770487714,True
dnn,0.9,1,2,0.5,0.7368062997280775,0.2206650303665058,dnn,0.60091632604599,0.7834393382072449,1.0227090120315552,0.5875731209724091,True
dnn,0.9,1,2,0.0,0.2987330888578299,0.2207895187936371,dnn,0.35506728291511536,0.31752580404281616,1.0227090120315552,0.3471830977706882,True
dnn,0.9,1,4,0.0,0.5453349474995434,0.2214754202137655,dnn,0.8657656311988831,0.88570237159729,1.0227090120315552,0.8465415098661224,True
dnn,0.9,2,2,0.5,0.2211023350218148,0.2216772223446001,dnn,0.4979993402957916,0.564422070980072,1.0227090120315552,0.4869413825801176,True
dnn,0.9,2,4,0.5,0.2987330888578299,0.2217677136339472,dnn,1.2427581452811864e-07,0.00043625017860904336,1.0227090120315552,1.2151629942250296e-07,True
dnn,0.9,2,8,0.5,0.3650984560060393,0.2226224128179507,dnn,0.9081273078918457,0.6583279967308044,1.0227090120315552,0.8879625555346391,True
dnn,0.9,2,2,0.5,0.3302529174737275,0.2227178395767526,dnn,0.5036900043487549,0.564422070980072,1.0227090120315552,0.4925056867820128,True
dnn,0.9,2,2,0.5,0.4462072918927006,0.2228737173919149,dnn,0.8171147108078003,0.564422070980072,1.0227090120315552,0.79897087167018,True
dnn,0.9,2,2,0.5,0.3650984560060393,0.2231271382552822,dnn,0.8098376989364624,0.564422070980072,1.0227090120315552,0.791855444128496,True
dnn,0.9,2,8,0.5,0.6028741513057392,0.2237108440325694,dnn,0.5519459247589111,0.6583279967308044,1.0227090120315552,0.5396900958782996,True
dnn,0.9,1,8,0.5,0.2702215594677964,0.2238295069033371,dnn,0.8734476566314697,0.8261436820030212,1.0227090120315552,0.8540529577385986,True
dnn,0.9,1,4,0.5,0.2987330888578299,0.2239823879850648,dnn,0.8149564862251282,0.7439354062080383,1.0227090120315552,0.7968605699545582,True
dnn,0.9,1,8,0.0,2.221007363126434,0.2244803531045297,dnn,0.6750192642211914,0.8969295620918274,1.0227090120315552,0.660030620909757,True
dnn,0.9,1,4,0.0,0.2987330888578299,0.2247948613383636,dnn,0.7966403961181641,0.88570237159729,1.0227090120315552,0.778951184301859,True
dnn,0.9,1,4,0.5,0.2702215594677964,0.2248806646185156,dnn,0.7360628247261047,0.7439354062080383,1.0227090120315552,0.7197187235731466,True
dnn,0.9,1,8,0.5,0.2987330888578299,0.2253019907435386,dnn,0.8353111743927002,0.8261436820030212,1.0227090120315552,0.8167632870794798,True
dnn,0.9,1,4,0.5,0.2211023350218148,0.2253722979600304,dnn,0.7475048303604126,0.7439354062080383,1.0227090120315552,0.7309066621751337,True
dnn,0.9,1,4,0.5,0.4036206056789731,0.2264512708867961,dnn,0.7263920903205872,0.7439354062080383,1.0227090120315552,0.7102627255407178,True
dnn,0.9,1,4,0.0,0.4462072918927006,0.2268357107662533,dnn,0.8505712747573853,0.88570237159729,1.0227090120315552,0.8316845405202524,True
dnn,0.9,1,4,0.0,1.2166621504910964,0.22694467685724,dnn,0.9766130447387695,0.88570237159729,1.0227090120315552,0.9549275827723288,True
dnn,0.9,2,2,0.5,0.2,0.2272853245960122,dnn,0.5011131167411804,0.564422070980072,1.0227090120315552,0.4899860183550615,True
dnn,0.9,1,2,0.0,0.5453349474995434,0.2282675438566737,dnn,0.4809432625770569,0.31752580404281616,1.0227090120315552,0.4702640310382027,True
dnn,0.9,2,8,0.5,0.4462072918927006,0.2285115926003232,dnn,0.5680330991744995,0.6583279967308044,1.0227090120315552,0.5554200583860438,True
dnn,0.9,1,2,0.5,0.6664844128899691,0.2285170550132354,dnn,0.6221514344215393,0.7834393382072449,1.0227090120315552,0.6083367087825595,True
dnn,0.9,2,4,0.5,0.8145479666433055,0.2286908824868288,dnn,2.4175050850061552e-11,0.00043625017860904336,1.0227090120315552,2.3638249556478577e-11,True
dnn,0.9,2,4,0.5,0.2,0.2288938345984147,dnn,1.1947162192882388e-06,0.00043625017860904336,1.0227090120315552,1.1681878278504663e-06,True
dnn,0.9,2,4,0.5,0.4932873707061831,0.2292765480319568,dnn,3.1327636040856532e-09,0.00043625017860904336,1.0227090120315552,3.063201328266963e-09,True
dnn,0.9,1,8,0.5,0.2,0.2293744355852166,dnn,0.8468632698059082,0.8261436820030212,1.0227090120315552,0.8280588709428315,True
dnn,0.9,2,8,0.0,0.900492287060531,0.2299038825178329,dnn,8.672787430441531e-07,0.47000327706336975,1.0227090120315552,8.4802102342029e-07,True
dnn,0.9,1,8,0.5,0.3302529174737275,0.2300141317985703,dnn,1.2992854118347168,0.8261436820030212,1.0227090120315552,1.0,True
dnn,0.9,1,2,0.5,0.900492287060531,0.2301747879270316,dnn,0.6056205034255981,0.7834393382072449,1.0227090120315552,0.5921728432045068,True
dnn,0.9,2,2,0.0,0.2444312127604942,0.2303315010478255,dnn,0.4268779158592224,0.34571635723114014,1.0227090120315552,0.4173991925731181,True
dnn,0.9,1,4,0.0,0.6028741513057392,0.2303456345769655,dnn,0.7674986720085144,0.88570237159729,1.0227090120315552,0.750456545292312,True
dnn,0.9,2,2,0.5,0.4036206056789731,0.2305422966017811,dnn,0.9345899224281311,0.564422070980072,1.0227090120315552,0.9138375739660489,True
dnn,0.9,2,2,0.5,0.2987330888578299,0.2315329170435779,dnn,0.5826819539070129,0.564422070980072,1.0227090120315552,0.5697436387595209,True
dnn,0.9,2,4,0.0,0.3302529174737275,0.231585872653944,dnn,8.577728805025941e-12,2.14845252699547e-09,1.0227090120315552,8.387262363110261e-12,True
dnn,0.9,2,4,0.5,0.3302529174737275,0.2319780270286139,dnn,6.973131405629829e-08,0.00043625017860904336,1.0227090120315552,6.818294669935573e-08,True
dnn,0.9,1,2,0.0,0.4462072918927006,0.2351111569089025,dnn,0.28624242544174194,0.31752580404281616,1.0227090120315552,0.27988647999995336,True
dnn,0.9,2,2,0.5,0.4932873707061831,0.2352013703166749,dnn,0.4291313588619232,0.564422070980072,1.0227090120315552,0.41960259840624403,True
dnn,0.9,2,4,0.0,0.2702215594677964,0.2353103370690125,dnn,2.391936995693733e-11,2.14845252699547e-09,1.0227090120315552,2.3388245997190166e-11,True
dnn,0.9,2,2,0.0,0.2702215594677964,0.236768599816263,dnn,0.2972451150417328,0.34571635723114014,1.0227090120315552,0.2906448574763918,True
dnn,0.9,1,8,0.0,1.643841718255735,0.2375732899021879,dnn,0.748917818069458,0.8969295620918274,1.0227090120315552,0.7322882748258706,True
dnn,0.9,1,8,0.0,2.0090311238977194,0.2381448271254193,dnn,1.1433818340301514,0.8969295620918274,1.0227090120315552,1.0,True
dnn,0.9,2,8,0.5,0.6664844128899691,0.2387937606079877,dnn,0.5012511014938354,0.6583279967308044,1.0227090120315552,0.4901209391888781,True
dnn,0.9,1,8,0.0,0.8145479666433055,0.2388990006557352,dnn,0.8841673731803894,0.8969295620918274,1.0227090120315552,0.864534645513722,True
dnn,0.9,1,4,0.0,0.2211023350218148,0.2395386773339207,dnn,0.8407071828842163,0.88570237159729,1.0227090120315552,0.8220394784770673,True
dnn,0.9,1,2,0.0,0.2702215594677964,0.2400855593879644,dnn,0.2833734154701233,0.31752580404281616,1.0227090120315552,0.27708117571704743,True
dnn,0.9,2,4,0.5,0.6028741513057392,0.2406359459468287,dnn,5.349086729111718e-10,0.00043625017860904336,1.0227090120315552,5.230311521833617e-10,True
dnn,0.9,1,2,0.5,0.6028741513057392,0.2410497214520177,dnn,0.7178859710693359,0.7834393382072449,1.0227090120315552,0.701945482658156,True
dnn,0.9,2,8,0.5,0.8145479666433055,0.241652382443187,dnn,0.3745707869529724,0.6583279967308044,1.0227090120315552,0.36625353110843145,True
dnn,0.9,1,4,0.0,1.4869510248216484,0.2421542050496865,dnn,0.6254016160964966,0.88570237159729,1.0227090120315552,0.6115147209411704,True
dnn,0.9,2,8,0.5,0.5453349474995434,0.242440615546163,dnn,0.782855749130249,0.6583279967308044,1.0227090120315552,0.7654726221441513,True
dnn,0.9,2,8,0.5,0.4036206056789731,0.2429369851625522,dnn,0.6140943169593811,0.6583279967308044,1.0227090120315552,0.6004584977104255,True
dnn,0.9,2,4,0.5,0.4036206056789731,0.2437999360778908,dnn,1.5805653674760833e-08,0.00043625017860904336,1.0227090120315552,1.545469286846683e-08,True
dnn,0.9,1,2,0.0,0.6028741513057392,0.2442170928031416,dnn,0.30184975266456604,0.31752580404281616,1.0227090120315552,0.29514725020850074,True
dnn,0.9,1,4,0.5,0.2444312127604942,0.2456197085919261,dnn,0.764484167098999,0.7439354062080383,1.0227090120315552,0.7475089767522369,True
dnn,0.9,2,8,0.5,0.4932873707061831,0.2461281930199329,dnn,0.5489355325698853,0.6583279967308044,1.0227090120315552,0.5367465487367272,True
dnn,0.9,1,4,0.5,0.7368062997280775,0.2466854531011026,dnn,1.2702170610427856,0.7439354062080383,1.0227090120315552,1.0,True
dnn,0.9,2,4,0.5,0.2211023350218148,0.2467544238631832,dnn,7.187318828982825e-07,0.00043625017860904336,1.0227090120315552,7.027726112147591e-07,True
dnn,0.9,2,8,0.5,0.2702215594677964,0.2475310842876315,dnn,0.859849750995636,0.6583279967308044,1.0227090120315552,0.8407569903853607,True
dnn,0.9,1,2,0.0,0.3302529174737275,0.2480227975654217,dnn,0.3174420893192291,0.31752580404281616,1.0227090120315552,0.31039336271091217,True
dnn,0.9,2,8,0.5,0.3302529174737275,0.2484766104682937,dnn,0.6488979458808899,0.6583279967308044,1.0227090120315552,0.6344893202729189,True
dnn,0.9,2,8,0.0,1.2166621504910964,0.2504023754164078,dnn,1.2276751837347888e-09,0.47000327706336975,1.0227090120315552,1.2004149462769274e-09,True
dnn,0.9,2,8,0.0,0.6664844128899691,0.2505505566038242,dnn,0.000816415820736438,0.47000327706336975,1.0227090120315552,0.0007982875002877631,True
dnn,0.9,2,4,0.0,0.3650984560060393,0.2512881694559556,dnn,5.385061320473117e-12,2.14845252699547e-09,1.0227090120315552,5.265487305891623e-12,True
dnn,0.9,2,4,0.5,0.2444312127604942,0.2518206649790704,dnn,4.21717516019271e-07,0.00043625017860904336,1.0227090120315552,4.1235337819264185e-07,True
dnn,0.9,1,8,0.0,1.1005421090383831,0.2523061157611931,dnn,0.7976247668266296,0.8969295620918274,1.0227090120315552,0.7799136972912676,True
dnn,0.9,2,8,0.0,0.2987330888578299,0.2524994583484946,dnn,0.30774012207984924,0.47000327706336975,1.0227090120315552,0.3009068253623193,True
dnn,0.9,1,8,0.5,0.2211023350218148,0.2526707256908782,dnn,1.202455997467041,0.8261436820030212,1.0227090120315552,1.0,True
dnn,0.9,1,8,0.0,1.4869510248216484,0.2529488619443362,dnn,0.686320424079895,0.8969295620918274,1.0227090120315552,0.6710808411833169,True
dnn,0.9,2,4,0.5,0.4462072918927006,0.2535497992651393,dnn,7.044751448859188e-09,0.00043625017860904336,1.0227090120315552,6.8883244070228505e-09,True
dnn,0.9,1,8,0.0,1.3450342120312204,0.2545927499302869,dnn,0.7095440030097961,0.8969295620918274,1.0227090120315552,0.693788746028869,True
dnn,0.9,2,2,0.0,0.2987330888578299,0.2563456238492009,dnn,0.45814695954322815,0.34571635723114014,1.0227090120315552,0.4479739145283803,True
dnn,0.9,2,8,0.5,0.2987330888578299,0.257422540160262,dnn,0.8659218549728394,0.6583279967308044,1.0227090120315552,0.8466942647280806,True
dnn,0.9,1,8,0.5,0.2444312127604942,0.2576296104591573,dnn,0.7050655484199524,0.8261436820030212,1.0227090120315552,0.6894097344653084,True
dnn,0.9,1,2,0.0,0.7368062997280775,0.2581523679878736,dnn,0.4153098165988922,0.31752580404281616,1.0227090120315552,0.4060879602242891,True
dnn,0.9,2,8,0.0,0.4036206056789731,0.2583544229735929,dnn,0.32009032368659973,0.47000327706336975,1.0227090120315552,0.3129827936597116,True
dnn,0.9,2,8,0.5,0.2444312127604942,0.2590945887913148,dnn,1.0048229694366455,0.6583279967308044,1.0227090120315552,0.9825111127559343,True
dnn,0.9,1,4,0.0,0.900492287060531,0.2591952005429768,dnn,0.7268049120903015,0.88570237159729,1.0227090120315552,0.7106663807005509,True
dnn,0.9,1,8,0.0,1.2166621504910964,0.2598420086828668,dnn,0.8051459789276123,0.8969295620918274,1.0227090120315552,0.7872679026541813,True
dnn,0.9,1,4,0.0,1.1005421090383831,0.2614686170377888,dnn,1.1710959672927856,0.88570237159729,1.0227090120315552,1.0,True
dnn,0.9,1,8,0.0,1.817286211563076,0.261920605096698,dnn,0.8110287189483643,0.8969295620918274,1.0227090120315552,0.7930200178223719,True
dnn,0.9,2,4,0.0,0.5453349474995434,0.2620907599828287,dnn,6.628511216473509e-13,2.14845252699547e-09,1.0227090120315552,6.481326690674542e-13,True
dnn,0.9,1,4,0.0,0.9955047366910889,0.2627073420830606,dnn,0.6934047937393188,0.88570237159729,1.0227090120315552,0.6780079040878972,True
dnn,0.9,2,8,0.0,0.7368062997280775,0.2638433135300513,dnn,5.781592335551977e-05,0.47000327706336975,1.0227090120315552,5.6532134434477724e-05,True
dnn,0.9,2,8,0.0,0.4932873707061831,0.2639045137648118,dnn,0.30119866132736206,0.47000327706336975,1.0227090120315552,0.29451061620064095,True
dnn,0.9,1,8,0.0,0.900492287060531,0.2647258108533515,dnn,0.8355097770690918,0.8969295620918274,1.0227090120315552,0.8169574798303553,True
dnn,0.9,1,8,0.0,0.6664844128899691,0.2684908815908484,dnn,0.8430359959602356,0.8969295620918274,1.0227090120315552,0.8243165808088373,True
dnn,0.9,2,4,0.5,0.2702215594677964,0.2689310116378606,dnn,2.1571517550000863e-07,0.00043625017860904336,1.0227090120315552,2.109252709834856e-07,True
dnn,0.9,2,8,0.5,0.2211023350218148,0.269554954275108,dnn,0.6610331535339355,0.6583279967308044,1.0227090120315552,0.6463550685065633,True
dnn,0.9,2,8,0.5,0.2,0.2698026385269235,dnn,0.9601441621780396,0.6583279967308044,1.0227090120315552,0.9388243878586403,True
dnn,0.9,1,4,0.0,0.3650984560060393,0.2701120521233303,dnn,0.7609999775886536,0.88570237159729,1.0227090120315552,0.7441021528469461,True
dnn,0.9,1,8,0.0,0.9955047366910889,0.270543192248222,dnn,1.1636120080947876,0.8969295620918274,1.0227090120315552,1.0,True
dnn,0.9,2,8,0.0,0.5453349474995434,0.2733601190197664,dnn,0.2718121111392975,0.47000327706336975,1.0227090120315552,0.2657765874179183,True
dnn,0.9,2,8,0.0,0.2444312127604942,0.2777148680404784,dnn,0.39948412775993347,0.47000327706336975,1.0227090120315552,0.3906136770677128,True
dnn,0.9,1,4,0.0,0.6664844128899691,0.2827546366120129,dnn,0.6071782112121582,0.88570237159729,1.0227090120315552,0.5936959624576224,True
dnn,0.9,1,8,0.0,0.4932873707061831,0.2828313461121487,dnn,0.8575728535652161,0.8969295620918274,1.0227090120315552,0.8385306509245428,True
dnn,0.9,2,8,0.0,0.6028741513057392,0.2846702285820123,dnn,0.11498881876468658,0.47000327706336975,1.0227090120315552,0.11243551920625752,True
dnn,0.9,1,8,0.0,0.7368062997280775,0.2850001740242749,dnn,0.8011199831962585,0.8969295620918274,1.0227090120315552,0.7833313032070361,True
dnn,0.9,1,2,0.0,1.1005421090383831,0.2858638773279265,dnn,0.44350799918174744,0.31752580404281616,1.0227090120315552,0.43366000882376426,True
dnn,0.9,2,4,0.0,0.2211023350218148,0.2865854428075635,dnn,6.048600509345192e-11,2.14845252699547e-09,1.0227090120315552,5.914292763813609e-11,True
dnn,0.9,2,8,0.0,0.2702215594677964,0.2869541042842956,dnn,0.3372158408164978,0.47000327706336975,1.0227090120315552,0.3297280427270677,True
dnn,0.9,1,4,0.0,0.2,0.2881530420627533,dnn,0.7762911915779114,0.88570237159729,1.0227090120315552,0.7590538290416075,True
dnn,0.9,1,8,0.0,0.5453349474995434,0.2882809468166014,dnn,0.99666827917099,0.8969295620918274,1.0227090120315552,0.9745374954613564,True
dnn,0.9,1,4,0.0,0.4036206056789731,0.2932763779010746,dnn,0.8997718095779419,0.88570237159729,1.0227090120315552,0.8797925890870901,True
dnn,0.9,2,8,0.0,0.3650984560060393,0.2935354051676269,dnn,0.349342405796051,0.47000327706336975,1.0227090120315552,0.34158534019574305,True
dnn,0.9,1,8,0.0,0.3302529174737275,0.2944124509629616,dnn,0.9064041972160339,0.8969295620918274,1.0227090120315552,0.8862777061243567,True
dnn,0.9,2,8,0.0,0.4462072918927006,0.2964372870359853,dnn,0.3544929325580597,0.47000327706336975,1.0227090120315552,0.34662150072764003,True
dnn,0.9,2,8,0.0,0.2211023350218148,0.2969844816274843,dnn,0.4666284918785095,0.47000327706336975,1.0227090120315552,0.4562671164416335,True
dnn,0.9,2,8,0.0,0.2,0.3026823862635455,dnn,0.33103618025779724,0.47000327706336975,1.0227090120315552,0.3236856000713361,True
dnn,0.9,1,8,0.0,0.4036206056789731,0.3050871090882836,dnn,0.8094819188117981,0.8969295620918274,1.0227090120315552,0.7915075640174587,True
dnn,0.9,1,4,0.0,0.4932873707061831,0.3051709515032597,dnn,0.8076491951942444,0.88570237159729,1.0227090120315552,0.7897155355949135,True
dnn,0.9,1,8,0.0,0.2702215594677964,0.3056692125526734,dnn,0.9446585178375244,0.8969295620918274,1.0227090120315552,0.9236825985927436,True
dnn,0.9,1,8,0.0,0.6028741513057392,0.3071006528080442,dnn,1.2948123216629028,0.8969295620918274,1.0227090120315552,1.0,True
dnn,0.9,2,8,0.0,0.3302529174737275,0.308783570335466,dnn,0.3113737106323242,0.47000327706336975,1.0227090120315552,0.3044597309392996,True
dnn,0.9,1,8,0.0,0.2,0.3114113600608774,dnn,0.8787583112716675,0.8969295620918274,1.0227090120315552,0.8592456905469743,True
dnn,0.9,1,4,0.0,0.3302529174737275,0.3260117335902908,dnn,0.7342858910560608,0.88570237159729,1.0227090120315552,0.7179812462955052,True
dnn,0.9,1,8,0.0,0.4462072918927006,0.3262403883276433,dnn,0.7728368043899536,0.8969295620918274,1.0227090120315552,0.7556761457051755,True
dnn,0.9,1,8,0.0,0.3650984560060393,0.3347277706384424,dnn,0.8335516452789307,0.8969295620918274,1.0227090120315552,0.8150428278940519,True
dnn,0.9,1,8,0.0,0.2987330888578299,0.3352529506365188,dnn,0.8619797229766846,0.8969295620918274,1.0227090120315552,0.8428396668417043,True
dnn,0.9,1,8,0.0,0.2444312127604942,0.3371763349159523,dnn,0.928062379360199,0.8969295620918274,1.0227090120315552,0.9074549734500277,True
dnn,0.9,1,2,0.0,0.2211023350218148,0.3438901593820258,dnn,0.2856730818748474,0.31752580404281616,1.0227090120315552,0.2793297785724735,True
dnn,0.9,1,8,0.0,0.2211023350218148,0.3563075615683857,dnn,1.4702739715576172,0.8969295620918274,1.0227090120315552,1.0,True
dnn,0.9,1,4,0.0,0.2444312127604942,0.3825905976351748,dnn,0.7824016213417053,0.88570237159729,1.0227090120315552,0.7650285781558799,True
dnn,0.95,1,2,0.0,2.714417616594908,0.0855358224186998,dnn,0.1842932403087616,0.2050153762102127,0.8268229961395264,0.22289322039812026,True
dnn,0.95,1,2,0.0,9.045585157672232,0.0868505940488618,dnn,0.20756405591964722,0.2050153762102127,0.8268229961395264,0.25103807814825313,True
dnn,0.95,1,2,0.0,3.667470807015676,0.0872235031976261,dnn,0.1997544914484024,0.2050153762102127,0.8268229961395264,0.24159281053026474,True
dnn,0.95,1,2,0.0,6.055964668833263,0.0875875601049446,dnn,0.2030409574508667,0.2050153762102127,0.8268229961395264,0.24556762257324002,True
dnn,0.95,1,2,0.0,1.643841718255735,0.0878223263376316,dnn,0.19306939840316772,0.2050153762102127,0.8268229961395264,0.23350753341962838,True
dnn,0.95,1,2,0.0,3.317441949813717,0.0879691541457596,dnn,0.2524954080581665,0.2050153762102127,0.8268229961395264,0.30538024370037953,True
dnn,0.95,1,2,0.0,0.2,0.0881491621987316,dnn,0.21823565661907196,0.2050153762102127,0.8268229961395264,0.26394483176934364,True
dnn,0.95,1,2,0.0,0.9955047366910889,0.0883118496769842,dnn,0.1976242959499359,0.2050153762102127,0.8268229961395264,0.23901644834825908,True
dnn,0.95,1,2,0.0,0.8145479666433055,0.0886175780837481,dnn,0.20195703208446503,0.2050153762102127,0.8268229961395264,0.2442566704450789,True
dnn,0.95,1,2,0.0,10.000000000000002,0.0946457883022521,dnn,0.2007133513689041,0.2050153762102127,0.8268229961395264,0.24275250241713614,True
dnn,0.95,1,2,0.5,10.000000000000002,0.0948948728614535,dnn,0.27970364689826965,0.6450660228729248,0.8268229961395264,0.3382872128668633,True
dnn,0.95,1,4,0.0,10.000000000000002,0.0958864511786342,dnn,0.19665753841400146,0.7185661196708679,0.8268229961395264,0.23784720470064855,True
dnn,0.95,1,4,0.5,10.000000000000002,0.0961554479687333,dnn,0.3061164617538452,0.7377428412437439,0.8268229961395264,0.37023215752720556,True
dnn,0.95,1,8,0.5,10.000000000000002,0.0963941612182975,dnn,0.26022589206695557,0.6675595641136169,0.8268229961395264,0.314729867555646,True
dnn,0.95,2,4,0.0,0.4036206056789731,0.0973635828373188,dnn,1.4453008017820124e-12,1.2338227661778944e-10,0.8268229961395264,1.7480171796505258e-12,True
dnn,0.95,2,2,0.0,0.3650984560060393,0.0975942249952724,dnn,0.20980602502822876,0.25696733593940735,0.8268229961395264,0.25374962477800267,True
dnn,0.95,1,8,0.0,10.000000000000002,0.0976088163950529,dnn,0.21668735146522522,0.7033721804618835,0.8268229961395264,0.2620722361097214,True
dnn,0.95,1,8,0.0,9.045585157672232,0.0986466375997667,dnn,0.20881059765815735,0.7033721804618835,0.8268229961395264,0.25254570643669005,True
dnn,0.95,2,2,0.0,0.4462072918927006,0.0989630222564626,dnn,0.0044123223051428795,0.25696733593940735,0.8268229961395264,0.005336477487617314,True
dnn,0.95,2,4,0.0,0.2,0.0992820673228142,dnn,1.2383054651121661e-11,1.2338227661778944e-10,0.8268229961395264,1.497666938261115e-11,True
dnn,0.95,1,4,1.0,10.000000000000002,0.0993492856872843,dnn,0.4627750813961029,0.7720937728881836,0.8268229961395264,0.5597027218120693,True
dnn,0.95,2,8,0.0,0.6664844128899691,0.099446747509864,dnn,8.113038774126835e-08,0.23780381679534912,0.8268229961395264,9.812304219895887e-08,True
dnn,0.95,1,2,1.0,10.000000000000002,0.0999376014110776,dnn,0.40023645758628845,0.8143318891525269,0.8268229961395264,0.4840654643799343,True
dnn,0.95,1,8,1.0,10.000000000000002,0.1003584465819697,dnn,0.40608668327331543,0.8268229961395264,0.8268229961395264,0.49114101224730367,True
dnn,0.95,1,8,1.0,9.045585157672232,0.1008903241863412,dnn,0.43969613313674927,0.8268229961395264,0.8268229961395264,0.5317899177813271,True
dnn,0.95,2,8,1.0,3.000820366267417,0.101115403130279,dnn,0.0,0.757675290107727,0.8268229961395264,0.0,True
dnn,0.95,2,8,0.0,1.1005421090383831,0.1011156595295926,dnn,8.715682342508302e-11,0.23780381679534912,0.8268229961395264,1.0541170701833661e-10,True
dnn,0.95,2,2,0.0,6.055964668833263,0.1011172390926722,dnn,5.684341886080802e-14,0.25696733593940735,0.8268229961395264,6.874919919524794e-14,True
dnn,0.95,2,2,0.5,1.1005421090383831,0.1011172415016933,dnn,7.994123696342115e-10,0.33624470233917236,0.8268229961395264,9.66848253334394e-10,True
dnn,0.95,2,2,1.0,1.643841718255735,0.1011172415761991,dnn,4.204423267872848e-12,0.7646994590759277,0.8268229961395264,5.085034266709427e-12,True
dnn,0.95,2,2,0.0,0.5453349474995434,0.1011172416258697,dnn,1.1125035598524846e-05,0.25696733593940735,0.8268229961395264,1.34551598715422e-05,True
dnn,0.95,2,2,0.0,5.477974412378556,0.101117244059726,dnn,1.4210854715202004e-14,0.25696733593940735,0.8268229961395264,1.7187299798811986e-14,True
dnn,0.95,2,8,0.5,5.477974412378556,0.1011172490267797,dnn,0.0,0.3693130612373352,0.8268229961395264,0.0,True
dnn,0.95,2,8,0.0,3.000820366267417,0.1011172527272347,dnn,0.0,0.23780381679534912,0.8268229961395264,0.0,True
dnn,0.95,2,8,0.5,3.317441949813717,0.1011172565021956,dnn,1.4210854715202004e-14,0.3693130612373352,0.8268229961395264,1.7187299798811986e-14,True
dnn,0.95,2,2,1.0,0.6028741513057392,0.1011173361489022,dnn,0.7334193587303162,0.7646994590759277,0.8268229961395264,0.887033091912881,True
dnn,0.95,2,4,0.0,0.5453349474995434,0.10111998396107,dnn,3.4259528265516426e-13,1.2338227661778944e-10,0.8268229961395264,4.1435142014041337e-13,True
dnn,0.95,2,2,0.0,0.6028741513057392,0.1011516600396494,dnn,1.3190941672291956e-06,0.25696733593940735,0.8268229961395264,1.5953767292251248e-06,True
dnn,0.95,2,4,0.5,0.6028741513057392,0.1011541407064105,dnn,6.143278941106445e-11,1.9296365394438908e-07,0.8268229961395264,7.429980745322384e-11,True
dnn,0.95,2,2,0.0,2.714417616594908,0.1011637259320676,dnn,0.0,0.25696733593940735,0.8268229961395264,0.0,True
dnn,0.95,2,2,0.0,7.4013339421880975,0.1011637259320676,dnn,5.684341886080802e-14,0.25696733593940735,0.8268229961395264,6.874919919524794e-14,True
dnn,0.95,2,2,0.0,0.900492287060531,0.1011637278940538,dnn,8.100092818708049e-10,0.25696733593940735,0.8268229961395264,9.796646750910105e-10,True
dnn,0.95,2,2,0.5,4.482221685612751,0.1011637289122999,dnn,0.0,0.33624470233917236,0.8268229961395264,0.0,True
dnn,0.95,2,8,1.0,10.000000000000002,0.1011637318925321,dnn,0.0,0.757675290107727,0.8268229961395264,0.0,True
dnn,0.95,2,4,1.0,0.6028741513057392,0.1011637364870568,dnn,2.164060504128429e-07,0.5955424308776855,0.8268229961395264,2.6173201691686426e-07,True
dnn,0.95,2,4,0.0,4.482221685612751,0.1011637408332288,dnn,0.0,1.2338227661778944e-10,0.8268229961395264,0.0,True
dnn,0.95,2,2,0.5,3.317441949813717,0.1011637408332288,dnn,1.4210854715202004e-14,0.33624470233917236,0.8268229961395264,1.7187299798811986e-14,True
dnn,0.95,2,2,0.5,5.477974412378556,0.1011637467936933,dnn,0.0,0.33624470233917236,0.8268229961395264,0.0,True
dnn,0.95,2,4,1.0,1.2166621504910964,0.1011637671834489,dnn,2.2408813086377544e-12,0.5955424308776855,0.8268229961395264,2.710230991518777e-12,True
dnn,0.95,2,2,1.0,0.6664844128899691,0.1011638796127101,dnn,0.660403311252594,0.7646994590759277,0.8268229961395264,0.7987239280185078,True
dnn,0.95,2,2,0.0,2.221007363126434,0.1011644254143145,dnn,1.4210854715202004e-14,0.25696733593940735,0.8268229961395264,1.7187299798811986e-14,True
dnn,0.95,2,2,0.0,0.8145479666433055,0.1011685218211273,dnn,4.550092747024337e-09,0.25696733593940735,0.8268229961395264,5.503103769814004e-09,True
dnn,0.95,2,4,0.0,2.714417616594908,0.1011685218459626,dnn,5.684341886080802e-14,1.2338227661778944e-10,0.8268229961395264,6.874919919524794e-14,True
dnn,0.95,2,2,0.0,3.000820366267417,0.1011685218459626,dnn,1.4210854715202004e-14,0.25696733593940735,0.8268229961395264,1.7187299798811986e-14,True
dnn,0.95,2,2,0.5,4.054431795277528,0.1011685218459626,dnn,5.684341886080802e-14,0.33624470233917236,0.8268229961395264,6.874919919524794e-14,True
dnn,0.95,2,4,0.0,6.69493964544323,0.1011687151636938,dnn,0.0,1.2338227661778944e-10,0.8268229961395264,0.0,True
dnn,0.95,2,4,1.0,3.317441949813717,0.1011687211241583,dnn,1.4210854715202004e-14,0.5955424308776855,0.8268229961395264,1.7187299798811986e-14,True
dnn,0.95,2,4,0.5,1.4869510248216484,0.1011687788909932,dnn,3.194600007162644e-14,1.9296365394438908e-07,0.8268229961395264,3.8637048341402877e-14,True
dnn,0.95,2,8,0.5,1.817286211563076,0.1011688179817061,dnn,4.0756731756880216e-14,0.3693130612373352,0.8268229961395264,4.9293176347507535e-14,True
dnn,0.95,2,8,0.5,1.1005421090383831,0.1011688350187003,dnn,1.3829469791559745e-09,0.3693130612373352,0.8268229961395264,1.672603429770357e-09,True
dnn,0.95,2,4,0.0,2.455349570439492,0.1011734874992414,dnn,1.4210854715202004e-14,1.2338227661778944e-10,0.8268229961395264,1.7187299798811986e-14,True
dnn,0.95,2,2,1.0,10.000000000000002,0.1011734924662951,dnn,5.684341886080802e-14,0.7646994590759277,0.8268229961395264,6.874919919524794e-14,True
dnn,0.95,2,2,1.0,2.221007363126434,0.101173494949822,dnn,2.7284841290357072e-15,0.7646994590759277,0.8268229961395264,3.2999615900563024e-15,True
dnn,0.95,2,8,0.0,4.054431795277528,0.1011734974333489,dnn,1.4210854715202004e-14,0.23780381679534912,0.8268229961395264,1.7187299798811986e-14,True
dnn,0.95,2,2,1.0,3.667470807015676,0.1011734974333489,dnn,0.0,0.7646994590759277,0.8268229961395264,0.0,True
dnn,0.95,2,8,1.0,6.055964668833263,0.1011734999168757,dnn,5.684341886080802e-14,0.757675290107727,0.8268229961395264,6.874919919524794e-14,True
dnn,0.95,2,4,0.5,3.667470807015676,0.1011734999168757,dnn,0.0,1.9296365394438908e-07,0.8268229961395264,0.0,True
dnn,0.95,2,8,0.0,10.000000000000002,0.1011735024004026,dnn,1.4210854715202004e-14,0.23780381679534912,0.8268229961395264,1.7187299798811986e-14,True
dnn,0.95,2,4,0.5,1.817286211563076,0.1011735051074469,dnn,1.3983481426005796e-14,1.9296365394438908e-07,0.8268229961395264,1.6912303469176954e-14,True
dnn,0.95,2,2,0.5,0.9955047366910889,0.1011735075164679,dnn,8.011351582126736e-09,0.33624470233917236,0.8268229961395264,9.689318777455507e-09,True
dnn,0.95,2,4,1.0,7.4013339421880975,0.1011735247521444,dnn,0.0,0.5955424308776855,0.8268229961395264,0.0,True
dnn,0.95,2,4,0.5,2.0090311238977194,0.1011735285767758,dnn,0.0,1.9296365394438908e-07,0.8268229961395264,0.0,True
dnn,0.95,2,2,1.0,1.2166621504910964,0.1011735409199043,dnn,8.795905870329079e-08,0.7646994590759277,0.8268229961395264,1.0638196943478299e-07,True
dnn,0.95,2,8,0.5,2.714417616594908,0.1011735797622645,dnn,1.4210854715202004e-14,0.3693130612373352,0.8268229961395264,1.7187299798811986e-14,True
dnn,0.95,2,2,0.0,0.2987330888578299,0.1011743783500056,dnn,0.24302206933498383,0.25696733593940735,0.8268229961395264,0.29392272647188666,True
dnn,0.95,2,8,1.0,1.817286211563076,0.101176739836361,dnn,5.183551613115178e-13,0.757675290107727,0.8268229961395264,6.269239773588075e-13,True
dnn,0.95,2,8,0.5,6.055964668833263,0.1011788359082003,dnn,1.4210854715202004e-14,0.3693130612373352,0.8268229961395264,1.7187299798811986e-14,True
dnn,0.95,2,8,0.5,9.045585157672232,0.1011788359082003,dnn,1.4210854715202004e-14,0.3693130612373352,0.8268229961395264,1.7187299798811986e-14,True
dnn,0.95,2,8,0.5,3.667470807015676,0.1011788359082003,dnn,0.0,0.3693130612373352,0.8268229961395264,0.0,True
dnn,0.95,2,2,0.0,3.317441949813717,0.1011824357835067,dnn,1.4210854715202004e-14,0.25696733593940735,0.8268229961395264,1.7187299798811986e-14,True
dnn,0.95,2,4,0.5,2.221007363126434,0.1011845670934776,dnn,1.4210854715202004e-14,1.9296365394438908e-07,0.8268229961395264,1.7187299798811986e-14,True
dnn,0.95,2,8,0.5,7.4013339421880975,0.1011845700488746,dnn,0.0,0.3693130612373352,0.8268229961395264,0.0,True
dnn,0.95,2,8,0.5,4.054431795277528,0.1011845730291069,dnn,0.0,0.3693130612373352,0.8268229961395264,0.0,True
dnn,0.95,2,4,1.0,4.955148403871969,0.1011845730291069,dnn,0.0,0.5955424308776855,0.8268229961395264,0.0,True
dnn,0.95,2,2,0.5,1.2166621504910964,0.101184587930268,dnn,9.253312699408767e-11,0.33624470233917236,0.8268229961395264,1.1191407039490796e-10,True
dnn,0.95,2,8,0.5,6.69493964544323,0.101184587930268,dnn,1.4210854715202004e-14,0.3693130612373352,0.8268229961395264,1.7187299798811986e-14,True
dnn,0.95,2,4,0.5,1.643841718255735,0.1011845911340177,dnn,1.4722445674684656e-14,1.9296365394438908e-07,0.8268229961395264,1.7806042821044425e-14,True
dnn,0.95,2,8,1.0,2.221007363126434,0.1011846922880669,dnn,5.229594545358733e-15,0.757675290107727,0.8268229961395264,6.324926338256125e-15,True
dnn,0.95,2,2,1.0,0.9955047366910889,0.1011860713936501,dnn,0.38139960169792175,0.7646994590759277,0.8268229961395264,0.46128325346379284,True
dnn,0.95,2,2,0.0,9.045585157672232,0.1011860718406849,dnn,1.4210854715202004e-14,0.25696733593940735,0.8268229961395264,1.7187299798811986e-14,True
dnn,0.95,2,8,0.5,10.000000000000002,0.1011860718406849,dnn,0.0,0.3693130612373352,0.8268229961395264,0.0,True
dnn,0.95,2,2,0.0,1.2166621504910964,0.1011860718406849,dnn,5.205435908706146e-12,0.25696733593940735,0.8268229961395264,6.2957077064989245e-12,True
dnn,0.95,2,4,0.0,8.182261084470007,0.1011860738275064,dnn,1.4210854715202004e-14,1.2338227661778944e-10,0.8268229961395264,1.7187299798811986e-14,True
dnn,0.95,2,2,1.0,7.4013339421880975,0.1011860797879709,dnn,1.4210854715202004e-14,0.7646994590759277,0.8268229961395264,1.7187299798811986e-14,True
dnn,0.95,2,4,1.0,2.221007363126434,0.1011860932486865,dnn,1.4210854715202004e-14,0.5955424308776855,0.8268229961395264,1.7187299798811986e-14,True
dnn,0.95,2,4,1.0,6.69493964544323,0.1011860956825428,dnn,1.4210854715202004e-14,0.5955424308776855,0.8268229961395264,1.7187299798811986e-14,True
dnn,0.95,2,2,0.0,2.455349570439492,0.1011861036298288,dnn,1.4210854715202004e-14,0.25696733593940735,0.8268229961395264,1.7187299798811986e-14,True
dnn,0.95,2,8,1.0,2.0090311238977194,0.1011861847666515,dnn,3.569766823720982e-14,0.757675290107727,0.8268229961395264,4.317449853703131e-14,True
dnn,0.95,2,4,0.5,0.900492287060531,0.1011863838958356,dnn,1.7561205311114603e-12,1.9296365394438908e-07,0.8268229961395264,2.1239376980452476e-12,True
dnn,0.95,2,4,0.0,0.9955047366910889,0.1011882639473935,dnn,4.4337867626225835e-15,1.2338227661778944e-10,0.8268229961395264,5.362437647869172e-15,True
dnn,0.95,2,2,0.0,0.3302529174737275,0.101188311506933,dnn,0.22336551547050476,0.25696733593940735,0.8268229961395264,0.2701491329019734,True
dnn,0.95,2,2,0.0,0.7368062997280775,0.101188311506933,dnn,2.728554626685309e-08,0.25696733593940735,0.8268229961395264,3.300046853347153e-08,True
dnn,0.95,2,2,0.0,3.667470807015676,0.101188311506933,dnn,1.4210854715202004e-14,0.25696733593940735,0.8268229961395264,1.7187299798811986e-14,True
dnn,0.95,2,4,0.5,8.182261084470007,0.1011883174673975,dnn,1.4210854715202004e-14,1.9296365394438908e-07,0.8268229961395264,1.7187299798811986e-14,True
dnn,0.95,2,8,0.0,6.69493964544323,0.1011883174673975,dnn,1.4210854715202004e-14,0.23780381679534912,0.8268229961395264,1.7187299798811986e-14,True
dnn,0.95,2,2,0.5,8.182261084470007,0.1011883174673975,dnn,0.0,0.33624470233917236,0.8268229961395264,0.0,True
dnn,0.95,2,4,0.5,10.000000000000002,0.1011883234278619,dnn,0.0,1.9296365394438908e-07,0.8268229961395264,0.0,True
dnn,0.95,2,2,0.5,3.667470807015676,0.1011883264080941,dnn,1.4210854715202004e-14,0.33624470233917236,0.8268229961395264,1.7187299798811986e-14,True
dnn,0.95,2,8,0.0,1.643841718255735,0.1011883310771247,dnn,5.917399952199212e-14,0.23780381679534912,0.8268229961395264,7.156791695233221e-14,True
dnn,0.95,2,2,0.5,0.900492287060531,0.1011883339580158,dnn,9.400055489550141e-08,0.33624470233917236,0.8268229961395264,1.1368884916650143e-07,True
dnn,0.95,2,4,1.0,1.817286211563076,0.1011883532301843,dnn,1.2846612438925913e-14,0.5955424308776855,0.8268229961395264,1.5537318747673107e-14,True
dnn,0.95,2,4,0.5,1.3450342120312204,0.1011883812692026,dnn,1.466560129359442e-14,1.9296365394438908e-07,0.8268229961395264,1.7737292458082043e-14,True
dnn,0.95,2,4,0.5,2.455349570439492,0.101188389067477,dnn,1.4210854715202004e-14,1.9296365394438908e-07,0.8268229961395264,1.7187299798811986e-14,True
dnn,0.95,2,2,0.5,0.5453349474995434,0.1011884048130373,dnn,0.2614918053150177,0.33624470233917236,0.8268229961395264,0.31626092469117895,True
dnn,0.95,2,4,1.0,1.1005421090383831,0.1011884105996549,dnn,9.688221579151612e-12,0.5955424308776855,0.8268229961395264,1.1717407019865621e-11,True
dnn,0.95,2,2,0.0,0.4036206056789731,0.1011884195155164,dnn,0.17028304934501648,0.25696733593940735,0.8268229961395264,0.2059486131131762,True
dnn,0.95,2,8,0.0,0.900492287060531,0.1011930016377413,dnn,2.1726356269624603e-09,0.23780381679534912,0.8268229961395264,2.6276913403553037e-09,True
dnn,0.95,2,8,0.5,2.455349570439492,0.1011945990518987,dnn,1.4210854715202004e-14,0.3693130612373352,0.8268229961395264,1.7187299798811986e-14,True
dnn,0.95,2,2,1.0,3.000820366267417,0.101196072329706,dnn,0.0,0.7646994590759277,0.8268229961395264,0.0,True
dnn,0.95,2,8,0.0,5.477974412378556,0.10119839014318,dnn,1.4210854715202004e-14,0.23780381679534912,0.8268229961395264,1.7187299798811986e-14,True
dnn,0.95,2,4,1.0,5.477974412378556,0.1012001212204602,dnn,1.4210854715202004e-14,0.5955424308776855,0.8268229961395264,1.7187299798811986e-14,True
dnn,0.95,2,4,0.0,0.6028741513057392,0.1012020681995992,dnn,1.8326318110620243e-13,1.2338227661778944e-10,0.8268229961395264,2.2164741663193507e-13,True
dnn,0.95,2,4,0.5,3.000820366267417,0.1012033664573716,dnn,1.4210854715202004e-14,1.9296365394438908e-07,0.8268229961395264,1.7187299798811986e-14,True
dnn,0.95,2,2,0.0,1.643841718255735,0.1012085111733536,dnn,2.7000623620070628e-14,0.25696733593940735,0.8268229961395264,3.265586920796561e-14,True
dnn,0.95,2,4,0.0,3.317441949813717,0.1012085112230241,dnn,0.0,1.2338227661778944e-10,0.8268229961395264,0.0,True
dnn,0.95,2,4,1.0,4.482221685612751,0.1012090940819442,dnn,1.4210854715202004e-14,0.5955424308776855,0.8268229961395264,1.7187299798811986e-14,True
dnn,0.95,2,2,1.0,1.817286211563076,0.1012112940179917,dnn,2.935394169487765e-13,0.7646994590759277,0.8268229961395264,3.550208670045768e-13,True
dnn,0.95,2,4,0.0,3.000820366267417,0.101211294042827,dnn,1.4210854715202004e-14,1.2338227661778944e-10,0.8268229961395264,1.7187299798811986e-14,True
dnn,0.95,2,4,1.0,3.000820366267417,0.1012149693394809,dnn,1.4210854715202004e-14,0.5955424308776855,0.8268229961395264,1.7187299798811986e-14,True
dnn,0.95,2,4,0.0,0.2987330888578299,0.1012160612719867,dnn,4.3020803933147e-12,1.2338227661778944e-10,0.8268229961395264,5.2031455503793515e-12,True
dnn,0.95,2,8,0.0,6.055964668833263,0.1012160742111616,dnn,1.4210854715202004e-14,0.23780381679534912,0.8268229961395264,1.7187299798811986e-14,True
dnn,0.95,2,8,0.0,2.455349570439492,0.1012160752294076,dnn,1.4210854715202004e-14,0.23780381679534912,0.8268229961395264,1.7187299798811986e-14,True
dnn,0.95,2,8,1.0,4.054431795277528,0.1012160761979831,dnn,5.684341886080802e-14,0.757675290107727,0.8268229961395264,6.874919919524794e-14,True
dnn,0.95,2,8,0.0,3.317441949813717,0.1012160801964614,dnn,0.0,0.23780381679534912,0.8268229961395264,0.0,True
dnn,0.95,2,2,1.0,1.4869510248216484,0.1012160821584476,dnn,6.839297878036277e-11,0.7646994590759277,0.8268229961395264,8.271779945610203e-11,True
dnn,0.95,2,2,0.0,1.3450342120312204,0.1012160901305688,dnn,9.432596847699926e-13,0.25696733593940735,0.8268229961395264,1.1408242020046785e-12,True
dnn,0.95,2,4,1.0,2.0090311238977194,0.1012160921422256,dnn,1.705302580647317e-16,0.5955424308776855,0.8268229961395264,2.062475993785189e-16,True
dnn,0.95,2,4,0.0,4.054431795277528,0.101216779703275,dnn,0.0,1.2338227661778944e-10,0.8268229961395264,0.0,True
dnn,0.95,2,2,1.0,1.1005421090383831,0.1012183512296538,dnn,1.646956843615044e-05,0.7646994590759277,0.8268229961395264,1.9919098178264987e-05,True
dnn,0.95,2,8,0.5,1.2166621504910964,0.1012193014767031,dnn,1.7943614649684747e-10,0.3693130612373352,0.8268229961395264,2.1701881458866393e-10,True
dnn,0.95,2,4,0.0,9.045585157672232,0.1012201530809312,dnn,0.0,1.2338227661778944e-10,0.8268229961395264,0.0,True
dnn,0.95,2,4,0.5,4.054431795277528,0.1012201530809312,dnn,0.0,1.9296365394438908e-07,0.8268229961395264,0.0,True
dnn,0.95,2,8,0.5,1.3450342120312204,0.1012213546331982,dnn,2.1488290313786962e-11,0.3693130612373352,0.8268229961395264,2.5988984842120687e-11,True
dnn,0.95,2,4,1.0,9.045585157672232,0.1012214467717962,dnn,1.4210854715202004e-14,0.5955424308776855,0.8268229961395264,1.7187299798811986e-14,True
dnn,0.95,2,4,0.5,4.955148403871969,0.1012214467717962,dnn,0.0,1.9296365394438908e-07,0.8268229961395264,0.0,True
dnn,0.95,2,2,0.5,2.221007363126434,0.1012232920325061,dnn,1.2050804656189764e-14,0.33624470233917236,0.8268229961395264,1.4574830057286157e-14,True
dnn,0.95,2,2,0.5,2.455349570439492,0.1012271876182417,dnn,2.5579539503803143e-15,0.33624470233917236,0.8268229961395264,3.093714086719305e-15,True
dnn,0.95,2,8,0.0,1.4869510248216484,0.1012271923369428,dnn,3.72608600874777e-13,0.23780381679534912,0.8268229961395264,4.50650988923268e-13,True
dnn,0.95,2,2,0.5,0.6664844128899691,0.1012272237783929,dnn,0.00579445343464613,0.33624470233917236,0.8268229961395264,0.0070080941890836275,True
dnn,0.95,2,8,0.5,3.000820366267417,0.1012338457919076,dnn,5.684341886080802e-14,0.3693130612373352,0.8268229961395264,6.874919919524794e-14,True
dnn,0.95,2,8,1.0,3.667470807015676,0.1012374675560391,dnn,1.4210854715202004e-14,0.757675290107727,0.8268229961395264,1.7187299798811986e-14,True
dnn,0.95,2,4,0.0,6.055964668833263,0.1012402671869854,dnn,0.0,1.2338227661778944e-10,0.8268229961395264,0.0,True
dnn,0.95,2,2,0.5,0.4036206056789731,0.1012417240484313,dnn,0.264742374420166,0.33624470233917236,0.8268229961395264,0.32019232127826636,True
dnn,0.95,2,2,0.5,10.000000000000002,0.1012417584452784,dnn,0.0,0.33624470233917236,0.8268229961395264,0.0,True
dnn,0.95,2,2,1.0,5.477974412378556,0.1012417584452784,dnn,0.0,0.7646994590759277,0.8268229961395264,0.0,True
dnn,0.95,2,2,1.0,4.482221685612751,0.1012417609288053,dnn,5.684341886080802e-14,0.7646994590759277,0.8268229961395264,6.874919919524794e-14,True
dnn,0.95,2,2,1.0,6.055964668833263,0.1012417609288053,dnn,1.4210854715202004e-14,0.7646994590759277,0.8268229961395264,1.7187299798811986e-14,True
dnn,0.95,2,8,1.0,2.714417616594908,0.1012417733464396,dnn,1.4210854715202004e-14,0.757675290107727,0.8268229961395264,1.7187299798811986e-14,True
dnn,0.95,2,8,1.0,1.643841718255735,0.1012418759657697,dnn,8.270717444247566e-12,0.757675290107727,0.8268229961395264,1.0003008482908575e-11,True
dnn,0.95,2,8,0.0,1.2166621504910964,0.1012443751266242,dnn,1.4284296835642696e-11,0.23780381679534912,0.8268229961395264,1.7276124276098654e-11,True
dnn,0.95,2,8,0.5,2.221007363126434,0.1012534322881457,dnn,2.989963962182762e-14,0.3693130612373352,0.8268229961395264,3.616208035024471e-14,True
dnn,0.95,2,2,1.0,8.182261084470007,0.1012534326855099,dnn,0.0,0.7646994590759277,0.8268229961395264,0.0,True
dnn,0.95,2,2,0.5,2.714417616594908,0.1012534326855099,dnn,1.4210854715202004e-14,0.33624470233917236,0.8268229961395264,1.7187299798811986e-14,True
dnn,0.95,2,4,1.0,3.667470807015676,0.1012534401360905,dnn,0.0,0.5955424308776855,0.8268229961395264,0.0,True
dnn,0.95,2,4,1.0,2.455349570439492,0.1012534451031443,dnn,1.4210854715202004e-14,0.5955424308776855,0.8268229961395264,1.7187299798811986e-14,True
dnn,0.95,2,8,1.0,4.482221685612751,0.101253450070198,dnn,1.4210854715202004e-14,0.757675290107727,0.8268229961395264,1.7187299798811986e-14,True
dnn,0.95,2,4,0.5,0.7368062997280775,0.1012534950468695,dnn,1.214851830244612e-11,1.9296365394438908e-07,0.8268229961395264,1.4693009699981856e-11,True
dnn,0.95,2,4,0.0,1.1005421090383831,0.1012535415384925,dnn,1.98951966859861e-15,1.2338227661778944e-10,0.8268229961395264,2.406221982078107e-15,True
dnn,0.95,2,2,1.0,3.317441949813717,0.1012536964017991,dnn,0.0,0.7646994590759277,0.8268229961395264,0.0,True
dnn,0.95,2,2,0.0,1.1005421090383831,0.1012543606836184,dnn,2.836429702224308e-11,0.25696733593940735,0.8268229961395264,3.430516223505787e-11,True
dnn,0.95,2,4,0.5,7.4013339421880975,0.1012543606836184,dnn,1.4210854715202004e-14,1.9296365394438908e-07,0.8268229961395264,1.7187299798811986e-14,True
dnn,0.95,2,2,1.0,9.045585157672232,0.1012543626704399,dnn,1.4210854715202004e-14,0.7646994590759277,0.8268229961395264,1.7187299798811986e-14,True
dnn,0.95,2,4,1.0,6.055964668833263,0.1012543646572614,dnn,1.4210854715202004e-14,0.5955424308776855,0.8268229961395264,1.7187299798811986e-14,True
dnn,0.95,2,2,0.0,4.955148403871969,0.1012543646572614,dnn,1.4210854715202004e-14,0.25696733593940735,0.8268229961395264,1.7187299798811986e-14,True
dnn,0.95,2,4,0.0,3.667470807015676,0.1012543646572614,dnn,1.4210854715202004e-14,1.2338227661778944e-10,0.8268229961395264,1.7187299798811986e-14,True
dnn,0.95,2,4,0.0,4.955148403871969,0.1012543646572614,dnn,1.4210854715202004e-14,1.2338227661778944e-10,0.8268229961395264,1.7187299798811986e-14,True
dnn,0.95,2,4,1.0,1.3450342120312204,0.1012543801793043,dnn,4.2427929117065666e-13,0.5955424308776855,0.8268229961395264,5.131440382665162e-13,True
dnn,0.95,2,4,1.0,0.9955047366910889,0.1012543881265903,dnn,4.317882856819111e-11,0.5955424308776855,0.8268229961395264,5.222257819363394e-11,True
dnn,0.95,2,4,0.5,1.1005421090383831,0.1012543998488371,dnn,1.8070522292065738e-13,1.9296365394438908e-07,0.8268229961395264,2.1855369742300125e-13,True
dnn,0.95,2,8,0.0,1.817286211563076,0.1012544007429068,dnn,1.1254996873453615e-14,0.23780381679534912,0.8268229961395264,1.3612341366899204e-14,True
dnn,0.95,2,8,0.0,0.8145479666433055,0.1012544379461392,dnn,8.459016598294511e-09,0.23780381679534912,0.8268229961395264,1.0230746650480258e-08,True
dnn,0.95,2,8,0.5,4.482221685612751,0.1012546772304929,dnn,1.4210854715202004e-14,0.3693130612373352,0.8268229961395264,1.7187299798811986e-14,True
dnn,0.95,2,4,1.0,0.5453349474995434,0.1012546814524885,dnn,1.5595634295095806e-06,0.5955424308776855,0.8268229961395264,1.8862119665167179e-06,True
dnn,0.95,2,2,0.5,2.0090311238977194,0.101254690095162,dnn,4.808953325071037e-14,0.33624470233917236,0.8268229961395264,5.816182360099145e-14,True
dnn,0.95,2,4,0.0,1.2166621504910964,0.1012547389461355,dnn,4.50768301808388e-14,1.2338227661778944e-10,0.8268229961395264,5.4518113781673394e-14,True
dnn,0.95,2,2,1.0,0.4462072918927006,0.1012557893789073,dnn,0.6160094141960144,0.7646994590759277,0.8268229961395264,0.7450317868179647,True
dnn,0.95,2,2,0.0,0.4932873707061831,0.1012557925329864,dnn,0.0001425175869371742,0.25696733593940735,0.8268229961395264,0.00017236771062560573,True
dnn,0.95,2,4,0.0,2.0090311238977194,0.1012557934270561,dnn,5.684341886080802e-14,1.2338227661778944e-10,0.8268229961395264,6.874919919524794e-14,True
dnn,0.95,2,2,0.0,2.0090311238977194,0.1012557934518913,dnn,5.513811792128703e-14,0.25696733593940735,0.8268229961395264,6.668672518632086e-14,True
dnn,0.95,2,8,0.0,4.482221685612751,0.1012557934518913,dnn,5.684341886080802e-14,0.23780381679534912,0.8268229961395264,6.874919919524794e-14,True
dnn,0.95,2,8,0.0,2.0090311238977194,0.1012557960347593,dnn,6.536993287577534e-15,0.23780381679534912,0.8268229961395264,7.906158050875519e-15,True
dnn,0.95,2,8,1.0,8.182261084470007,0.1012557994123558,dnn,1.4210854715202004e-14,0.757675290107727,0.8268229961395264,1.7187299798811986e-14,True
dnn,0.95,2,8,0.0,2.221007363126434,0.1012558046774328,dnn,5.684341886080802e-14,0.23780381679534912,0.8268229961395264,6.874919919524794e-14,True
dnn,0.95,2,4,0.0,1.817286211563076,0.101255804975456,dnn,0.0,1.2338227661778944e-10,0.8268229961395264,0.0,True
dnn,0.95,2,2,1.0,4.054431795277528,0.1012558083530525,dnn,0.0,0.7646994590759277,0.8268229961395264,0.0,True
dnn,0.95,2,8,0.0,3.667470807015676,0.1012558202491462,dnn,1.4210854715202004e-14,0.23780381679534912,0.8268229961395264,1.7187299798811986e-14,True
dnn,0.95,2,4,0.0,0.4462072918927006,0.1012558244214714,dnn,8.766960681722002e-13,1.2338227661778944e-10,0.8268229961395264,1.0603189222669586e-12,True
dnn,0.95,2,4,1.0,2.714417616594908,0.101255826234446,dnn,1.4210854715202004e-14,0.5955424308776855,0.8268229961395264,1.7187299798811986e-14,True
dnn,0.95,2,8,0.0,0.9955047366910889,0.1012558655270521,dnn,4.912820150693165e-10,0.23780381679534912,0.8268229961395264,5.941803957595932e-10,True
dnn,0.95,2,4,0.0,0.8145479666433055,0.1012558964685857,dnn,4.8544278135036895e-14,1.2338227661778944e-10,0.8268229961395264,5.871181421137572e-14,True
dnn,0.95,2,2,0.0,1.4869510248216484,0.1012559013362984,dnn,1.5540990532230542e-13,0.25696733593940735,0.8268229961395264,1.8796030837062012e-13,True
dnn,0.95,2,8,1.0,7.4013339421880975,0.1012573857400573,dnn,0.0,0.757675290107727,0.8268229961395264,0.0,True
dnn,0.95,2,8,0.0,9.045585157672232,0.1012573857400573,dnn,1.4210854715202004e-14,0.23780381679534912,0.8268229961395264,1.7187299798811986e-14,True
dnn,0.95,2,8,0.0,8.182261084470007,0.1012573857400573,dnn,1.4210854715202004e-14,0.23780381679534912,0.8268229961395264,1.7187299798811986e-14,True
dnn,0.95,2,4,1.0,1.643841718255735,0.1012573882235841,dnn,1.4267697402226345e-14,0.5955424308776855,0.8268229961395264,1.7256048112888566e-14,True
dnn,0.95,2,4,0.0,5.477974412378556,0.101257390707111,dnn,1.4210854715202004e-14,1.2338227661778944e-10,0.8268229961395264,1.7187299798811986e-14,True
dnn,0.95,2,2,0.0,4.054431795277528,0.1012573956741647,dnn,1.4210854715202004e-14,0.25696733593940735,0.8268229961395264,1.7187299798811986e-14,True
dnn,0.95,2,4,0.5,5.477974412378556,0.1012573956741647,dnn,1.4210854715202004e-14,1.9296365394438908e-07,0.8268229961395264,1.7187299798811986e-14,True
dnn,0.95,2,2,0.5,1.643841718255735,0.1012574018084761,dnn,1.8945911191888681e-13,0.33624470233917236,0.8268229961395264,2.291410771150293e-13,True
dnn,0.95,2,8,1.0,2.455349570439492,0.1012574130588528,dnn,1.3642420221662063e-14,0.757675290107727,0.8268229961395264,1.649980743806006e-14,True
dnn,0.95,2,2,1.0,1.3450342120312204,0.1012574131333586,dnn,1.5391963259503427e-09,0.7646994590759277,0.8268229961395264,1.861578999540312e-09,True
dnn,0.95,2,4,0.0,1.4869510248216484,0.1012574364288406,dnn,1.4210854715202004e-14,1.2338227661778944e-10,0.8268229961395264,1.7187299798811986e-14,True
dnn,0.95,2,8,0.5,1.4869510248216484,0.1012574664298451,dnn,2.523961508543726e-12,0.3693130612373352,0.8268229961395264,3.052601972040226e-12,True
dnn,0.95,2,2,0.5,7.4013339421880975,0.1012578500325587,dnn,0.0,0.33624470233917236,0.8268229961395264,0.0,True
dnn,0.95,2,4,1.0,10.000000000000002,0.1012578500325587,dnn,1.4210854715202004e-14,0.5955424308776855,0.8268229961395264,1.7187299798811986e-14,True
dnn,0.95,2,4,1.0,4.054431795277528,0.1012593331231432,dnn,1.4210854715202004e-14,0.5955424308776855,0.8268229961395264,1.7187299798811986e-14,True
dnn,0.95,2,4,0.5,0.4462072918927006,0.1012619927664088,dnn,3.673598647502274e-10,1.9296365394438908e-07,0.8268229961395264,4.4430291182689295e-10,True
dnn,0.95,2,4,0.5,2.714417616594908,0.1012622569547355,dnn,0.0,1.9296365394438908e-07,0.8268229961395264,0.0,True
dnn,0.95,2,2,0.5,6.055964668833263,0.1012622569795708,dnn,0.0,0.33624470233917236,0.8268229961395264,0.0,True
dnn,0.95,2,4,0.0,1.3450342120312204,0.1012638591025031,dnn,0.0,1.2338227661778944e-10,0.8268229961395264,0.0,True
dnn,0.95,2,2,0.5,0.6028741513057392,0.1012639911764618,dnn,0.2594543993473053,0.33624470233917236,0.8268229961395264,0.3137967866867631,True
dnn,0.95,2,2,0.0,8.182261084470007,0.1012641455065298,dnn,1.4210854715202004e-14,0.25696733593940735,0.8268229961395264,1.7187299798811986e-14,True
dnn,0.95,2,2,0.5,0.8145479666433055,0.1012644972447312,dnn,1.4646556110164966e-06,0.33624470233917236,0.8268229961395264,1.7714258285691608e-06,True
dnn,0.95,2,8,0.0,1.3450342120312204,0.1012645016648766,dnn,2.3294432788950603e-12,0.23780381679534912,0.8268229961395264,2.8173421515503746e-12,True
dnn,0.95,2,2,1.0,0.8145479666433055,0.1012645964864648,dnn,0.64893639087677,0.7646994590759277,0.8268229961395264,0.7848552760466062,True
dnn,0.95,2,2,0.5,1.817286211563076,0.101264670396473,dnn,4.627054354900892e-14,0.33624470233917236,0.8268229961395264,5.596184886613962e-14,True
dnn,0.95,2,2,0.5,4.955148403871969,0.1012665731503324,dnn,0.0,0.33624470233917236,0.8268229961395264,0.0,True
dnn,0.95,2,8,0.0,2.714417616594908,0.1012665747894601,dnn,5.684341886080802e-14,0.23780381679534912,0.8268229961395264,6.874919919524794e-14,True
dnn,0.95,2,8,0.0,0.6028741513057392,0.1012689971967296,dnn,2.135578256456938e-07,0.23780381679534912,0.8268229961395264,2.582872351673875e-07,True
dnn,0.95,2,2,0.0,0.6664844128899691,0.1012690533989426,dnn,1.8003203194894013e-07,0.25696733593940735,0.8268229961395264,2.1773950747562388e-07,True
dnn,0.95,2,2,0.0,0.9955047366910889,0.1012690533989426,dnn,1.506065827605596e-10,0.25696733593940735,0.8268229961395264,1.8215093612991958e-10,True
dnn,0.95,2,2,1.0,4.955148403871969,0.1012690583659963,dnn,0.0,0.7646994590759277,0.8268229961395264,0.0,True
dnn,0.95,2,2,1.0,0.7368062997280775,0.1012691013558464,dnn,0.608303964138031,0.7646994590759277,0.8268229961395264,0.7357124402420222,True
dnn,0.95,2,4,0.0,0.900492287060531,0.1012691634688533,dnn,1.494981981091381e-14,1.2338227661778944e-10,0.8268229961395264,1.8081040175122355e-14,True
dnn,0.95,2,4,0.5,0.5453349474995434,0.101270116904327,dnn,1.2464010379353851e-10,1.9296365394438908e-07,0.8268229961395264,1.5074581183093448e-10,True
dnn,0.95,2,2,0.5,1.4869510248216484,0.1012706162826478,dnn,1.463433866276398e-12,0.33624470233917236,0.8268229961395264,1.7699481909782823e-12,True
dnn,0.95,2,8,1.0,5.477974412378556,0.1012727829363207,dnn,1.4210854715202004e-14,0.757675290107727,0.8268229961395264,1.7187299798811986e-14,True
dnn,0.95,2,4,0.0,7.4013339421880975,0.1012736397528406,dnn,1.4210854715202004e-14,1.2338227661778944e-10,0.8268229961395264,1.7187299798811986e-14,True
dnn,0.95,2,4,0.5,6.055964668833263,0.1012736397528406,dnn,0.0,1.9296365394438908e-07,0.8268229961395264,0.0,True
dnn,0.95,2,4,1.0,0.6664844128899691,0.1012740134368977,dnn,3.346887211819194e-08,0.5955424308776855,0.8268229961395264,4.047888396241953e-08,True
dnn,0.95,2,8,0.0,4.955148403871969,0.1012740179320813,dnn,1.4210854715202004e-14,0.23780381679534912,0.8268229961395264,1.7187299798811986e-14,True
dnn,0.95,2,2,1.0,6.69493964544323,0.1012740179320813,dnn,0.0,0.7646994590759277,0.8268229961395264,0.0,True
dnn,0.95,2,8,0.0,7.4013339421880975,0.1012740238925458,dnn,1.4210854715202004e-14,0.23780381679534912,0.8268229961395264,1.7187299798811986e-14,True
dnn,0.95,2,4,0.0,1.643841718255735,0.1012740274688244,dnn,0.0,1.2338227661778944e-10,0.8268229961395264,0.0,True
dnn,0.95,2,8,1.0,6.69493964544323,0.1012740278661887,dnn,0.0,0.757675290107727,0.8268229961395264,0.0,True
dnn,0.95,2,4,0.0,2.221007363126434,0.1012740334292889,dnn,0.0,1.2338227661778944e-10,0.8268229961395264,0.0,True
dnn,0.95,2,8,0.5,0.9955047366910889,0.101274079473877,dnn,8.732148337742274e-09,0.3693130612373352,0.8268229961395264,1.0561085478407186e-08,True
dnn,0.95,2,2,0.5,0.4932873707061831,0.1012760427886006,dnn,0.24901869893074036,0.33624470233917236,0.8268229961395264,0.30117534235673155,True
dnn,0.95,2,2,1.0,0.900492287060531,0.1012763395452257,dnn,0.46218952536582947,0.7646994590759277,0.8268229961395264,0.5589945218309277,True
dnn,0.95,2,2,0.5,1.3450342120312204,0.1012763463997599,dnn,1.1566555872810635e-11,0.33624470233917236,0.8268229961395264,1.398915599446968e-11,True
dnn,0.95,2,8,0.5,8.182261084470007,0.1012763654235757,dnn,0.0,0.3693130612373352,0.8268229961395264,0.0,True
dnn,0.95,2,8,1.0,9.045585157672232,0.1012763828082637,dnn,1.4210854715202004e-14,0.757675290107727,0.8268229961395264,1.7187299798811986e-14,True
dnn,0.95,2,2,1.0,0.2702215594677964,0.1012785244402205,dnn,0.698081910610199,0.7646994590759277,0.8268229961395264,0.8442942611291349,True
dnn,0.95,2,8,0.5,2.0090311238977194,0.1012796638547864,dnn,1.944044968407721e-14,0.3693130612373352,0.8268229961395264,2.351222664928956e-14,True
dnn,0.95,2,4,0.5,1.2166621504910964,0.1012797346601374,dnn,6.048139826421092e-14,1.9296365394438908e-07,0.8268229961395264,7.31491486649516e-14,True
dnn,0.95,2,2,1.0,2.455349570439492,0.1012832122836268,dnn,5.684342156072553e-17,0.7646994590759277,0.8268229961395264,6.874920246065968e-17,True
dnn,0.95,2,2,0.0,1.817286211563076,0.1012835520147768,dnn,4.5474734072206875e-15,0.25696733593940735,0.8268229961395264,5.4999358126866874e-15,True
dnn,0.95,2,2,0.0,10.000000000000002,0.1012835520147768,dnn,1.4210854715202004e-14,0.25696733593940735,0.8268229961395264,1.7187299798811986e-14,True
dnn,0.95,2,2,0.5,9.045585157672232,0.1012835520147768,dnn,0.0,0.33624470233917236,0.8268229961395264,0.0,True
dnn,0.95,2,4,0.5,3.317441949813717,0.101283554995009,dnn,0.0,1.9296365394438908e-07,0.8268229961395264,0.0,True
dnn,0.95,2,2,0.5,3.000820366267417,0.1012835594653574,dnn,1.4210854715202004e-14,0.33624470233917236,0.8268229961395264,1.7187299798811986e-14,True
dnn,0.95,2,4,0.5,6.69493964544323,0.1012835624455896,dnn,1.4210854715202004e-14,1.9296365394438908e-07,0.8268229961395264,1.7187299798811986e-14,True
dnn,0.95,2,8,0.5,1.643841718255735,0.1012835682073719,dnn,3.0183855089828404e-13,0.3693130612373352,0.8268229961395264,3.650582437929058e-13,True
dnn,0.95,2,4,0.5,0.9955047366910889,0.1012835761049873,dnn,5.999254370191165e-13,1.9296365394438908e-07,0.8268229961395264,7.255790414879548e-13,True
dnn,0.95,2,2,0.0,0.2211023350218148,0.1012864691902684,dnn,0.24687884747982025,0.25696733593940735,0.8268229961395264,0.298587301795558,True
dnn,0.95,2,2,0.0,4.482221685612751,0.1012864691902684,dnn,1.4210854715202004e-14,0.25696733593940735,0.8268229961395264,1.7187299798811986e-14,True
dnn,0.95,2,2,0.0,6.69493964544323,0.1012864691902684,dnn,1.4210854715202004e-14,0.25696733593940735,0.8268229961395264,1.7187299798811986e-14,True
dnn,0.95,2,4,1.0,8.182261084470007,0.101286488561778,dnn,1.4210854715202004e-14,0.5955424308776855,0.8268229961395264,1.7187299798811986e-14,True
dnn,0.95,2,8,1.0,4.955148403871969,0.1012865064431714,dnn,0.0,0.757675290107727,0.8268229961395264,0.0,True
dnn,0.95,2,4,0.0,0.7368062997280775,0.1012865253428108,dnn,5.383071917906823e-14,1.2338227661778944e-10,0.8268229961395264,6.510549347370147e-14,True
dnn,0.95,2,4,0.0,0.6664844128899691,0.1012865919261661,dnn,1.1038992121662275e-13,1.2338227661778944e-10,0.8268229961395264,1.335109470007949e-13,True
dnn,0.95,2,4,0.0,10.000000000000002,0.1012880876209597,dnn,1.4210854715202004e-14,1.2338227661778944e-10,0.8268229961395264,1.7187299798811986e-14,True
dnn,0.95,2,2,0.5,0.4462072918927006,0.1012999130706629,dnn,0.2599675953388214,0.33624470233917236,0.8268229961395264,0.3144174709129061,True
dnn,0.95,2,2,1.0,2.714417616594908,0.1013019430558523,dnn,1.4154011181144715e-14,0.7646994590759277,0.8268229961395264,1.7118550460292503e-14,True
dnn,0.95,2,4,0.5,4.482221685612751,0.1013019430558523,dnn,1.4210854715202004e-14,1.9296365394438908e-07,0.8268229961395264,1.7187299798811986e-14,True
dnn,0.95,2,4,0.5,0.8145479666433055,0.101302649284031,dnn,4.826006348018774e-12,1.9296365394438908e-07,0.8268229961395264,5.836807116579503e-12,True
dnn,0.95,2,8,0.5,4.955148403871969,0.1013026738212764,dnn,1.4210854715202004e-14,0.3693130612373352,0.8268229961395264,1.7187299798811986e-14,True
dnn,0.95,2,2,0.5,6.69493964544323,0.1013026917026699,dnn,0.0,0.33624470233917236,0.8268229961395264,0.0,True
dnn,0.95,2,8,1.0,3.317441949813717,0.1013026946829021,dnn,1.4210854715202004e-14,0.757675290107727,0.8268229961395264,1.7187299798811986e-14,True
dnn,0.95,2,4,0.5,9.045585157672232,0.1013317235480388,dnn,5.684341886080802e-14,1.9296365394438908e-07,0.8268229961395264,6.874919919524794e-14,True
dnn,0.95,2,2,1.0,0.3650984560060393,0.1013340201150021,dnn,0.5781623721122742,0.7646994590759277,0.8268229961395264,0.6992577308707428,True
dnn,0.95,2,2,1.0,2.0090311238977194,0.1013340257774433,dnn,2.31921144615288e-14,0.7646994590759277,0.8268229961395264,2.8049672747146395e-14,True
dnn,0.95,2,4,1.0,1.4869510248216484,0.1013340392878295,dnn,8.01492186963855e-14,0.5955424308776855,0.8268229961395264,9.69363685705475e-14,True
dnn,0.95,2,4,0.0,0.4932873707061831,0.1013359045903524,dnn,5.53654886693844e-13,1.2338227661778944e-10,0.8268229961395264,6.69617184426272e-13,True
dnn,0.95,1,2,1.0,9.045585157672232,0.1015347059555185,dnn,0.4536150097846985,0.8143318891525269,0.8268229961395264,0.5486240850854988,True
dnn,0.95,1,4,1.0,9.045585157672232,0.1017364788663718,dnn,0.47034308314323425,0.7720937728881836,0.8268229961395264,0.5688558317067706,True
dnn,0.95,1,8,1.0,8.182261084470007,0.1017743764603548,dnn,0.5199397206306458,0.8268229961395264,0.8268229961395264,0.6288404205715946,True
dnn,0.95,1,4,1.0,8.182261084470007,0.1018258801835112,dnn,0.5185429453849792,0.7720937728881836,0.8268229961395264,0.6271510925628333,True
dnn,0.95,1,4,0.5,9.045585157672232,0.1018388673386491,dnn,0.28340277075767517,0.7377428412437439,0.8268229961395264,0.3427611134195534,True
dnn,0.95,1,4,1.0,7.4013339421880975,0.101844525046279,dnn,0.5773359537124634,0.7720937728881836,0.8268229961395264,0.6982582202092478,True
dnn,0.95,1,8,0.5,9.045585157672232,0.1019268833996295,dnn,0.2690829038619995,0.6675595641136169,0.8268229961395264,0.3254419689804948,True
dnn,0.95,1,2,0.5,9.045585157672232,0.1020021384908293,dnn,0.2712008059024811,0.6450660228729248,0.8268229961395264,0.32800346285568954,True
dnn,0.95,1,2,0.0,1.2166621504910964,0.1020161467278348,dnn,0.1858668327331543,0.2050153762102127,0.8268229961395264,0.22479639971429782,True
dnn,0.95,1,4,0.0,8.182261084470007,0.1023894053360321,dnn,0.20116722583770752,0.7185661196708679,0.8268229961395264,0.2433014403045952,True
dnn,0.95,1,4,0.0,7.4013339421880975,0.1026031311445599,dnn,0.2127351313829422,0.7185661196708679,0.8268229961395264,0.2572922286586271,True
dnn,0.95,1,8,1.0,7.4013339421880975,0.1026389404125345,dnn,0.633086085319519,0.8268229961395264,0.8268229961395264,0.765685144553824,True
dnn,0.95,1,2,1.0,7.4013339421880975,0.1029723920039666,dnn,0.529691755771637,0.8143318891525269,0.8268229961395264,0.6406350068210385,True
dnn,0.95,1,4,0.5,8.182261084470007,0.1033627694211544,dnn,0.3553095757961273,0.7377428412437439,0.8268229961395264,0.42972870548483005,True
dnn,0.95,1,4,1.0,6.69493964544323,0.1035219867552547,dnn,0.5278924703598022,0.7720937728881836,0.8268229961395264,0.6384588634140026,True
dnn,0.95,1,4,0.5,7.4013339421880975,0.1035235192953274,dnn,0.33978840708732605,0.7377428412437439,0.8268229961395264,0.4109566481263987,True
dnn,0.95,2,4,0.0,0.3302529174737275,0.1035282095673996,dnn,3.080458631232741e-12,1.2338227661778944e-10,0.8268229961395264,3.725656695103475e-12,True
dnn,0.95,1,8,0.5,8.182261084470007,0.1037139445297685,dnn,0.2890564501285553,0.6675595641136169,0.8268229961395264,0.34959894859984886,True
dnn,0.95,1,8,0.0,8.182261084470007,0.1038933278498815,dnn,0.2008507400751114,0.7033721804618835,0.8268229961395264,0.24291866700961692,True
dnn,0.95,1,2,1.0,8.182261084470007,0.1039468861806493,dnn,0.6025230288505554,0.8143318891525269,0.8268229961395264,0.7287206955584962,True
dnn,0.95,1,8,1.0,6.055964668833263,0.1041401855109776,dnn,0.6470620632171631,0.8268229961395264,0.8268229961395264,0.7825883728903584,True
dnn,0.95,1,2,0.5,8.182261084470007,0.1042041169358251,dnn,0.29567012190818787,0.6450660228729248,0.8268229961395264,0.3575978453534613,True
dnn,0.95,1,8,0.5,7.4013339421880975,0.1042081678741817,dnn,0.34520289301872253,0.6675595641136169,0.8268229961395264,0.41750519111162887,True
dnn,0.95,1,2,0.5,7.4013339421880975,0.1042493591429499,dnn,0.32963982224464417,0.6450660228729248,0.8268229961395264,0.39868245535470986,True
dnn,0.95,1,4,1.0,6.055964668833263,0.104588637807334,dnn,0.5808262825012207,0.7720937728881836,0.8268229961395264,0.7024795938346232,True
dnn,0.95,1,4,0.0,6.69493964544323,0.1046453889857367,dnn,0.22354716062545776,0.7185661196708679,0.8268229961395264,0.2703688233989735,True
dnn,0.95,1,2,0.5,4.955148403871969,0.1046994413594526,dnn,0.4671100676059723,0.6450660228729248,0.8268229961395264,0.5649456652595902,True
dnn,0.95,1,4,1.0,5.477974412378556,0.1047671638634254,dnn,0.6780427694320679,0.7720937728881836,0.8268229961395264,0.8200579478290758,True
dnn,0.95,1,8,1.0,6.69493964544323,0.104825696632365,dnn,0.6084465384483337,0.8268229961395264,0.8268229961395264,0.7358848765566487,True
dnn,0.95,1,2,0.5,6.69493964544323,0.1048563140189209,dnn,0.3950766921043396,0.6450660228729248,0.8268229961395264,0.4778249927118263,True
dnn,0.95,1,8,0.5,6.055964668833263,0.104913523639593,dnn,0.3944563865661621,0.6675595641136169,0.8268229961395264,0.47707476498343254,True
dnn,0.95,1,8,1.0,5.477974412378556,0.1054438240324281,dnn,0.7563403844833374,0.8268229961395264,0.8268229961395264,0.9147548967732205,True
dnn,0.95,1,2,0.5,4.482221685612751,0.1054895742108972,dnn,0.4182753264904022,0.6450660228729248,0.8268229961395264,0.5058825509732415,True
dnn,0.95,1,4,1.0,4.955148403871969,0.1055405988651917,dnn,0.500813364982605,0.7720937728881836,0.8268229961395264,0.6057080745466986,True
dnn,0.95,1,2,0.5,6.055964668833263,0.1055735304279885,dnn,0.3975882828235626,0.6450660228729248,0.8268229961395264,0.4808626328487719,True
dnn,0.95,1,2,1.0,6.69493964544323,0.1057039923535329,dnn,0.6268625855445862,0.8143318891525269,0.8268229961395264,0.7581581408251049,True
dnn,0.95,1,4,0.0,9.045585157672232,0.1058347952268816,dnn,0.20830069482326508,0.7185661196708679,0.8268229961395264,0.25192900511455335,True
dnn,0.95,1,4,0.5,6.69493964544323,0.1059714859002778,dnn,0.4002574682235718,0.7377428412437439,0.8268229961395264,0.4840908756679384,True
dnn,0.95,1,2,1.0,6.055964668833263,0.1060047449433731,dnn,0.466918408870697,0.8143318891525269,0.8268229961395264,0.5647138638508604,True
dnn,0.95,1,2,1.0,4.482221685612751,0.1060485966312133,dnn,0.809870183467865,0.8143318891525269,0.8268229961395264,0.9794964427080345,True
dnn,0.95,1,2,1.0,5.477974412378556,0.1061101609799907,dnn,0.5300568342208862,0.8143318891525269,0.8268229961395264,0.6410765504778475,True
dnn,0.95,1,4,0.5,6.055964668833263,0.106255225646375,dnn,0.43667072057724,0.7377428412437439,0.8268229961395264,0.5281308364862554,True
dnn,0.95,1,2,0.0,7.4013339421880975,0.1062909994430738,dnn,0.2394753396511078,0.2050153762102127,0.8268229961395264,0.28963313885708175,True
dnn,0.95,1,8,0.5,6.69493964544323,0.1064469205541943,dnn,0.368470698595047,0.6675595641136169,0.8268229961395264,0.4456464083793668,True
dnn,0.95,1,2,0.5,5.477974412378556,0.1075257872051031,dnn,0.5054064989089966,0.6450660228729248,0.8268229961395264,0.6112632344150588,True
dnn,0.95,1,2,1.0,4.955148403871969,0.1075370117311093,dnn,0.5843102335929871,0.8143318891525269,0.8268229961395264,0.706693253962647,True
dnn,0.95,1,8,1.0,4.955148403871969,0.1077629319737456,dnn,0.6709721684455872,0.8268229961395264,0.8268229961395264,0.8115064186390392,True
dnn,0.95,1,4,1.0,4.482221685612751,0.1078732725117115,dnn,0.5922967791557312,0.7720937728881836,0.8268229961395264,0.7163525711321425,True
dnn,0.95,1,2,0.0,8.182261084470007,0.1078832886776877,dnn,0.20516574382781982,0.2050153762102127,0.8268229961395264,0.24813744270024887,True
dnn,0.95,1,4,0.0,6.055964668833263,0.1078846578332183,dnn,0.2533999979496002,0.7185661196708679,0.8268229961395264,0.30647429877100196,True
dnn,0.95,1,8,0.0,7.4013339421880975,0.1079494795076807,dnn,0.2641550600528717,0.7033721804618835,0.8268229961395264,0.3194819946786961,True
dnn,0.95,1,8,0.5,4.955148403871969,0.1082670371053138,dnn,0.4368702173233032,0.6675595641136169,0.8268229961395264,0.528372117566964,True
dnn,0.95,1,8,1.0,4.482221685612751,0.1085969492752627,dnn,0.5612605214118958,0.8268229961395264,0.8268229961395264,0.6788158094688298,True
dnn,0.95,1,4,1.0,4.054431795277528,0.1086374841452646,dnn,0.6187103390693665,0.7720937728881836,0.8268229961395264,0.7482984169019884,True
dnn,0.95,1,2,0.0,6.69493964544323,0.108963635435879,dnn,0.2244376242160797,0.2050153762102127,0.8268229961395264,0.27144579343340597,True
dnn,0.95,1,4,0.5,5.477974412378556,0.1089909260507874,dnn,0.48525097966194153,0.7377428412437439,0.8268229961395264,0.586886167810523,True
dnn,0.95,1,4,0.5,4.054431795277528,0.1094446491472418,dnn,0.5107024312019348,0.7377428412437439,0.8268229961395264,0.6176683928560616,True
dnn,0.95,1,2,0.5,4.054431795277528,0.109658555188574,dnn,0.48180022835731506,0.6450660228729248,0.8268229961395264,0.5827126611219837,True
dnn,0.95,1,4,0.5,3.667470807015676,0.109694544473991,dnn,0.531743586063385,0.7377428412437439,0.8268229961395264,0.6431165903054459,True
dnn,0.95,1,8,0.0,6.055964668833263,0.1099048415499585,dnn,0.21945685148239136,0.7033721804618835,0.8268229961395264,0.265421804312465,True
dnn,0.95,1,2,0.0,4.482221685612751,0.1100374866713432,dnn,0.20646759867668152,0.2050153762102127,0.8268229961395264,0.24971196935823992,True
dnn,0.95,1,8,0.0,6.69493964544323,0.1101141095661833,dnn,0.22518961131572723,0.7033721804618835,0.8268229961395264,0.2723552832554823,True
dnn,0.95,1,4,1.0,3.667470807015676,0.1102551289116898,dnn,0.8562045693397522,0.7720937728881836,0.8268229961395264,1.0,True
dnn,0.95,1,4,0.5,4.482221685612751,0.1104442244448872,dnn,0.5112263560295105,0.7377428412437439,0.8268229961395264,0.6183020530590577,True
dnn,0.95,1,8,0.5,5.477974412378556,0.1107972472788729,dnn,0.4352932870388031,0.6675595641136169,0.8268229961395264,0.5264649012802098,True
dnn,0.95,1,4,0.5,4.955148403871969,0.110872542754261,dnn,0.5926752090454102,0.7377428412437439,0.8268229961395264,0.7168102626712577,True
dnn,0.95,1,2,0.0,1.4869510248216484,0.1111015723832699,dnn,0.22972053289413452,0.2050153762102127,0.8268229961395264,0.27783520048028415,True
dnn,0.95,1,2,0.0,4.955148403871969,0.1111318875037773,dnn,0.22033250331878662,0.2050153762102127,0.8268229961395264,0.26648086028996404,True
dnn,0.95,1,2,0.0,5.477974412378556,0.1111454224046173,dnn,0.2181018590927124,0.2050153762102127,0.8268229961395264,0.2637830105246706,True
dnn,0.95,1,2,1.0,3.667470807015676,0.1115373688502367,dnn,0.6001185178756714,0.8143318891525269,0.8268229961395264,0.7258125628794212,True
dnn,0.95,1,8,0.5,4.482221685612751,0.1115833641740049,dnn,0.5673767328262329,0.6675595641136169,0.8268229961395264,0.6862130534290172,True
dnn,0.95,1,2,0.0,3.000820366267417,0.1117157601534105,dnn,0.1875971257686615,0.2050153762102127,0.8268229961395264,0.22688910038129187,True
dnn,0.95,1,2,1.0,4.054431795277528,0.1118117429895736,dnn,0.5831224322319031,0.8143318891525269,0.8268229961395264,0.7052566691474812,True
dnn,0.95,1,8,0.0,4.482221685612751,0.1118953077096327,dnn,0.36426857113838196,0.7033721804618835,0.8268229961395264,0.4405641507785442,True
dnn,0.95,1,4,0.5,3.317441949813717,0.1120611873449304,dnn,0.5871853232383728,0.7377428412437439,0.8268229961395264,0.7101705274042539,True
dnn,0.95,1,8,1.0,3.667470807015676,0.1123673017638023,dnn,0.7137736678123474,0.8268229961395264,0.8268229961395264,0.8632726365195316,True
dnn,0.95,1,8,1.0,4.054431795277528,0.1126334382901214,dnn,0.7544180750846863,0.8268229961395264,0.8268229961395264,0.912429962164935,True
dnn,0.95,1,2,0.0,0.2444312127604942,0.1129341437400694,dnn,0.19079117476940155,0.2050153762102127,0.8268229961395264,0.2307521388014292,True
dnn,0.95,1,8,1.0,3.317441949813717,0.1135173124964677,dnn,0.7766339182853699,0.8268229961395264,0.8268229961395264,0.9392988849022202,True
dnn,0.95,1,2,0.0,4.054431795277528,0.1136452080702157,dnn,0.197308748960495,0.2050153762102127,0.8268229961395264,0.23863481045125545,True
dnn,0.95,1,8,0.0,4.955148403871969,0.1137901316498123,dnn,0.269095242023468,0.7033721804618835,0.8268229961395264,0.32545689135387595,True
dnn,0.95,1,4,0.0,4.054431795277528,0.1139614963161676,dnn,0.36093857884407043,0.7185661196708679,0.8268229961395264,0.43653669591836325,True
dnn,0.95,1,2,0.5,3.667470807015676,0.1141349067036502,dnn,0.47262248396873474,0.6450660228729248,0.8268229961395264,0.5716126500779857,True
dnn,0.95,1,4,0.0,5.477974412378556,0.1142459828726308,dnn,0.24514296650886536,0.7185661196708679,0.8268229961395264,0.2964878428072863,True
dnn,0.95,1,8,0.5,4.054431795277528,0.1143488620821829,dnn,0.6581496596336365,0.6675595641136169,0.8268229961395264,0.7959982519917403,True
dnn,0.95,1,4,0.0,4.955148403871969,0.114392388915561,dnn,0.2517504394054413,0.7185661196708679,0.8268229961395264,0.304479242329828,True
dnn,0.95,1,4,0.0,3.667470807015676,0.1144725933325972,dnn,0.4538058340549469,0.7185661196708679,0.8268229961395264,0.5488548772515843,True
dnn,0.95,1,2,0.0,2.0090311238977194,0.1145167614276584,dnn,0.23170985281467438,0.2050153762102127,0.8268229961395264,0.28024118087733174,True
dnn,0.95,1,4,1.0,3.000820366267417,0.1146933636093732,dnn,0.593101441860199,0.7720937728881836,0.8268229961395264,0.7173257693961298,True
dnn,0.95,1,8,0.5,2.714417616594908,0.1148062918657805,dnn,0.5800750255584717,0.6675595641136169,0.8268229961395264,0.7015709870998605,True
dnn,0.95,1,2,0.5,3.317441949813717,0.1149020235987244,dnn,0.5280039310455322,0.6450660228729248,0.8268229961395264,0.6385936693957549,True
dnn,0.95,1,8,0.5,3.317441949813717,0.1149839904604257,dnn,0.5178846716880798,0.6675595641136169,0.8268229961395264,0.6263549442941314,True
dnn,0.95,2,8,0.0,0.5453349474995434,0.1150534352293079,dnn,4.991093760509102e-07,0.23780381679534912,0.8268229961395264,6.036471873439349e-07,True
dnn,0.95,1,8,0.5,3.667470807015676,0.115165271847419,dnn,0.541592001914978,0.6675595641136169,0.8268229961395264,0.6550277440802873,True
dnn,0.95,1,8,0.0,4.054431795277528,0.1152171843564957,dnn,0.4133043885231018,0.7033721804618835,0.8268229961395264,0.49987045649774925,True
dnn,0.95,1,4,1.0,3.317441949813717,0.1153922559797299,dnn,0.6957137584686279,0.7720937728881836,0.8268229961395264,0.8414301025938401,True
dnn,0.95,1,8,0.0,5.477974412378556,0.1156025516011603,dnn,0.22202083468437195,0.7033721804618835,0.8268229961395264,0.26852281046971016,True
dnn,0.95,1,8,0.5,2.455349570439492,0.1156727311087069,dnn,0.6053052544593811,0.6675595641136169,0.8268229961395264,0.7320856547115627,True
dnn,0.95,1,8,1.0,3.000820366267417,0.1159145716647313,dnn,0.7069685459136963,0.8268229961395264,0.8268229961395264,0.8550421906678505,True
dnn,0.95,1,4,0.0,4.482221685612751,0.1160096443701812,dnn,0.29120802879333496,0.7185661196708679,0.8268229961395264,0.3522011726246105,True
dnn,0.95,1,8,1.0,2.714417616594908,0.1160761568260888,dnn,0.6736872792243958,0.8268229961395264,0.8268229961395264,0.8147902058480132,True
dnn,0.95,1,2,1.0,2.714417616594908,0.11648715959173,dnn,0.8373530507087708,0.8143318891525269,0.8268229961395264,1.0,True
dnn,0.95,1,2,1.0,3.317441949813717,0.1164991368062374,dnn,0.7939393520355225,0.8143318891525269,0.8268229961395264,0.9602289193000931,True
dnn,0.95,1,2,1.0,3.000820366267417,0.1167229505601875,dnn,0.6421841382980347,0.8143318891525269,0.8268229961395264,0.7766887729253071,True
dnn,0.95,1,8,0.5,2.221007363126434,0.117218863602398,dnn,0.5664430260658264,0.6675595641136169,0.8268229961395264,0.6850837829989904,True
dnn,0.95,1,8,0.0,3.317441949813717,0.1174276895189437,dnn,0.5640414357185364,0.7033721804618835,0.8268229961395264,0.68217918266917,True
dnn,0.95,1,2,0.5,3.000820366267417,0.1174891699591677,dnn,0.5148047208786011,0.6450660228729248,0.8268229961395264,0.6226299017833894,True
dnn,0.95,1,8,0.0,3.667470807015676,0.1175317200902189,dnn,0.4849837124347687,0.7033721804618835,0.8268229961395264,0.5865629218093587,True
dnn,0.95,1,4,1.0,2.714417616594908,0.1181285236715895,dnn,0.589278519153595,0.7720937728881836,0.8268229961395264,0.7127021404883062,True
dnn,0.95,1,4,0.0,3.000820366267417,0.1181360009139984,dnn,0.49411556124687195,0.7185661196708679,0.8268229961395264,0.5976074245079294,True
dnn,0.95,1,8,0.5,3.000820366267417,0.118489381507773,dnn,0.5580182075500488,0.6675595641136169,0.8268229961395264,0.6748943971750433,True
dnn,0.95,1,4,0.0,2.714417616594908,0.1185526455456869,dnn,0.5446631908416748,0.7185661196708679,0.8268229961395264,0.6587421895432658,True
dnn,0.95,1,4,1.0,2.455349570439492,0.1187905433250059,dnn,0.659259557723999,0.7720937728881836,0.8268229961395264,0.7973406167972001,True
dnn,0.95,1,4,0.5,3.000820366267417,0.1188156743576161,dnn,0.5701487064361572,0.7377428412437439,0.8268229961395264,0.6895656133153131,True
dnn,0.95,1,8,1.0,2.0090311238977194,0.1189235045090031,dnn,0.5763052701950073,0.8268229961395264,0.8268229961395264,0.6970116613662204,True
dnn,0.95,1,2,1.0,1.817286211563076,0.1190755495406719,dnn,0.6530067324638367,0.8143318891525269,0.8268229961395264,0.7897781453984158,True
dnn,0.95,1,2,0.0,2.221007363126434,0.1191016252015142,dnn,0.23862548172473907,0.2050153762102127,0.8268229961395264,0.2886052792906005,True
dnn,0.95,1,2,0.5,2.714417616594908,0.1192741068828208,dnn,0.7335258722305298,0.6450660228729248,0.8268229961395264,0.8871619145275288,True
dnn,0.95,1,4,0.5,2.455349570439492,0.1196504413530786,dnn,0.8641186356544495,0.7377428412437439,0.8268229961395264,1.0,True
dnn,0.95,1,2,0.0,2.455349570439492,0.119761469765724,dnn,0.1952107548713684,0.2050153762102127,0.8268229961395264,0.23609739422199935,True
dnn,0.95,1,2,1.0,2.455349570439492,0.1199656342795303,dnn,0.8309147953987122,0.8143318891525269,0.8268229961395264,1.0,True
dnn,0.95,1,4,0.0,3.317441949813717,0.1202367551148158,dnn,0.5173384547233582,0.7185661196708679,0.8268229961395264,0.6256943228947848,True
dnn,0.95,1,4,0.5,2.0090311238977194,0.1203848354751857,dnn,0.6135936379432678,0.7377428412437439,0.8268229961395264,0.7421100293631938,True
dnn,0.95,1,2,1.0,2.221007363126434,0.1205665581476478,dnn,0.6747430562973022,0.8143318891525269,0.8268229961395264,0.8160671140591249,True
dnn,0.95,1,4,1.0,2.221007363126434,0.1205739419534887,dnn,0.6487365961074829,0.7720937728881836,0.8268229961395264,0.7846136345220962,True
dnn,0.95,1,8,1.0,2.455349570439492,0.1209267792940926,dnn,0.9601303339004517,0.8268229961395264,0.8268229961395264,1.0,True
dnn,0.95,1,2,1.0,2.0090311238977194,0.1209901630437434,dnn,0.6989070773124695,0.8143318891525269,0.8268229961395264,0.8452922579266638,True
dnn,0.95,2,2,0.5,0.2702215594677964,0.1209935156911282,dnn,0.29553884267807007,0.33624470233917236,0.8268229961395264,0.3574390698589108,True
dnn,0.95,1,2,0.5,2.0090311238977194,0.1209984766970748,dnn,0.5750133991241455,0.6450660228729248,0.8268229961395264,0.6954492095755789,True
dnn,0.95,1,2,0.5,2.455349570439492,0.1211012791870184,dnn,0.4822484850883484,0.6450660228729248,0.8268229961395264,0.5832548046437849,True
dnn,0.95,1,4,0.0,2.455349570439492,0.1219297181949633,dnn,0.5191056132316589,0.7185661196708679,0.8268229961395264,0.6278316104600214,True
dnn,0.95,1,4,1.0,1.817286211563076,0.1219358261805663,dnn,0.8078005909919739,0.7720937728881836,0.8268229961395264,0.9769933767730591,True
dnn,0.95,1,4,0.5,1.817286211563076,0.1220001587439193,dnn,0.6374093890190125,0.7377428412437439,0.8268229961395264,0.770913958604327,True
dnn,0.95,1,8,1.0,2.221007363126434,0.1220638662570019,dnn,0.6769840121269226,0.8268229961395264,0.8268229961395264,0.8187774351799494,True
dnn,0.95,1,8,1.0,1.817286211563076,0.1222005179521811,dnn,0.5735898017883301,0.8268229961395264,0.8268229961395264,0.6937274416246846,True
dnn,0.95,2,2,0.0,0.2702215594677964,0.1224650244274362,dnn,0.23775626718997955,0.25696733593940735,0.8268229961395264,0.2875540088992133,True
dnn,0.95,1,8,0.0,3.000820366267417,0.1225774403417756,dnn,0.5385734438896179,0.7033721804618835,0.8268229961395264,0.6513769529926495,True
dnn,0.95,1,2,0.5,2.221007363126434,0.1226407514826535,dnn,0.4674796164035797,0.6450660228729248,0.8268229961395264,0.5653926155734214,True
dnn,0.95,2,8,1.0,1.3450342120312204,0.1229214201228755,dnn,6.2112666121549864e-09,0.757675290107727,0.8268229961395264,7.512208345868062e-09,True
dnn,0.95,1,8,0.5,1.4869510248216484,0.1232157154833255,dnn,0.6182395219802856,0.6675595641136169,0.8268229961395264,0.7477289877844154,True
dnn,0.95,1,8,0.5,1.643841718255735,0.1233284269747864,dnn,0.5798459649085999,0.6675595641136169,0.8268229961395264,0.7012939499940455,True
dnn,0.95,1,8,1.0,1.3450342120312204,0.1238071035199406,dnn,0.6446782350540161,0.8268229961395264,0.8268229961395264,0.779705255011106,True
dnn,0.95,1,2,1.0,1.4869510248216484,0.123983376983115,dnn,0.7225642204284668,0.8143318891525269,0.8268229961395264,0.873904358976651,True
dnn,0.95,1,8,0.5,2.0090311238977194,0.1243256836176888,dnn,0.5676620602607727,0.6675595641136169,0.8268229961395264,0.6865581423245511,True
dnn,0.95,1,8,1.0,1.643841718255735,0.1243982856322956,dnn,0.6918914914131165,0.8268229961395264,0.8268229961395264,0.8368072666623798,True
dnn,0.95,1,2,1.0,1.643841718255735,0.1244134242179149,dnn,0.6892967820167542,0.8143318891525269,0.8268229961395264,0.8336690987492024,True
dnn,0.95,1,4,0.5,1.643841718255735,0.1248108244281485,dnn,0.6120831370353699,0.7377428412437439,0.8268229961395264,0.7402831559997889,True
dnn,0.95,1,8,0.0,2.714417616594908,0.1255555727807772,dnn,0.565037190914154,0.7033721804618835,0.8268229961395264,0.6833834974986642,True
dnn,0.95,1,4,1.0,2.0090311238977194,0.125572106670704,dnn,0.6260483860969543,0.7720937728881836,0.8268229961395264,0.7571734083594703,True
dnn,0.95,1,4,0.5,2.714417616594908,0.1256813490253116,dnn,0.6604564189910889,0.7377428412437439,0.8268229961395264,0.798788159103931,True
dnn,0.95,1,4,0.5,2.221007363126434,0.1258103627374885,dnn,0.6127569675445557,0.7377428412437439,0.8268229961395264,0.741098119434928,True
dnn,0.95,1,8,0.5,1.817286211563076,0.1263898269615886,dnn,0.5966561436653137,0.6675595641136169,0.8268229961395264,0.7216249988826242,True
dnn,0.95,1,8,1.0,1.4869510248216484,0.1263991908633333,dnn,0.8490683436393738,0.8268229961395264,0.8268229961395264,1.0,True
dnn,0.95,1,2,0.0,1.817286211563076,0.1264538060191276,dnn,0.21583595871925354,0.2050153762102127,0.8268229961395264,0.26104252025766256,True
dnn,0.95,1,2,0.5,1.1005421090383831,0.1267946086444517,dnn,0.569487452507019,0.6450660228729248,0.8268229961395264,0.6887658606085963,True
dnn,0.95,1,8,0.5,1.3450342120312204,0.1268097445895442,dnn,0.5951777100563049,0.6675595641136169,0.8268229961395264,0.7198369092722582,True
dnn,0.95,1,4,1.0,1.4869510248216484,0.1270147308712912,dnn,0.7317015528678894,0.7720937728881836,0.8268229961395264,0.8849554938411689,True
dnn,0.95,1,4,0.5,1.2166621504910964,0.12718493972648,dnn,0.651633083820343,0.7377428412437439,0.8268229961395264,0.788116787828649,True
dnn,0.95,1,4,1.0,1.1005421090383831,0.1274954445551652,dnn,0.8805227279663086,0.7720937728881836,0.8268229961395264,1.0,True
dnn,0.95,1,2,1.0,1.3450342120312204,0.1278689938528896,dnn,0.9794384837150574,0.8143318891525269,0.8268229961395264,1.0,True
dnn,0.95,1,8,1.0,1.1005421090383831,0.128047190311525,dnn,0.731063723564148,0.8268229961395264,0.8268229961395264,0.8841840720172482,True
dnn,0.95,1,2,1.0,1.2166621504910964,0.1282541065334631,dnn,0.5880993604660034,0.8143318891525269,0.8268229961395264,0.7112760085433831,True
dnn,0.95,1,2,0.5,0.8145479666433055,0.1282809622317501,dnn,0.5891318917274475,0.6450660228729248,0.8268229961395264,0.7125248021379796,True
dnn,0.95,1,4,1.0,1.643841718255735,0.1284248146284183,dnn,0.7380213737487793,0.7720937728881836,0.8268229961395264,0.8925989930065252,True
dnn,0.95,2,8,1.0,1.1005421090383831,0.128565739943841,dnn,0.0014182917075231671,0.757675290107727,0.8268229961395264,0.0017153510656394836,True
dnn,0.95,1,4,0.0,2.0090311238977194,0.1285794922286811,dnn,0.5336451530456543,0.7185661196708679,0.8268229961395264,0.6454164380251486,True
dnn,0.95,1,2,0.5,0.2987330888578299,0.1287747833403434,dnn,0.7215874791145325,0.6450660228729248,0.8268229961395264,0.872723040461691,True
dnn,0.95,1,2,0.5,0.4932873707061831,0.1289905028901057,dnn,0.6586787104606628,0.6450660228729248,0.8268229961395264,0.7966381118281219,True
dnn,0.95,1,4,1.0,1.2166621504910964,0.1290291603459416,dnn,0.9784518480300903,0.7720937728881836,0.8268229961395264,1.0,True
dnn,0.95,1,2,0.0,1.3450342120312204,0.12904090124111,dnn,0.16504926979541779,0.2050153762102127,0.8268229961395264,0.19961862522697146,True
dnn,0.95,2,8,1.0,0.9955047366910889,0.1291756333267712,dnn,0.410702645778656,0.757675290107727,0.8268229961395264,0.49672378211085694,True
dnn,0.95,1,2,0.5,1.2166621504910964,0.1295206763786759,dnn,0.5468783378601074,0.6450660228729248,0.8268229961395264,0.6614212962308824,True
dnn,0.95,2,4,1.0,0.900492287060531,0.129544720764546,dnn,1.9012173779753283e-10,0.5955424308776855,0.8268229961395264,2.2994248912429835e-10,True
dnn,0.95,2,8,1.0,1.4869510248216484,0.129570756238448,dnn,1.745197597546877e-10,0.757675290107727,0.8268229961395264,2.1107269702164584e-10,True
dnn,0.95,1,8,1.0,1.2166621504910964,0.1296568988597586,dnn,0.6735117435455322,0.8268229961395264,0.8268229961395264,0.8145779044489434,True
dnn,0.95,1,4,1.0,0.9955047366910889,0.1297613015544661,dnn,0.6537684202194214,0.7720937728881836,0.8268229961395264,0.7906993676662302,True
dnn,0.95,1,2,1.0,1.1005421090383831,0.1299557402071581,dnn,0.61228346824646,0.8143318891525269,0.8268229961395264,0.7405254463231417,True
dnn,0.95,1,4,0.5,1.4869510248216484,0.1301036516030095,dnn,0.6097933053970337,0.7377428412437439,0.8268229961395264,0.7375137220955222,True
dnn,0.95,1,4,0.5,1.3450342120312204,0.1306446622558549,dnn,0.6641231179237366,0.7377428412437439,0.8268229961395264,0.8032228433710203,True
dnn,0.95,1,4,1.0,0.900492287060531,0.1306582646098886,dnn,0.7501204609870911,0.7720937728881836,0.8268229961395264,0.9072322183701192,True
dnn,0.95,1,4,1.0,0.8145479666433055,0.1309886663947209,dnn,0.7545952200889587,0.7720937728881836,0.8268229961395264,0.9126442099605329,True
dnn,0.95,2,2,0.5,0.2,0.1312393404875122,dnn,0.26666200160980225,0.33624470233917236,0.8268229961395264,0.3225140118923386,True
dnn,0.95,1,2,1.0,0.9955047366910889,0.1315861087937961,dnn,0.7627687454223633,0.8143318891525269,0.8268229961395264,0.9225296695710747,True
dnn,0.95,1,4,1.0,1.3450342120312204,0.1317433007143304,dnn,0.7490765452384949,0.7720937728881836,0.8268229961395264,0.9059696558223064,True
dnn,0.95,1,8,1.0,0.9955047366910889,0.1320603138853918,dnn,0.6996542811393738,0.8268229961395264,0.8268229961395264,0.8461959626257264,True
dnn,0.95,1,2,0.5,0.2,0.1321045768865183,dnn,0.6720112562179565,0.6450660228729248,0.8268229961395264,0.8127631419972682,True
dnn,0.95,1,2,0.0,0.900492287060531,0.1321082616770499,dnn,0.18614177405834198,0.2050153762102127,0.8268229961395264,0.22512892714335023,True
dnn,0.95,1,2,0.5,0.2211023350218148,0.1325027290395637,dnn,0.6666021347045898,0.6450660228729248,0.8268229961395264,0.8062210870004646,True
dnn,0.95,1,8,0.0,2.221007363126434,0.1327862505458574,dnn,0.6816214919090271,0.7033721804618835,0.8268229961395264,0.8243862290859693,True
dnn,0.95,1,2,1.0,0.900492287060531,0.1329305194027207,dnn,0.7729507684707642,0.8143318891525269,0.8268229961395264,0.9348443041372893,True
dnn,0.95,2,8,1.0,0.900492287060531,0.1331111612324364,dnn,0.6042813658714294,0.757675290107727,0.8268229961395264,0.7308473139872091,True
dnn,0.95,1,4,1.0,0.6664844128899691,0.1331894860467048,dnn,0.7793073654174805,0.7720937728881836,0.8268229961395264,0.9425322820677479,True
dnn,0.95,2,8,1.0,1.2166621504910964,0.1332746690629483,dnn,7.198252092166513e-07,0.757675290107727,0.8268229961395264,8.70591665419984e-07,True
dnn,0.95,1,8,1.0,0.900492287060531,0.1333237325092206,dnn,0.636294424533844,0.8268229961395264,0.8268229961395264,0.769565466254242,True
dnn,0.95,1,2,0.5,0.2702215594677964,0.13339604341596,dnn,0.6632800698280334,0.6450660228729248,0.8268229961395264,0.8022032199454029,True
dnn,0.95,2,8,1.0,0.8145479666433055,0.1335686247462351,dnn,0.6174694895744324,0.757675290107727,0.8268229961395264,0.7467976730901597,True
dnn,0.95,1,8,0.5,0.9955047366910889,0.1337785299170657,dnn,0.6254213452339172,0.6675595641136169,0.8268229961395264,0.7564150346011632,True
dnn,0.95,2,4,1.0,0.4932873707061831,0.1339468732643744,dnn,1.3252722055767663e-05,0.5955424308776855,0.8268229961395264,1.6028487496895e-05,True
dnn,0.95,1,2,0.0,0.6664844128899691,0.1340460095458832,dnn,0.15789303183555603,0.2050153762102127,0.8268229961395264,0.19096352251058046,True
dnn,0.95,2,8,1.0,0.6664844128899691,0.1345402741594194,dnn,0.5641127824783325,0.757675290107727,0.8268229961395264,0.6822654729152435,True
dnn,0.95,1,2,1.0,0.6028741513057392,0.1347168934338848,dnn,0.7026992440223694,0.8143318891525269,0.8268229961395264,0.849878689034175,True
dnn,0.95,2,8,1.0,0.6028741513057392,0.1349996661512412,dnn,0.5229191780090332,0.757675290107727,0.8268229961395264,0.6324439214324786,True
dnn,0.95,1,4,1.0,0.6028741513057392,0.13515718140752,dnn,0.6226770877838135,0.7720937728881836,0.8268229961395264,0.7530959959884047,True
dnn,0.95,1,8,0.0,2.455349570439492,0.1352560629603796,dnn,0.790319561958313,0.7033721804618835,0.8268229961395264,0.9558509688873561,True
dnn,0.95,1,4,0.5,0.9955047366910889,0.1356798871741241,dnn,1.0198522806167603,0.7377428412437439,0.8268229961395264,1.0,True
dnn,0.95,1,2,0.5,1.817286211563076,0.1357060848992346,dnn,0.5629677176475525,0.6450660228729248,0.8268229961395264,0.6808805757412094,True
dnn,0.95,1,2,1.0,0.6664844128899691,0.1357576271778598,dnn,0.755265474319458,0.8143318891525269,0.8268229961395264,0.9134548480700542,True
dnn,0.95,1,4,0.5,0.8145479666433055,0.1357630010296683,dnn,0.7014105916023254,0.7377428412437439,0.8268229961395264,0.8483201300365893,True
dnn,0.95,1,4,0.0,1.643841718255735,0.1359276579860226,dnn,0.6101050972938538,0.7185661196708679,0.8268229961395264,0.7378908184006272,True
dnn,0.95,1,8,0.5,1.2166621504910964,0.1359601502085522,dnn,1.0040873289108276,0.6675595641136169,0.8268229961395264,1.0,True
dnn,0.95,1,8,1.0,0.8145479666433055,0.1361058010668892,dnn,0.8731401562690735,0.8268229961395264,0.8268229961395264,1.0,True
dnn,0.95,1,8,1.0,0.6664844128899691,0.1362596305720463,dnn,0.9852293729782104,0.8268229961395264,0.8268229961395264,1.0,True
dnn,0.95,1,2,1.0,0.7368062997280775,0.1365369819556556,dnn,0.9229366183280945,0.8143318891525269,0.8268229961395264,1.0,True
dnn,0.95,1,2,1.0,0.5453349474995434,0.1365826709082976,dnn,0.7030124664306641,0.8143318891525269,0.8268229961395264,0.8502575154695271,True
dnn,0.95,1,8,0.5,0.8145479666433055,0.1366952015924813,dnn,0.9691232442855835,0.6675595641136169,0.8268229961395264,1.0,True
dnn,0.95,2,8,1.0,0.5453349474995434,0.1367487412439614,dnn,0.6694557666778564,0.757675290107727,0.8268229961395264,0.809672408488365,True
dnn,0.95,1,2,0.5,1.643841718255735,0.1370821281744982,dnn,0.52668297290802,0.6450660228729248,0.8268229961395264,0.6369960382900892,True
dnn,0.95,2,2,1.0,0.3302529174737275,0.1375678549231168,dnn,0.7058199644088745,0.7646994590759277,0.8268229961395264,0.853653040256959,True
dnn,0.95,1,4,0.0,2.221007363126434,0.1376238215306277,dnn,0.6102966666221619,0.7185661196708679,0.8268229961395264,0.7381225116762165,True
dnn,0.95,1,4,0.5,0.900492287060531,0.1376281472680409,dnn,0.6442123055458069,0.7377428412437439,0.8268229961395264,0.7791417371718772,True
dnn,0.95,1,2,0.5,1.4869510248216484,0.1376516078770346,dnn,0.5322816371917725,0.6450660228729248,0.8268229961395264,0.6437673355446321,True
dnn,0.95,1,4,0.0,1.3450342120312204,0.1376654361564228,dnn,0.6184219717979431,0.7185661196708679,0.8268229961395264,0.7479496514796795,True
dnn,0.95,2,2,1.0,0.4036206056789731,0.1377407784441045,dnn,0.9236109852790833,0.7646994590759277,0.8268229961395264,1.0,True
dnn,0.95,1,8,1.0,0.7368062997280775,0.1377495798408436,dnn,0.7616062760353088,0.8268229961395264,0.8268229961395264,0.9211237224790344,True
dnn,0.95,1,8,1.0,0.6028741513057392,0.1378433638968865,dnn,0.776899516582489,0.8268229961395264,0.8268229961395264,0.9396201124180964,True
dnn,0.95,1,4,1.0,0.5453349474995434,0.1378868994003871,dnn,0.6511647701263428,0.7720937728881836,0.8268229961395264,0.7875503864390084,True
dnn,0.95,2,8,1.0,0.3650984560060393,0.1380857771068788,dnn,0.7443238496780396,0.757675290107727,0.8268229961395264,0.9002215143426355,True
dnn,0.95,1,8,1.0,0.5453349474995434,0.138104875443212,dnn,0.7859196662902832,0.8268229961395264,0.8268229961395264,0.9505295207798735,True
dnn,0.95,1,2,0.5,0.6664844128899691,0.1381703710310352,dnn,0.6619471311569214,0.6450660228729248,0.8268229961395264,0.8005910989989178,True
dnn,0.95,1,4,0.5,1.1005421090383831,0.138220543368956,dnn,1.0160443782806396,0.7377428412437439,0.8268229961395264,1.0,True
dnn,0.95,1,8,0.5,0.7368062997280775,0.1382721870209363,dnn,0.6898737549781799,0.6675595641136169,0.8268229961395264,0.8343669179488614,True
dnn,0.95,1,8,1.0,0.4932873707061831,0.1383047191596767,dnn,0.7653579711914062,0.8268229961395264,0.8268229961395264,0.9256612053183051,True
dnn,0.95,1,4,0.0,1.817286211563076,0.1384894398574273,dnn,0.578026294708252,0.7185661196708679,0.8268229961395264,0.6990931522309886,True
dnn,0.95,2,8,1.0,0.4462072918927006,0.1384910895381139,dnn,0.7269286513328552,0.757675290107727,0.8268229961395264,0.8791829142717579,True
dnn,0.95,1,8,0.5,0.900492287060531,0.1385263469450554,dnn,0.6445175409317017,0.6675595641136169,0.8268229961395264,0.7795109037133497,True
dnn,0.95,2,2,1.0,0.2987330888578299,0.1386931411455769,dnn,0.7678569555282593,0.7646994590759277,0.8268229961395264,0.9286835986824481,True
dnn,0.95,2,8,1.0,0.4932873707061831,0.1388729952186263,dnn,0.5399839282035828,0.757675290107727,0.8268229961395264,0.6530828614162788,True
dnn,0.95,1,4,1.0,0.3650984560060393,0.1389959758686527,dnn,0.8127604126930237,0.7720937728881836,0.8268229961395264,0.9829920266947563,True
dnn,0.95,1,2,1.0,0.8145479666433055,0.1391186527236142,dnn,0.7628811001777649,0.8143318891525269,0.8268229961395264,0.9226655568842315,True
dnn,0.95,2,4,1.0,0.3650984560060393,0.1391293061885301,dnn,0.3849407434463501,0.5955424308776855,0.8268229961395264,0.4655660827573201,True
dnn,0.95,1,2,0.5,0.9955047366910889,0.1392754206636506,dnn,0.6100496649742126,0.6450660228729248,0.8268229961395264,0.7378237758535525,True
dnn,0.95,1,4,1.0,0.4036206056789731,0.1392923367562481,dnn,0.7787545323371887,0.7720937728881836,0.8268229961395264,0.9418636588160084,True
dnn,0.95,2,4,1.0,0.8145479666433055,0.1393177765934591,dnn,9.567961978262929e-10,0.5955424308776855,0.8268229961395264,1.1571959201589909e-09,True
dnn,0.95,1,8,1.0,0.4462072918927006,0.1393568327972133,dnn,0.778066098690033,0.8268229961395264,0.8268229961395264,0.9410310336345971,True
dnn,0.95,1,2,1.0,0.4932873707061831,0.1394048562533,dnn,0.7818187475204468,0.8143318891525269,0.8268229961395264,0.9455696698940325,True
dnn,0.95,1,4,1.0,0.4932873707061831,0.1395389425446639,dnn,0.6992504596710205,0.7720937728881836,0.8268229961395264,0.8457075612747254,True
dnn,0.95,1,4,1.0,0.7368062997280775,0.1395603264736577,dnn,0.6130037903785706,0.7720937728881836,0.8268229961395264,0.741396638991311,True
dnn,0.95,2,2,1.0,0.5453349474995434,0.1396460332445636,dnn,0.6550477147102356,0.7646994590759277,0.8268229961395264,0.7922466087284494,True
dnn,0.95,1,4,0.0,0.8145479666433055,0.1396467596899494,dnn,0.6226620674133301,0.7185661196708679,0.8268229961395264,0.7530778296208103,True
dnn,0.95,2,8,1.0,0.4036206056789731,0.139787901201031,dnn,0.9459556341171265,0.757675290107727,0.8268229961395264,1.0,True
dnn,0.95,1,2,1.0,0.2702215594677964,0.1400746100608167,dnn,0.8045052886009216,0.8143318891525269,0.8268229961395264,0.9730078775713701,True
dnn,0.95,1,2,1.0,0.4036206056789731,0.1401569157090192,dnn,0.8130326271057129,0.8143318891525269,0.8268229961395264,0.9833212560630252,True
dnn,0.95,1,4,0.5,0.6028741513057392,0.1402165209454827,dnn,0.6851677894592285,0.7377428412437439,0.8268229961395264,0.8286752940572621,True
dnn,0.95,2,8,1.0,0.7368062997280775,0.1403982830158165,dnn,0.5853805541992188,0.757675290107727,0.8268229961395264,0.7079877518312708,True
dnn,0.95,1,8,1.0,0.3650984560060393,0.1407103642095441,dnn,0.7844002842903137,0.8268229961395264,0.8268229961395264,0.9486919061911846,True
dnn,0.95,2,8,1.0,0.2987330888578299,0.1411413296383664,dnn,0.7038500308990479,0.757675290107727,0.8268229961395264,0.8512705067291975,True
dnn,0.95,2,8,1.0,0.3302529174737275,0.1413493834046575,dnn,0.710099995136261,0.757675290107727,0.8268229961395264,0.8588295178674876,True
dnn,0.95,1,2,1.0,0.4462072918927006,0.1418733246990399,dnn,0.7778469920158386,0.8143318891525269,0.8268229961395264,0.9407660353517513,True
dnn,0.95,2,4,1.0,0.7368062997280775,0.1420110624705457,dnn,5.549601223009404e-09,0.5955424308776855,0.8268229961395264,6.711957999379239e-09,True
dnn,0.95,2,4,1.0,0.3302529174737275,0.1420300887749402,dnn,0.41926807165145874,0.5955424308776855,0.8268229961395264,0.5070832253203408,True
dnn,0.95,2,4,1.0,0.2987330888578299,0.1421496748883396,dnn,0.39090394973754883,0.5955424308776855,0.8268229961395264,0.4727782748698293,True
dnn,0.95,2,8,1.0,0.2702215594677964,0.1421645964317621,dnn,0.5627740621566772,0.757675290107727,0.8268229961395264,0.6806463593590099,True
dnn,0.95,1,4,1.0,0.4462072918927006,0.1423427138804164,dnn,0.8070534467697144,0.7720937728881836,0.8268229961395264,0.9760897441627568,True
dnn,0.95,1,2,1.0,0.2987330888578299,0.1424769997499643,dnn,0.7437028884887695,0.8143318891525269,0.8268229961395264,0.8994704936378786,True
dnn,0.95,1,8,1.0,0.2702215594677964,0.1424968606194745,dnn,1.0480748414993286,0.8268229961395264,0.8268229961395264,1.0,True
dnn,0.95,1,2,0.5,1.3450342120312204,0.1426607275727618,dnn,0.6266501545906067,0.6450660228729248,0.8268229961395264,0.7579012164834122,True
dnn,0.95,1,8,1.0,0.4036206056789731,0.1428721784630186,dnn,0.8021776676177979,0.8268229961395264,0.8268229961395264,0.970192739393076,True
dnn,0.95,2,4,1.0,0.2702215594677964,0.142948297920307,dnn,0.37817785143852234,0.5955424308776855,0.8268229961395264,0.4573867117923082,True
dnn,0.95,2,4,1.0,0.2444312127604942,0.1430705014136481,dnn,0.4192097783088684,0.5955424308776855,0.8268229961395264,0.507012722512772,True
dnn,0.95,1,4,1.0,0.2444312127604942,0.1432059794437022,dnn,0.9092493653297424,0.7720937728881836,0.8268229961395264,1.0,True
dnn,0.95,1,4,1.0,0.2987330888578299,0.143488044862331,dnn,0.7346994280815125,0.7720937728881836,0.8268229961395264,0.8885812701289841,True
dnn,0.95,2,8,1.0,0.2211023350218148,0.1435882019772482,dnn,0.7398901581764221,0.757675290107727,0.8268229961395264,0.8948591919080655,True
dnn,0.95,1,4,1.0,0.3302529174737275,0.1436092552031096,dnn,0.9327226877212524,0.7720937728881836,0.8268229961395264,1.0,True
dnn,0.95,1,8,1.0,0.3302529174737275,0.1436836812314976,dnn,0.9779884815216064,0.8268229961395264,0.8268229961395264,1.0,True
dnn,0.95,1,2,1.0,0.3302529174737275,0.1438773875997223,dnn,0.8145156502723694,0.8143318891525269,0.8268229961395264,0.9851148965079339,True
dnn,0.95,2,8,0.5,0.6028741513057392,0.1439928452172474,dnn,1.8239576093037613e-05,0.3693130612373352,0.8268229961395264,2.2059831642563175e-05,True
dnn,0.95,1,8,0.0,2.0090311238977194,0.1442234188710206,dnn,0.6791949272155762,0.7033721804618835,0.8268229961395264,0.8214514235655851,True
dnn,0.95,1,2,0.0,0.4932873707061831,0.1443434563069944,dnn,0.18894372880458832,0.2050153762102127,0.8268229961395264,0.22851774767607463,True
dnn,0.95,1,2,1.0,0.3650984560060393,0.1443632312615921,dnn,0.7964179515838623,0.8143318891525269,0.8268229961395264,0.9632266583082152,True
dnn,0.95,2,8,1.0,0.2444312127604942,0.1448860772556479,dnn,0.8724051117897034,0.757675290107727,0.8268229961395264,1.0,True
dnn,0.95,1,8,0.5,1.1005421090383831,0.1449030629881518,dnn,0.636475145816803,0.6675595641136169,0.8268229961395264,0.7697840393754576,True
dnn,0.95,2,4,1.0,0.2,0.1452761561780443,dnn,0.5557684898376465,0.5955424308776855,0.8268229961395264,0.6721734790064554,True
dnn,0.95,1,4,0.5,0.6664844128899691,0.1453142546675144,dnn,0.976306676864624,0.7377428412437439,0.8268229961395264,1.0,True
dnn,0.95,1,2,1.0,0.2444312127604942,0.1453686583368919,dnn,0.7965397238731384,0.8143318891525269,0.8268229961395264,0.9633739356454987,True
dnn,0.95,1,8,0.5,0.6664844128899691,0.1458274832833335,dnn,0.9959791898727417,0.6675595641136169,0.8268229961395264,1.0,True
dnn,0.95,2,8,1.0,0.2,0.1458639679963592,dnn,0.7406059503555298,0.757675290107727,0.8268229961395264,0.8957249058304524,True
dnn,0.95,1,4,1.0,0.2,0.1459158098330546,dnn,0.7348276376724243,0.7720937728881836,0.8268229961395264,0.8887363330523794,True
dnn,0.95,1,2,0.5,0.4036206056789731,0.1461287273053541,dnn,0.6455798149108887,0.6450660228729248,0.8268229961395264,0.7807956695993336,True
dnn,0.95,2,2,1.0,0.4932873707061831,0.1463251481558414,dnn,0.9111483097076416,0.7646994590759277,0.8268229961395264,1.0,True
dnn,0.95,1,8,1.0,0.2211023350218148,0.1463720866320144,dnn,0.7623479962348938,0.8268229961395264,0.8268229961395264,0.9220207950121498,True
dnn,0.95,1,2,0.0,1.1005421090383831,0.1463956007053757,dnn,0.16860738396644592,0.2050153762102127,0.8268229961395264,0.20392198179499282,True
dnn,0.95,2,4,1.0,0.4036206056789731,0.1464064997224864,dnn,0.007928803563117981,0.5955424308776855,0.8268229961395264,0.009589481182959256,True
dnn,0.95,2,4,1.0,0.2211023350218148,0.1464242068047443,dnn,0.47448182106018066,0.5955424308776855,0.8268229961395264,0.5738614229110192,True
dnn,0.95,1,2,1.0,0.2211023350218148,0.1464849629603805,dnn,0.9873369336128235,0.8143318891525269,0.8268229961395264,1.0,True
dnn,0.95,2,2,1.0,0.2211023350218148,0.1465438101528824,dnn,0.7340441942214966,0.7646994590759277,0.8268229961395264,0.8877887983870573,True
dnn,0.95,1,4,1.0,0.2702215594677964,0.1467144496436602,dnn,0.7941861748695374,0.7720937728881836,0.8268229961395264,0.9605274388564762,True
dnn,0.95,1,8,1.0,0.2,0.1468678890238876,dnn,0.6195783615112305,0.8268229961395264,0.8268229961395264,0.7493482455181697,True
dnn,0.95,1,4,1.0,0.2211023350218148,0.1469766748998933,dnn,0.7660884857177734,0.7720937728881836,0.8268229961395264,0.9265447251644849,True
dnn,0.95,1,8,1.0,0.2987330888578299,0.1471112737451309,dnn,0.793072521686554,0.8268229961395264,0.8268229961395264,0.9591805324591177,True
dnn,0.95,1,4,0.0,1.2166621504910964,0.1472467253777072,dnn,0.6253436207771301,0.7185661196708679,0.8268229961395264,0.756321030857738,True
dnn,0.95,2,2,1.0,0.2,0.1472998457408762,dnn,0.7501524686813354,0.7646994590759277,0.8268229961395264,0.9072709300343978,True
dnn,0.95,1,8,1.0,0.2444312127604942,0.1476961662070753,dnn,0.7840337157249451,0.8268229961395264,0.8268229961395264,0.9482485603153682,True
dnn,0.95,1,2,0.5,0.3302529174737275,0.1478463245737069,dnn,1.0146766901016235,0.6450660228729248,0.8268229961395264,1.0,True
dnn,0.95,1,2,0.5,0.5453349474995434,0.1478948407295107,dnn,0.6094446182250977,0.6450660228729248,0.8268229961395264,0.7370920028477944,True
dnn,0.95,1,4,0.5,0.4036206056789731,0.1480368985360008,dnn,0.7167099714279175,0.7377428412437439,0.8268229961395264,0.8668239451179617,True
dnn,0.95,2,4,1.0,0.4462072918927006,0.1483272248211811,dnn,0.00018338159134145826,0.5955424308776855,0.8268229961395264,0.0002217906277373454,True
dnn,0.95,1,2,0.0,0.2987330888578299,0.1486587558715278,dnn,0.17010252177715302,0.2050153762102127,0.8268229961395264,0.2057302742804316,True
dnn,0.95,1,2,1.0,0.2,0.1486991463472353,dnn,0.8035525679588318,0.8143318891525269,0.8268229961395264,0.971855610826809,True
dnn,0.95,1,4,0.5,0.7368062997280775,0.1490335412794065,dnn,0.714202880859375,0.7377428412437439,0.8268229961395264,0.8637917476824184,True
dnn,0.95,1,4,0.5,0.3302529174737275,0.1491098354102832,dnn,0.7157667875289917,0.7377428412437439,0.8268229961395264,0.865683212575048,True
dnn,0.95,1,4,0.0,0.5453349474995434,0.149512711881125,dnn,0.610888659954071,0.7185661196708679,0.8268229961395264,0.73883849724347,True
dnn,0.95,1,8,0.5,0.4932873707061831,0.1501806999867495,dnn,1.048141598701477,0.6675595641136169,0.8268229961395264,1.0,True
dnn,0.95,2,2,1.0,0.2444312127604942,0.1502720761309072,dnn,0.7417558431625366,0.7646994590759277,0.8268229961395264,0.8971156421940705,True
dnn,0.95,2,2,0.5,0.7368062997280775,0.1510486892368918,dnn,3.692966129165143e-05,0.33624470233917236,0.8268229961395264,4.4664530938396334e-05,True
dnn,0.95,1,2,0.5,0.4462072918927006,0.1515275282303331,dnn,0.5869309902191162,0.6450660228729248,0.8268229961395264,0.7098629246640736,True
dnn,0.95,1,4,0.5,0.5453349474995434,0.1517979686581189,dnn,0.7231208682060242,0.7377428412437439,0.8268229961395264,0.8745775959090494,True
dnn,0.95,1,4,0.0,1.4869510248216484,0.1523276323015735,dnn,0.6595161557197571,0.7185661196708679,0.8268229961395264,0.7976509589102717,True
dnn,0.95,1,2,0.0,0.5453349474995434,0.1524613419088084,dnn,0.15999165177345276,0.2050153762102127,0.8268229961395264,0.19350169567181966,True
dnn,0.95,1,8,0.5,0.5453349474995434,0.1528710887944036,dnn,0.6797661185264587,0.6675595641136169,0.8268229961395264,0.8221422501554955,True
dnn,0.95,2,8,0.5,0.8145479666433055,0.1528917825428583,dnn,2.430834342703747e-07,0.3693130612373352,0.8268229961395264,2.939969442133832e-07,True
dnn,0.95,1,4,0.5,0.2702215594677964,0.1534580669854173,dnn,0.6993749737739563,0.7377428412437439,0.8268229961395264,0.8458581546949824,True
dnn,0.95,1,4,0.5,0.4932873707061831,0.1535387489274778,dnn,1.0324674844741821,0.7377428412437439,0.8268229961395264,1.0,True
dnn,0.95,1,2,0.5,0.2444312127604942,0.1538206777725279,dnn,0.6765273213386536,0.6450660228729248,0.8268229961395264,0.8182250910985663,True
dnn,0.95,1,2,0.0,0.4036206056789731,0.1539376122312582,dnn,0.16727371513843536,0.2050153762102127,0.8268229961395264,0.20230897776119416,True
dnn,0.95,2,2,0.5,0.2444312127604942,0.1540879111459133,dnn,0.28178223967552185,0.33624470233917236,0.8268229961395264,0.3408011642046433,True
dnn,0.95,2,8,0.5,0.4932873707061831,0.1541469074193342,dnn,0.0006808427860960364,0.3693130612373352,0.8268229961395264,0.0008234444243507038,True
dnn,0.95,1,4,0.5,0.2987330888578299,0.1543213538227945,dnn,0.7246529459953308,0.7377428412437439,0.8268229961395264,0.8764305654036812,True
dnn,0.95,2,8,0.5,0.900492287060531,0.1544465030537119,dnn,4.803414554999108e-08,0.3693130612373352,0.8268229961395264,5.8094835018213884e-08,True
dnn,0.95,2,4,0.5,0.4932873707061831,0.1545090035669034,dnn,1.9576333609716556e-10,1.9296365394438908e-07,0.8268229961395264,2.3676571286864703e-10,True
dnn,0.95,2,2,0.5,0.2211023350218148,0.1545557010418851,dnn,0.3168085813522339,0.33624470233917236,0.8268229961395264,0.3831637277040278,True
dnn,0.95,2,4,0.5,0.2211023350218148,0.1550589410519706,dnn,6.746196490325929e-09,1.9296365394438908e-07,0.8268229961395264,8.15917859302925e-09,True
dnn,0.95,1,4,0.0,0.2987330888578299,0.1550653944248707,dnn,0.6623861193656921,0.7185661196708679,0.8268229961395264,0.8011220327184931,True
dnn,0.95,2,8,0.5,0.7368062997280775,0.1550688196133366,dnn,1.1544760809556465e-06,0.3693130612373352,0.8268229961395264,1.3962795983492804e-06,True
dnn,0.95,1,8,0.5,0.3302529174737275,0.155648942226438,dnn,1.182478427886963,0.6675595641136169,0.8268229961395264,1.0,True
dnn,0.95,1,2,0.0,0.2702215594677964,0.1560050133056304,dnn,0.2700536549091339,0.2050153762102127,0.8268229961395264,0.3266160425750451,True
dnn,0.95,1,4,0.5,0.4462072918927006,0.15613999401649,dnn,0.8437841534614563,0.7377428412437439,0.8268229961395264,1.0,True
dnn,0.95,2,4,0.5,0.6664844128899691,0.1563260631689226,dnn,2.7978728708855094e-11,1.9296365394438908e-07,0.8268229961395264,3.383883713864882e-11,True
dnn,0.95,1,8,0.0,1.643841718255735,0.1565654648505515,dnn,0.6094732284545898,0.7033721804618835,0.8268229961395264,0.7371266054527361,True
dnn,0.95,2,4,0.5,0.2987330888578299,0.1568808927643329,dnn,2.366364437733637e-09,1.9296365394438908e-07,0.8268229961395264,2.8619963992079302e-09,True
dnn,0.95,1,4,0.0,1.1005421090383831,0.1570110373572512,dnn,0.6460111141204834,0.7185661196708679,0.8268229961395264,0.7813173038688308,True
dnn,0.95,1,4,0.5,0.3650984560060393,0.1572691374802282,dnn,1.0480905771255493,0.7377428412437439,0.8268229961395264,1.0,True
dnn,0.95,1,4,0.5,0.2211023350218148,0.157368914472076,dnn,0.9239640831947327,0.7377428412437439,0.8268229961395264,1.0,True
dnn,0.95,1,8,0.5,0.2444312127604942,0.1579728815713131,dnn,0.6924442648887634,0.6675595641136169,0.8268229961395264,0.837475817825359,True
dnn,0.95,2,8,0.5,0.5453349474995434,0.158247255310889,dnn,0.00010295061656506732,0.3693130612373352,0.8268229961395264,0.0001245134896413723,True
dnn,0.95,2,2,0.5,0.2987330888578299,0.1590035287958057,dnn,0.3264177143573761,0.33624470233917236,0.8268229961395264,0.3947854811506635,True
dnn,0.95,1,2,0.5,0.3650984560060393,0.159149100551371,dnn,0.65581214427948,0.6450660228729248,0.8268229961395264,0.7931711470792374,True
dnn,0.95,1,2,0.5,0.7368062997280775,0.1591545060454287,dnn,0.5878217220306396,0.6450660228729248,0.8268229961395264,0.7109402190979274,True
dnn,0.95,1,8,0.0,1.817286211563076,0.1592126457982185,dnn,0.6124809384346008,0.7033721804618835,0.8268229961395264,0.7407642763860002,True
dnn,0.95,1,4,0.0,0.7368062997280775,0.159570361857113,dnn,0.6411864757537842,0.7185661196708679,0.8268229961395264,0.7754821512554835,True
dnn,0.95,1,2,0.0,0.3650984560060393,0.1596599168745806,dnn,0.16502243280410767,0.2050153762102127,0.8268229961395264,0.19958616726264847,True
dnn,0.95,1,8,0.5,0.6028741513057392,0.1597601313546423,dnn,0.6914764642715454,0.6675595641136169,0.8268229961395264,0.8363053126244432,True
dnn,0.95,1,8,0.5,0.4462072918927006,0.1597786827678363,dnn,0.6912211775779724,0.6675595641136169,0.8268229961395264,0.8359965564640982,True
dnn,0.95,1,8,0.5,0.3650984560060393,0.1599819107070536,dnn,0.7687095999717712,0.6675595641136169,0.8268229961395264,0.9297148283984732,True
dnn,0.95,1,2,0.5,0.900492287060531,0.1600893497947279,dnn,0.6999649405479431,0.6450660228729248,0.8268229961395264,0.8465716892443857,True
dnn,0.95,2,2,0.0,0.2,0.1601683675397249,dnn,0.2628181278705597,0.25696733593940735,0.8268229961395264,0.31786504378527125,True
dnn,0.95,1,8,0.5,0.2702215594677964,0.1604080531883739,dnn,0.6405146718025208,0.6675595641136169,0.8268229961395264,0.7746696388381945,True
dnn,0.95,1,2,0.0,0.3302529174737275,0.1604877233707587,dnn,0.18011395633220673,0.2050153762102127,0.8268229961395264,0.21783859081468085,True
dnn,0.95,1,2,0.5,0.6028741513057392,0.1606045194679469,dnn,0.9204956889152527,0.6450660228729248,0.8268229961395264,1.0,True
dnn,0.95,1,8,0.5,0.2211023350218148,0.1615568594969723,dnn,0.6879540085792542,0.6675595641136169,0.8268229961395264,0.8320450831572686,True
dnn,0.95,2,4,0.5,0.2,0.1618686177711937,dnn,9.07561137353241e-09,1.9296365394438908e-07,0.8268229961395264,1.0976486401450911e-08,True
dnn,0.95,2,2,0.5,0.3302529174737275,0.161992016292707,dnn,0.3151337206363678,0.33624470233917236,0.8268229961395264,0.3811380695841084,True
dnn,0.95,2,8,0.5,0.4036206056789731,0.1633060179620005,dnn,0.12109890580177307,0.3693130612373352,0.8268229961395264,0.14646291451397614,True
dnn,0.95,2,4,0.5,0.3650984560060393,0.163875044961206,dnn,1.0069058919981444e-09,1.9296365394438908e-07,0.8268229961395264,1.2178010247651955e-09,True
dnn,0.95,1,4,0.0,0.4462072918927006,0.1644759605757334,dnn,0.6368554830551147,0.7185661196708679,0.8268229961395264,0.7702440377549022,True
dnn,0.95,2,8,0.5,0.3302529174737275,0.1653215783580782,dnn,0.3170287609100342,0.3693130612373352,0.8268229961395264,0.3834300235845588,True
dnn,0.95,1,8,0.5,0.4036206056789731,0.1658467616019851,dnn,0.6770402789115906,0.6675595641136169,0.8268229961395264,0.8188454869696682,True
dnn,0.95,2,2,0.0,0.2444312127604942,0.1662722868857197,dnn,0.24785581231117249,0.25696733593940735,0.8268229961395264,0.2997688906433691,True
dnn,0.95,2,8,0.5,0.4462072918927006,0.166467929024523,dnn,0.006827720440924168,0.3693130612373352,0.8268229961395264,0.008257777629314981,True
dnn,0.95,1,2,0.0,0.4462072918927006,0.1669903666365941,dnn,0.16584983468055725,0.2050153762102127,0.8268229961395264,0.20058686738868847,True
dnn,0.95,1,2,0.0,0.7368062997280775,0.1672644661852448,dnn,0.20097380876541138,0.2050153762102127,0.8268229961395264,0.24306751227743675,True
dnn,0.95,2,2,0.5,0.3650984560060393,0.1675669748538607,dnn,0.24775400757789612,0.33624470233917236,0.8268229961395264,0.29964576304078466,True
dnn,0.95,1,8,0.5,0.2987330888578299,0.1680268490735201,dnn,1.0432909727096558,0.6675595641136169,0.8268229961395264,1.0,True
dnn,0.95,2,8,0.5,0.6664844128899691,0.1690054685555315,dnn,4.72090459879837e-06,0.3693130612373352,0.8268229961395264,5.709691942338911e-06,True
dnn,0.95,1,4,0.5,0.2,0.1694117937761496,dnn,0.7051690220832825,0.7377428412437439,0.8268229961395264,0.8528657589057733,True
dnn,0.95,1,8,0.0,1.4869510248216484,0.1722771884405091,dnn,0.771690845489502,0.7033721804618835,0.8268229961395264,0.933320491922166,True
dnn,0.95,2,4,0.5,0.2444312127604942,0.1734495437064875,dnn,4.8914539085842534e-09,1.9296365394438908e-07,0.8268229961395264,5.91596258379686e-09,True
dnn,0.95,1,8,0.0,1.3450342120312204,0.1736379018310073,dnn,0.6385883688926697,0.7033721804618835,0.8268229961395264,0.7723398742829691,True
dnn,0.95,2,4,0.5,0.3302529174737275,0.1752306845982342,dnn,1.6289133375479992e-09,1.9296365394438908e-07,0.8268229961395264,1.970087122822501e-09,True
dnn,0.95,1,8,0.0,1.2166621504910964,0.175347819277274,dnn,0.7992015480995178,0.7033721804618835,0.8268229961395264,0.9665932755027686,True
dnn,0.95,2,8,0.5,0.3650984560060393,0.1768449815993959,dnn,0.3270617425441742,0.3693130612373352,0.8268229961395264,0.3955644002056548,True
dnn,0.95,1,4,0.5,0.2444312127604942,0.1785489666657144,dnn,0.7301092147827148,0.7377428412437439,0.8268229961395264,0.8830296426098784,True
dnn,0.95,2,4,0.5,0.2702215594677964,0.1785874871209355,dnn,3.408741511279345e-09,1.9296365394438908e-07,0.8268229961395264,4.122697998477197e-09,True
dnn,0.95,2,8,0.5,0.2702215594677964,0.1793010465326439,dnn,0.3078422546386719,0.3693130612373352,0.8268229961395264,0.37231941549279735,True
dnn,0.95,1,8,0.5,0.2,0.1795218784802867,dnn,0.8926036357879639,0.6675595641136169,0.8268229961395264,1.0,True
dnn,0.95,2,8,0.0,0.7368062997280775,0.1817020744706991,dnn,2.8035309185270307e-08,0.23780381679534912,0.8268229961395264,3.390726832244437e-08,True
dnn,0.95,1,4,0.0,0.900492287060531,0.1831549131983409,dnn,0.6926934719085693,0.7185661196708679,0.8268229961395264,0.8377772209321538,True
dnn,0.95,2,8,0.5,0.2,0.1849348253261308,dnn,0.30199554562568665,0.3693130612373352,0.8268229961395264,0.36524812086228536,True
dnn,0.95,2,8,0.0,0.4932873707061831,0.1863083832796844,dnn,1.0568711559244548e-06,0.23780381679534912,0.8268229961395264,1.2782314483983073e-06,True
dnn,0.95,1,8,0.0,1.1005421090383831,0.186689076460327,dnn,0.6362175345420837,0.7033721804618835,0.8268229961395264,0.769472471753461,True
dnn,0.95,2,8,0.5,0.2987330888578299,0.1888113087521603,dnn,0.3123868405818939,0.3693130612373352,0.8268229961395264,0.37781585906589693,True
dnn,0.95,1,8,0.0,0.8145479666433055,0.1897122139264702,dnn,0.617100715637207,0.7033721804618835,0.8268229961395264,0.7463516599302124,True
dnn,0.95,1,4,0.0,0.9955047366910889,0.1899489259897687,dnn,0.6374343633651733,0.7185661196708679,0.8268229961395264,0.7709441637948907,True
dnn,0.95,2,4,0.0,0.2702215594677964,0.1902174668637106,dnn,5.709182258895051e-12,1.2338227661778944e-10,0.8268229961395264,6.904963076198266e-12,True
dnn,0.95,1,4,0.0,0.3650984560060393,0.1906846280866356,dnn,0.6337831020355225,0.7185661196708679,0.8268229961395264,0.7665281505167179,True
dnn,0.95,2,8,0.0,0.3302529174737275,0.1913880035820014,dnn,1.4177500816003885e-05,0.23780381679534912,0.8268229961395264,1.7146959968698586e-05,True
dnn,0.95,1,8,0.0,0.9955047366910889,0.1930146740334665,dnn,0.6520418524742126,0.7033721804618835,0.8268229961395264,0.7886111725467546,True
dnn,0.95,1,2,0.0,0.6028741513057392,0.1931881197715484,dnn,0.18658895790576935,0.2050153762102127,0.8268229961395264,0.22566977306746613,True
dnn,0.95,1,8,0.0,0.900492287060531,0.194037453433673,dnn,0.5972869396209717,0.7033721804618835,0.8268229961395264,0.72238791423283,True
dnn,0.95,1,4,0.0,0.6028741513057392,0.195215235949082,dnn,0.6672948002815247,0.7185661196708679,0.8268229961395264,0.8070588304838568,True
dnn,0.95,2,8,0.0,0.4036206056789731,0.1992879185750827,dnn,4.169575277046533e-06,0.23780381679534912,0.8268229961395264,5.042887409414672e-06,True
dnn,0.95,2,4,0.5,0.4036206056789731,0.2005498897983886,dnn,6.293940923995933e-10,1.9296365394438908e-07,0.8268229961395264,7.612198685066363e-10,True
dnn,0.95,2,8,0.0,0.2211023350218148,0.2011833716231423,dnn,0.00010995414777426049,0.23780381679534912,0.8268229961395264,0.00013298390137628168,True
dnn,0.95,2,8,0.0,0.2987330888578299,0.2019207176550235,dnn,2.4188053430407308e-05,0.23780381679534912,0.8268229961395264,2.925420984097251e-05,True
dnn,0.95,1,4,0.0,0.3302529174737275,0.2027216179238338,dnn,0.6875913143157959,0.7185661196708679,0.8268229961395264,0.8316064230508713,True
dnn,0.95,2,4,0.0,0.3650984560060393,0.2089935440672216,dnn,2.1299797862972536e-12,1.2338227661778944e-10,0.8268229961395264,2.576101289202435e-12,True
dnn,0.95,2,8,0.5,0.2211023350218148,0.2099727712114636,dnn,0.31509706377983093,0.3693130612373352,0.8268229961395264,0.38109373499652677,True
dnn,0.95,2,8,0.5,0.2444312127604942,0.2109310504873488,dnn,0.3089955151081085,0.3693130612373352,0.8268229961395264,0.373714224871372,True
dnn,0.95,1,8,0.0,0.6664844128899691,0.211390264726377,dnn,0.687946617603302,0.7033721804618835,0.8268229961395264,0.8320361441509919,True
dnn,0.95,2,4,0.0,0.2444312127604942,0.2127054967553902,dnn,7.582514477411095e-12,1.2338227661778944e-10,0.8268229961395264,9.170662297510102e-12,True
dnn,0.95,2,8,0.0,0.4462072918927006,0.2136002567138514,dnn,2.1085959360789275e-06,0.23780381679534912,0.8268229961395264,2.5502386192982735e-06,True
dnn,0.95,2,4,0.0,0.2211023350218148,0.2147077437840884,dnn,9.765926782534518e-12,1.2338227661778944e-10,0.8268229961395264,1.181138747728603e-11,True
dnn,0.95,1,4,0.0,0.2702215594677964,0.2173085817087458,dnn,0.6680946946144104,0.7185661196708679,0.8268229961395264,0.8080262616470205,True
dnn,0.95,1,8,0.0,0.6028741513057392,0.2176487439002422,dnn,0.6276965141296387,0.7033721804618835,0.8268229961395264,0.7591667346703972,True
dnn,0.95,1,4,0.0,0.2,0.2199928454111165,dnn,0.696993887424469,0.7185661196708679,0.8268229961395264,0.8429783528987035,True
dnn,0.95,1,8,0.0,0.7368062997280775,0.2207886682883916,dnn,0.6054050922393799,0.7033721804618835,0.8268229961395264,0.7322064033850575,True
dnn,0.95,1,2,0.0,0.2211023350218148,0.2218793488075684,dnn,0.1862933337688446,0.2050153762102127,0.8268229961395264,0.22531223083859125,True
dnn,0.95,2,8,0.0,0.3650984560060393,0.2236976193834677,dnn,7.974800610099919e-06,0.23780381679534912,0.8268229961395264,9.645112251757172e-06,True
dnn,0.95,1,8,0.0,0.2444312127604942,0.2241732546814278,dnn,0.6322462558746338,0.7033721804618835,0.8268229961395264,0.7646694139212623,True
dnn,0.95,1,4,0.0,0.6664844128899691,0.2243902078934629,dnn,0.7185744643211365,0.7185661196708679,0.8268229961395264,0.8690789536287608,True
dnn,0.95,2,8,0.0,0.2702215594677964,0.2297149527268249,dnn,4.047234688187018e-05,0.23780381679534912,0.8268229961395264,4.89492274293741e-05,True
dnn,0.95,1,8,0.0,0.4036206056789731,0.233933491794497,dnn,0.7463229894638062,0.7033721804618835,0.8268229961395264,0.9026393713629418,True
dnn,0.95,1,4,0.0,0.2444312127604942,0.2362789043876324,dnn,0.6495816707611084,0.7185661196708679,0.8268229961395264,0.7856357089655638,True
dnn,0.95,1,4,0.0,0.4932873707061831,0.2428060035548234,dnn,0.6253911852836609,0.7185661196708679,0.8268229961395264,0.7563785576884537,True
dnn,0.95,2,8,0.0,0.2444312127604942,0.2450567987763819,dnn,6.686768028885126e-05,0.23780381679534912,0.8268229961395264,8.087302917439338e-05,True
dnn,0.95,1,8,0.0,0.4932873707061831,0.2456635437420846,dnn,0.6927589178085327,0.7033721804618835,0.8268229961395264,0.8378563743909581,True
dnn,0.95,1,8,0.0,0.5453349474995434,0.2470743420603786,dnn,0.6516213417053223,0.7033721804618835,0.8268229961395264,0.7881025863428709,True
dnn,0.95,1,8,0.0,0.4462072918927006,0.2521138922922415,dnn,0.7093374133110046,0.7033721804618835,0.8268229961395264,0.8579072142682688,True
dnn,0.95,2,8,0.0,0.2,0.2525853567345753,dnn,0.000182144227437675,0.23780381679534912,0.8268229961395264,0.00022029409956921198,True
dnn,0.95,1,8,0.0,0.3650984560060393,0.2537119362419399,dnn,0.6517850160598755,0.7033721804618835,0.8268229961395264,0.7883005420786419,True
dnn,0.95,1,4,0.0,0.4036206056789731,0.2647935062590361,dnn,0.654969334602356,0.7185661196708679,0.8268229961395264,0.792151812008661,True
dnn,0.95,1,8,0.0,0.3302529174737275,0.2656226039259682,dnn,0.7246531844139099,0.7033721804618835,0.8268229961395264,0.8764308537587224,True
dnn,0.95,1,8,0.0,0.2,0.2733755252385056,dnn,0.6904647350311279,0.7033721804618835,0.8268229961395264,0.8350816780071898,True
dnn,0.95,1,4,0.0,0.2211023350218148,0.2749349000071868,dnn,0.6795291304588318,0.7185661196708679,0.8268229961395264,0.8218556252445611,True
dnn,0.95,1,8,0.0,0.2211023350218148,0.2862891960683472,dnn,0.7906882166862488,0.7033721804618835,0.8268229961395264,0.9562968378697829,True
dnn,0.95,1,8,0.0,0.2702215594677964,0.2985996245821927,dnn,0.699873685836792,0.7033721804618835,0.8268229961395264,0.8464613213523736,True
dnn,0.95,1,8,0.0,0.2987330888578299,0.3023685689191599,dnn,0.7092457413673401,0.7033721804618835,0.8268229961395264,0.8577963417549346,True
