model_family,tau,nonlinear_layers,hidden_dim,alpha,lambda,validation_loss,family,initial_fitted_variance,architecture_lambda_zero_fitted_variance,max_lambda_zero_fitted_variance,achieved_r,valid_complexity_reference
linear_activation,0.05,2,2,1.0,4.482221685612751,0.0899599289961222,linear_activation,5.684341886080802e-14,1.898563937174913e-07,0.7189088463783264,7.906902126350259e-14,True
linear_activation,0.05,2,2,1.0,0.3302529174737275,0.0899715574025545,linear_activation,1.2885560174424882e-08,1.898563937174913e-07,0.7189088463783264,1.7923774675105118e-08,True
linear_activation,0.05,2,8,1.0,1.1005421090383831,0.089971586012784,linear_activation,1.1964039481338062e-10,1.0298867891833652e-06,0.7189088463783264,1.6641942217862174e-10,True
linear_activation,0.05,2,2,1.0,0.6664844128899691,0.0899715876519117,linear_activation,1.0216469892299074e-09,1.898563937174913e-07,0.7189088463783264,1.4211078280322965e-09,True
linear_activation,0.05,2,2,1.0,0.4932873707061831,0.0899715885708166,linear_activation,3.6955796200999202e-09,1.898563937174913e-07,0.7189088463783264,5.140539915063332e-09,True
linear_activation,0.05,2,2,1.0,0.5453349474995434,0.089971588694993,linear_activation,2.5016644311648406e-09,1.898563937174913e-07,0.7189088463783264,3.479807549688069e-09,True
linear_activation,0.05,2,4,1.0,3.000820366267417,0.0899715887943341,linear_activation,1.4210854715202004e-14,1.8334835871769428e-09,0.7189088463783264,1.9767255315875648e-14,True
linear_activation,0.05,2,8,1.0,9.045585157672232,0.0899715887943341,linear_activation,5.684341886080802e-14,1.0298867891833652e-06,0.7189088463783264,7.906902126350259e-14,True
linear_activation,0.05,2,4,1.0,5.477974412378556,0.0899715887943341,linear_activation,1.4210854715202004e-14,1.8334835871769428e-09,0.7189088463783264,1.9767255315875648e-14,True
linear_activation,0.05,2,2,1.0,1.1005421090383831,0.0899715887943341,linear_activation,4.6751266052913465e-11,1.898563937174913e-07,0.7189088463783264,6.50308676662334e-11,True
linear_activation,0.05,2,2,1.0,3.317441949813717,0.0899715887943341,linear_activation,5.684341886080802e-14,1.898563937174913e-07,0.7189088463783264,7.906902126350259e-14,True
linear_activation,0.05,2,8,1.0,4.482221685612751,0.0899715887943341,linear_activation,5.684341886080802e-14,1.0298867891833652e-06,0.7189088463783264,7.906902126350259e-14,True
linear_activation,0.05,2,2,1.0,0.3650984560060393,0.0899715902596149,linear_activation,9.831478742228228e-09,1.898563937174913e-07,0.7189088463783264,1.3675556771566564e-08,True
linear_activation,0.05,2,2,1.0,0.4036206056789731,0.0899715917000605,linear_activation,7.3068919803631616e-09,1.898563937174913e-07,0.7189088463783264,1.0163864330190622e-08,True
linear_activation,0.05,2,4,1.0,0.3302529174737275,0.0899789500471422,linear_activation,1.5226783722788184e-10,1.8334835871769428e-09,0.7189088463783264,2.1180409448981904e-10,True
linear_activation,0.05,2,8,1.0,0.6028741513057392,0.089982255224036,linear_activation,5.153696136517283e-09,1.0298867891833652e-06,0.7189088463783264,7.1687755165070616e-09,True
linear_activation,0.05,2,2,1.0,5.477974412378556,0.0899994155432885,linear_activation,5.684341886080802e-14,1.898563937174913e-07,0.7189088463783264,7.906902126350259e-14,True
linear_activation,0.05,2,4,1.0,4.955148403871969,0.0899994155432885,linear_activation,1.4210854715202004e-14,1.8334835871769428e-09,0.7189088463783264,1.9767255315875648e-14,True
linear_activation,0.05,2,4,1.0,0.6664844128899691,0.0900000068780252,linear_activation,1.2692112118239951e-11,1.8334835871769428e-09,0.7189088463783264,1.7654689022369766e-11,True
linear_activation,0.05,2,8,1.0,1.3450342120312204,0.0900000085419882,linear_activation,2.08897864284463e-11,1.0298867891833652e-06,0.7189088463783264,2.9057628840823905e-11,True
linear_activation,0.05,2,4,1.0,1.1005421090383831,0.0900000090138583,linear_activation,5.404672477789252e-13,1.8334835871769428e-09,0.7189088463783264,7.517882837325719e-13,True
linear_activation,0.05,2,8,1.0,1.4869510248216484,0.09000000963474,linear_activation,7.74838353201357e-12,1.0298867891833652e-06,0.7189088463783264,1.0777977724224548e-11,True
linear_activation,0.05,2,4,1.0,1.3450342120312204,0.0900000103301275,linear_activation,1.0084022782378896e-13,1.8334835871769428e-09,0.7189088463783264,1.4026844756716443e-13,True
linear_activation,0.05,2,8,1.0,1.643841718255735,0.0900000103301275,linear_activation,2.624119671557068e-12,1.0298867891833652e-06,0.7189088463783264,3.6501424134320954e-12,True
linear_activation,0.05,2,8,1.0,2.714417616594908,0.0900000107026566,linear_activation,8.128608598939949e-14,1.0298867891833652e-06,0.7189088463783264,1.130686962594735e-13,True
linear_activation,0.05,2,4,1.0,6.055964668833263,0.0900000107771624,linear_activation,1.4210854715202004e-14,1.8334835871769428e-09,0.7189088463783264,1.9767255315875648e-14,True
linear_activation,0.05,2,8,1.0,6.055964668833263,0.0900000107771624,linear_activation,5.684341886080802e-14,1.0298867891833652e-06,0.7189088463783264,7.906902126350259e-14,True
linear_activation,0.05,2,4,1.0,6.69493964544323,0.0900000107771624,linear_activation,1.4210854715202004e-14,1.8334835871769428e-09,0.7189088463783264,1.9767255315875648e-14,True
linear_activation,0.05,2,8,1.0,10.000000000000002,0.0900000107771624,linear_activation,5.684341886080802e-14,1.0298867891833652e-06,0.7189088463783264,7.906902126350259e-14,True
linear_activation,0.05,2,2,1.0,7.4013339421880975,0.0900000107771624,linear_activation,5.684341886080802e-14,1.898563937174913e-07,0.7189088463783264,7.906902126350259e-14,True
linear_activation,0.05,2,2,1.0,1.643841718255735,0.0900000108019976,linear_activation,1.1806946479536728e-12,1.898563937174913e-07,0.7189088463783264,1.6423426334252275e-12,True
linear_activation,0.05,2,2,1.0,1.3450342120312204,0.0900000108765034,linear_activation,8.736151559107785e-12,1.898563937174913e-07,0.7189088463783264,1.2151960019852611e-11,True
linear_activation,0.05,2,2,1.0,1.2166621504910964,0.0900047893935141,linear_activation,2.101171493740228e-11,1.898563937174913e-07,0.7189088463783264,2.9227231022755903e-11,True
linear_activation,0.05,2,2,1.0,2.714417616594908,0.0900106481348563,linear_activation,6.292566429944371e-14,1.898563937174913e-07,0.7189088463783264,8.752940601085471e-14,True
linear_activation,0.05,2,4,1.0,0.7368062997280775,0.0900231248623598,linear_activation,7.557389609946785e-12,1.8334835871769428e-09,0.7189088463783264,1.0512305764519279e-11,True
linear_activation,0.05,2,4,1.0,0.900492287060531,0.090023130698648,linear_activation,2.2966446452943323e-12,1.8334835871769428e-09,0.7189088463783264,3.194625656457315e-12,True
linear_activation,0.05,2,4,1.0,1.2166621504910964,0.0900231348958084,linear_activation,2.377760260820899e-13,1.8334835871769428e-09,0.7189088463783264,3.307457228825921e-13,True
linear_activation,0.05,2,8,1.0,5.477974412378556,0.0900231354421843,linear_activation,5.684341886080802e-14,1.0298867891833652e-06,0.7189088463783264,7.906902126350259e-14,True
linear_activation,0.05,2,8,1.0,8.182261084470007,0.0900231354421843,linear_activation,5.684341886080802e-14,1.0298867891833652e-06,0.7189088463783264,7.906902126350259e-14,True
linear_activation,0.05,2,2,1.0,2.0090311238977194,0.0900231354421843,linear_activation,1.1345946697351866e-13,1.898563937174913e-07,0.7189088463783264,1.578217705138803e-13,True
linear_activation,0.05,2,2,1.0,9.045585157672232,0.0900231354421843,linear_activation,5.684341886080802e-14,1.898563937174913e-07,0.7189088463783264,7.906902126350259e-14,True
linear_activation,0.05,2,8,1.0,2.221007363126434,0.0900231354421843,linear_activation,6.264144747619022e-14,1.0298867891833652e-06,0.7189088463783264,8.713406128156768e-14,True
linear_activation,0.05,2,4,1.0,4.482221685612751,0.0900231354421843,linear_activation,1.4210854715202004e-14,1.8334835871769428e-09,0.7189088463783264,1.9767255315875648e-14,True
linear_activation,0.05,2,2,1.0,10.000000000000002,0.0900231354421843,linear_activation,5.684341886080802e-14,1.898563937174913e-07,0.7189088463783264,7.906902126350259e-14,True
linear_activation,0.05,2,8,1.0,7.4013339421880975,0.0900231354421843,linear_activation,5.684341886080802e-14,1.0298867891833652e-06,0.7189088463783264,7.906902126350259e-14,True
linear_activation,0.05,2,2,1.0,4.955148403871969,0.0900231354421843,linear_activation,5.684341886080802e-14,1.898563937174913e-07,0.7189088463783264,7.906902126350259e-14,True
linear_activation,0.05,2,2,1.0,0.2444312127604942,0.0900394132401651,linear_activation,2.532788911935313e-08,1.898563937174913e-07,0.7189088463783264,3.523101606962881e-08,True
linear_activation,0.05,2,4,1.0,1.643841718255735,0.0900394178843603,linear_activation,2.165734327714674e-14,1.8334835871769428e-09,0.7189088463783264,3.01252980628222e-14,True
linear_activation,0.05,2,2,1.0,0.8145479666433055,0.0900394179091956,linear_activation,3.500083001206633e-10,1.898563937174913e-07,0.7189088463783264,4.868604717884792e-10,True
linear_activation,0.05,2,2,1.0,1.4869510248216484,0.0900394181823835,linear_activation,3.392756344963721e-12,1.898563937174913e-07,0.7189088463783264,4.719313668284282e-12,True
linear_activation,0.05,2,8,1.0,2.455349570439492,0.0900394183313951,linear_activation,1.7109869022893104e-14,1.0298867891833652e-06,0.7189088463783264,2.3799775324908188e-14,True
linear_activation,0.05,2,4,1.0,2.221007363126434,0.0900394183562304,linear_activation,1.4210854715202004e-14,1.8334835871769428e-09,0.7189088463783264,1.9767255315875648e-14,True
linear_activation,0.05,2,4,1.0,4.054431795277528,0.0900394183562304,linear_activation,1.4210854715202004e-14,1.8334835871769428e-09,0.7189088463783264,1.9767255315875648e-14,True
linear_activation,0.05,2,8,1.0,3.317441949813717,0.0900394183562304,linear_activation,5.684341886080802e-14,1.0298867891833652e-06,0.7189088463783264,7.906902126350259e-14,True
linear_activation,0.05,2,8,1.0,4.955148403871969,0.0900394183562304,linear_activation,5.684341886080802e-14,1.0298867891833652e-06,0.7189088463783264,7.906902126350259e-14,True
linear_activation,0.05,2,8,1.0,6.69493964544323,0.0900394183562304,linear_activation,5.684341886080802e-14,1.0298867891833652e-06,0.7189088463783264,7.906902126350259e-14,True
linear_activation,0.05,2,2,1.0,8.182261084470007,0.0900394183562304,linear_activation,5.684341886080802e-14,1.898563937174913e-07,0.7189088463783264,7.906902126350259e-14,True
linear_activation,0.05,2,4,1.0,0.9955047366910889,0.0900394183810657,linear_activation,1.154660351707082e-12,1.8334835871769428e-09,0.7189088463783264,1.606129007208573e-12,True
linear_activation,0.05,2,2,1.0,0.2,0.0900394193993117,linear_activation,3.614453447653432e-08,1.898563937174913e-07,0.7189088463783264,5.0276936580515e-08,True
linear_activation,0.05,2,8,1.0,0.8145479666433055,0.0900400316383546,linear_activation,9.965506198028606e-10,1.0298867891833652e-06,0.7189088463783264,1.38619885514446e-09,True
linear_activation,0.05,2,8,1.0,0.6664844128899691,0.0900970564459512,linear_activation,3.1203326589235303e-09,1.0298867891833652e-06,0.7189088463783264,4.340373156684529e-09,True
linear_activation,0.05,2,4,1.0,0.5453349474995434,0.0900970698569962,linear_activation,3.095686901266603e-11,1.8334835871769428e-09,0.7189088463783264,4.306090983386641e-11,True
linear_activation,0.05,2,8,1.0,0.9955047366910889,0.0900987276111791,linear_activation,2.5774402057088253e-10,1.0298867891833652e-06,0.7189088463783264,3.5852114196303063e-10,True
linear_activation,0.05,2,2,1.0,0.4462072918927006,0.0900987322802096,linear_activation,5.2779043357986666e-09,1.898563937174913e-07,0.7189088463783264,7.341548740688558e-09,True
linear_activation,0.05,2,4,1.0,1.817286211563076,0.0900987366512168,linear_activation,1.4836132742799234e-14,1.8334835871769428e-09,0.7189088463783264,2.063701513417141e-14,True
linear_activation,0.05,2,4,1.0,2.0090311238977194,0.0900987366512168,linear_activation,1.3699263755719351e-14,1.8334835871769428e-09,0.7189088463783264,1.9055633860582795e-14,True
linear_activation,0.05,2,2,1.0,3.667470807015676,0.0900987366760521,linear_activation,5.684341886080802e-14,1.898563937174913e-07,0.7189088463783264,7.906902126350259e-14,True
linear_activation,0.05,2,4,1.0,10.000000000000002,0.0900987366760521,linear_activation,1.4210854715202004e-14,1.8334835871769428e-09,0.7189088463783264,1.9767255315875648e-14,True
linear_activation,0.05,2,4,1.0,7.4013339421880975,0.0900987366760521,linear_activation,1.4210854715202004e-14,1.8334835871769428e-09,0.7189088463783264,1.9767255315875648e-14,True
linear_activation,0.05,2,2,1.0,6.69493964544323,0.0900987366760521,linear_activation,5.684341886080802e-14,1.898563937174913e-07,0.7189088463783264,7.906902126350259e-14,True
linear_activation,0.05,2,4,1.0,9.045585157672232,0.0900987366760521,linear_activation,1.4210854715202004e-14,1.8334835871769428e-09,0.7189088463783264,1.9767255315875648e-14,True
linear_activation,0.05,2,8,1.0,3.667470807015676,0.0900987366760521,linear_activation,5.684341886080802e-14,1.0298867891833652e-06,0.7189088463783264,7.906902126350259e-14,True
linear_activation,0.05,2,4,1.0,3.317441949813717,0.0900987366760521,linear_activation,1.4210854715202004e-14,1.8334835871769428e-09,0.7189088463783264,1.9767255315875648e-14,True
linear_activation,0.05,2,2,1.0,6.055964668833263,0.0900987366760521,linear_activation,5.684341886080802e-14,1.898563937174913e-07,0.7189088463783264,7.906902126350259e-14,True
linear_activation,0.05,2,2,1.0,3.000820366267417,0.0900987366760521,linear_activation,5.712763568406151e-14,1.898563937174913e-07,0.7189088463783264,7.946436599278964e-14,True
linear_activation,0.05,2,4,1.0,2.714417616594908,0.0900987367008874,linear_activation,1.4210854715202004e-14,1.8334835871769428e-09,0.7189088463783264,1.9767255315875648e-14,True
linear_activation,0.05,2,2,1.0,2.221007363126434,0.0900987367008874,linear_activation,5.366018772986342e-14,1.898563937174913e-07,0.7189088463783264,7.464115652518302e-14,True
linear_activation,0.05,2,8,1.0,2.0090311238977194,0.0900987367257226,linear_activation,2.2356517136688792e-13,1.0298867891833652e-06,0.7189088463783264,3.1097846756671645e-13,True
linear_activation,0.05,2,8,1.0,3.000820366267417,0.0900987367257226,linear_activation,5.911715344683599e-14,1.0298867891833652e-06,0.7189088463783264,8.223177909779891e-14,True
linear_activation,0.05,2,4,1.0,2.455349570439492,0.0900987367505579,linear_activation,1.4210854715202004e-14,1.8334835871769428e-09,0.7189088463783264,1.9767255315875648e-14,True
linear_activation,0.05,2,8,1.0,0.7368062997280775,0.0901184412520032,linear_activation,1.807257787866945e-09,1.0298867891833652e-06,0.7189088463783264,2.513890039010417e-09,True
linear_activation,0.05,2,4,1.0,0.4462072918927006,0.0901244898258007,linear_activation,6.438512223372328e-11,1.8334835871769428e-09,0.7189088463783264,8.955950752042986e-11,True
linear_activation,0.05,2,8,1.0,1.2166621504910964,0.0901245012748596,linear_activation,5.1812720780475274e-11,1.0298867891833652e-06,0.7189088463783264,7.207133566584155e-11,True
linear_activation,0.05,2,4,1.0,1.4869510248216484,0.0901245014238712,linear_activation,4.3598903377546974e-14,1.8334835871769428e-09,0.7189088463783264,6.064594085493144e-14,True
linear_activation,0.05,2,8,1.0,1.817286211563076,0.0901245017218944,linear_activation,8.133724813466636e-13,1.0298867891833652e-06,0.7189088463783264,1.1313986264659561e-12,True
linear_activation,0.05,2,8,1.0,0.900492287060531,0.0901245017467297,linear_activation,5.215655130008656e-10,1.0298867891833652e-06,0.7189088463783264,7.254960286389233e-10,True
linear_activation,0.05,2,4,1.0,3.667470807015676,0.0901245019205766,linear_activation,1.4210854715202004e-14,1.8334835871769428e-09,0.7189088463783264,1.9767255315875648e-14,True
linear_activation,0.05,2,8,1.0,4.054431795277528,0.0901245019205766,linear_activation,5.684341886080802e-14,1.0298867891833652e-06,0.7189088463783264,7.906902126350259e-14,True
linear_activation,0.05,2,2,1.0,4.054431795277528,0.0901245019205766,linear_activation,5.684341886080802e-14,1.898563937174913e-07,0.7189088463783264,7.906902126350259e-14,True
linear_activation,0.05,2,2,1.0,0.9955047366910889,0.0901245019950824,linear_activation,9.706218467853134e-11,1.898563937174913e-07,0.7189088463783264,1.3501320114157042e-10,True
linear_activation,0.05,2,2,1.0,0.900492287060531,0.090124502144094,linear_activation,1.8977158733335386e-10,1.898563937174913e-07,0.7189088463783264,2.6397169584068017e-10,True
linear_activation,0.05,2,4,1.0,0.8145479666433055,0.0901245022682703,linear_activation,4.288778967381779e-12,1.8334835871769428e-09,0.7189088463783264,5.965678387444415e-12,True
linear_activation,0.05,2,4,1.0,0.6028741513057392,0.0901245096195099,linear_activation,2.0216987806076503e-11,1.8334835871769428e-09,0.7189088463783264,2.812176802097285e-11,True
linear_activation,0.05,2,2,1.0,2.455349570439492,0.0901246101879224,linear_activation,7.560174952432955e-14,1.898563937174913e-07,0.7189088463783264,1.0516180167373273e-13,True
linear_activation,0.05,2,4,1.0,8.182261084470007,0.0901246101879224,linear_activation,1.4210854715202004e-14,1.8334835871769428e-09,0.7189088463783264,1.9767255315875648e-14,True
linear_activation,0.05,2,4,1.0,0.4932873707061831,0.0901250976193306,linear_activation,4.54130032190303e-11,1.8334835871769428e-09,0.7189088463783264,6.316934816953368e-11,True
linear_activation,0.05,2,2,1.0,0.2987330888578299,0.0901328380465101,linear_activation,1.648783687357991e-08,1.898563937174913e-07,0.7189088463783264,2.2934530513348515e-08,True
linear_activation,0.05,2,2,1.0,1.817286211563076,0.0901328523267896,linear_activation,3.8386359520713176e-13,1.898563937174913e-07,0.7189088463783264,5.339530833998434e-13,True
linear_activation,0.05,2,2,1.0,0.6028741513057392,0.090134267291386,linear_activation,1.6315390150012377e-09,1.898563937174913e-07,0.7189088463783264,2.2694657649860646e-09,True
linear_activation,0.05,2,2,1.0,0.7368062997280775,0.0901665301812245,linear_activation,6.127336971140096e-10,1.898563937174913e-07,0.7189088463783264,8.523106930743734e-10,True
linear_activation,0.05,1,8,1.0,10.000000000000002,0.1045692697607095,linear_activation,0.21383926272392273,0.586049497127533,0.7189088463783264,0.29744975847937977,True
linear_activation,0.05,1,2,1.0,10.000000000000002,0.1045851935265079,linear_activation,0.18857449293136597,0.5914097428321838,0.7189088463783264,0.262306541199701,True
linear_activation,0.05,1,4,1.0,10.000000000000002,0.1051523471690829,linear_activation,0.17791369557380676,0.6089769005775452,0.7189088463783264,0.24747740477821234,True
linear_activation,0.05,1,4,1.0,9.045585157672232,0.105997480300615,linear_activation,0.2066592276096344,0.6089769005775452,0.7189088463783264,0.28746235166075534,True
linear_activation,0.05,1,2,1.0,9.045585157672232,0.1062931395761783,linear_activation,0.1991676688194275,0.5914097428321838,0.7189088463783264,0.27704161636455277,True
linear_activation,0.05,1,4,1.0,8.182261084470007,0.1069617928603547,linear_activation,0.20154044032096863,0.6089769005775452,0.7189088463783264,0.2803421342445239,True
linear_activation,0.05,1,8,1.0,8.182261084470007,0.107169025369942,linear_activation,0.22486890852451324,0.586049497127533,0.7189088463783264,0.3127919619536519,True
linear_activation,0.05,1,8,1.0,9.045585157672232,0.1072594081974336,linear_activation,0.22734472155570984,0.586049497127533,0.7189088463783264,0.3162358102852854,True
linear_activation,0.05,1,2,1.0,8.182261084470007,0.1073982386058864,linear_activation,0.24425572156906128,0.5914097428321838,0.7189088463783264,0.33975895942796824,True
linear_activation,0.05,1,2,1.0,7.4013339421880975,0.1077108274158215,linear_activation,0.23770608007907867,0.5914097428321838,0.7189088463783264,0.3306484282069686,True
linear_activation,0.05,1,4,1.0,7.4013339421880975,0.1080957682961819,linear_activation,0.24337634444236755,0.6089769005775452,0.7189088463783264,0.33853574854229923,True
linear_activation,0.05,1,8,1.0,7.4013339421880975,0.1091348047246527,linear_activation,0.2583131194114685,0.586049497127533,0.7189088463783264,0.359312756704528,True
linear_activation,0.05,1,4,1.0,6.69493964544323,0.1099280899645264,linear_activation,0.2987600266933441,0.6089769005775452,0.7189088463783264,0.4155742806593889,True
linear_activation,0.05,1,8,1.0,6.69493964544323,0.1101974223431662,linear_activation,0.267521470785141,0.586049497127533,0.7189088463783264,0.3721215452179282,True
linear_activation,0.05,1,8,1.0,6.055964668833263,0.1103683915056332,linear_activation,0.27196794748306274,0.586049497127533,0.7189088463783264,0.3783065806648029,True
linear_activation,0.05,1,4,1.0,6.055964668833263,0.1111127578886181,linear_activation,0.24608825147151947,0.6089769005775452,0.7189088463783264,0.34230800290085084,True
linear_activation,0.05,1,2,1.0,6.69493964544323,0.1111171807060558,linear_activation,0.2662338316440582,0.5914097428321838,0.7189088463783264,0.3703304431226215,True
linear_activation,0.05,0,0,1.0,10.000000000000002,0.1119685146267341,linear_activation,0.30520278215408325,0.7189088463783264,0.7189088463783264,0.4245361337415926,True
linear_activation,0.05,1,2,1.0,6.055964668833263,0.1122059999673889,linear_activation,0.2413138747215271,0.5914097428321838,0.7189088463783264,0.3356668594874064,True
linear_activation,0.05,1,2,1.0,5.477974412378556,0.1138670211192713,linear_activation,0.24694326519966125,0.5914097428321838,0.7189088463783264,0.3434973243738708,True
linear_activation,0.05,1,4,1.0,4.955148403871969,0.1144463905167734,linear_activation,0.2601187825202942,0.6089769005775452,0.7189088463783264,0.36182442854988384,True
linear_activation,0.05,1,8,1.0,5.477974412378556,0.1145416558419119,linear_activation,0.3133070468902588,0.586049497127533,0.7189088463783264,0.4358091411291115,True
linear_activation,0.05,1,4,1.0,5.477974412378556,0.1145440778287338,linear_activation,0.24491989612579346,0.6089769005775452,0.7189088463783264,0.34068282419897244,True
linear_activation,0.05,1,2,1.0,4.955148403871969,0.1163010549624538,linear_activation,0.2536902129650116,0.5914097428321838,0.7189088463783264,0.3528823080186537,True
linear_activation,0.05,1,8,1.0,4.955148403871969,0.1163274153028703,linear_activation,0.2863951325416565,0.586049497127533,0.7189088463783264,0.3983747508247253,True
linear_activation,0.05,0,0,1.0,9.045585157672232,0.1165125364291213,linear_activation,0.3317764699459076,0.7189088463783264,0.7189088463783264,0.4615000519430386,True
linear_activation,0.05,0,0,1.0,5.477974412378556,0.1171659661348009,linear_activation,0.39464229345321655,0.7189088463783264,0.7189088463783264,0.5489462195956004,True
linear_activation,0.05,1,2,1.0,4.482221685612751,0.11839291501068,linear_activation,0.30634692311286926,0.5914097428321838,0.7189088463783264,0.4261276303055171,True
linear_activation,0.05,1,4,1.0,4.482221685612751,0.1185774572729188,linear_activation,0.28570979833602905,0.6089769005775452,0.7189088463783264,0.39742145304701676,True
linear_activation,0.05,0,0,1.0,4.955148403871969,0.1194705061617269,linear_activation,0.5036107301712036,0.7189088463783264,0.7189088463783264,0.7005209808006424,True
linear_activation,0.05,0,0,1.0,6.055964668833263,0.1195158308035168,linear_activation,0.4357112646102905,0.7189088463783264,0.7189088463783264,0.6060730324926299,True
linear_activation,0.05,0,0,1.0,8.182261084470007,0.1196222109863494,linear_activation,0.34256812930107117,0.7189088463783264,0.7189088463783264,0.4765112170017649,True
linear_activation,0.05,1,8,1.0,4.482221685612751,0.1199079208245193,linear_activation,0.2983935475349426,0.586049497127533,0.7189088463783264,0.4150645092742575,True
linear_activation,0.05,1,4,1.0,4.054431795277528,0.1201191261338484,linear_activation,0.36408960819244385,0.6089769005775452,0.7189088463783264,0.5064475281207506,True
linear_activation,0.05,0,0,1.0,6.69493964544323,0.1204180525212731,linear_activation,0.3229413330554962,0.7189088463783264,0.7189088463783264,0.44921040363098835,True
linear_activation,0.05,1,2,1.0,4.054431795277528,0.1205102888786033,linear_activation,0.34357425570487976,0.5914097428321838,0.7189088463783264,0.47791073574308685,True
linear_activation,0.05,1,8,1.0,4.054431795277528,0.1207383672505067,linear_activation,0.32501471042633057,0.586049497127533,0.7189088463783264,0.45209446519356267,True
linear_activation,0.05,0,0,1.0,2.714417616594908,0.1210612527730629,linear_activation,0.5082224607467651,0.7189088463783264,0.7189088463783264,0.7069358838843842,True
linear_activation,0.05,0,0,1.0,3.667470807015676,0.1218577941468656,linear_activation,0.6895372271537781,0.7189088463783264,0.7189088463783264,0.9591441677585206,True
linear_activation,0.05,0,0,1.0,4.482221685612751,0.1222627534942125,linear_activation,0.34514063596725464,0.7189088463783264,0.7189088463783264,0.48008956588304946,True
linear_activation,0.05,1,4,1.0,3.667470807015676,0.1223877049001723,linear_activation,0.32138437032699585,0.6089769005775452,0.7189088463783264,0.4470446732517561,True
linear_activation,0.05,0,0,1.0,1.643841718255735,0.12299401089127,linear_activation,0.5387717485427856,0.7189088463783264,0.7189088463783264,0.7494298494961857,True
linear_activation,0.05,0,0,1.0,3.000820366267417,0.1232644372828258,linear_activation,0.4774238169193268,0.7189088463783264,0.7189088463783264,0.6640950647978007,True
linear_activation,0.05,0,0,1.0,3.317441949813717,0.1238253667514732,linear_activation,0.41968825459480286,0.7189088463783264,0.7189088463783264,0.5837850747129929,True
linear_activation,0.05,0,0,1.0,2.455349570439492,0.123856617493008,linear_activation,0.5724838376045227,0.7189088463783264,0.7189088463783264,0.7963232619664449,True
linear_activation,0.05,0,0,1.0,4.054431795277528,0.1244827747520054,linear_activation,0.4917471408843994,0.7189088463783264,0.7189088463783264,0.6840187644952376,True
linear_activation,0.05,0,0,1.0,7.4013339421880975,0.1246135150265953,linear_activation,0.35417628288269043,0.7189088463783264,0.7189088463783264,0.4926581230248276,True
linear_activation,0.05,0,0,1.0,0.6664844128899691,0.1249768597878526,linear_activation,0.6316561698913574,0.7189088463783264,0.7189088463783264,0.8786317946614164,True
linear_activation,0.05,1,2,1.0,3.667470807015676,0.1252644993625749,linear_activation,0.34299010038375854,0.5914097428321838,0.7189088463783264,0.4770981774833519,True
linear_activation,0.05,2,4,1.0,0.2987330888578299,0.1257008955996267,linear_activation,1.9268418804951892e-10,1.8334835871769428e-09,0.7189088463783264,2.680231145022226e-10,True
linear_activation,0.05,1,8,1.0,3.667470807015676,0.1258586803965101,linear_activation,0.34742864966392517,0.586049497127533,0.7189088463783264,0.4832721859164472,True
linear_activation,0.05,0,0,1.0,2.0090311238977194,0.1259689368706938,linear_activation,0.5758780241012573,0.7189088463783264,0.7189088463783264,0.8010445649714554,True
linear_activation,0.05,2,4,1.0,0.3650984560060393,0.1262033876267989,linear_activation,1.1745186767608828e-10,1.8334835871769428e-09,0.7189088463783264,1.633751876441358e-10,True
linear_activation,0.05,2,4,1.0,0.2702215594677964,0.1262267572901722,linear_activation,2.384300534785666e-10,1.8334835871769428e-09,0.7189088463783264,3.3165547298480814e-10,True
linear_activation,0.05,0,0,1.0,0.7368062997280775,0.1262633857063054,linear_activation,0.6428024768829346,0.7189088463783264,0.7189088463783264,0.8941362734944831,True
linear_activation,0.05,1,2,1.0,3.317441949813717,0.126383098849034,linear_activation,0.34601080417633057,0.5914097428321838,0.7189088463783264,0.48129996719256124,True
linear_activation,0.05,1,8,1.0,3.317441949813717,0.1271011737071123,linear_activation,0.35995012521743774,0.586049497127533,0.7189088463783264,0.500689520000723,True
linear_activation,0.05,0,0,1.0,2.221007363126434,0.1271036046184603,linear_activation,0.5608924627304077,0.7189088463783264,0.7189088463783264,0.7801996950740505,True
linear_activation,0.05,0,0,1.0,0.4462072918927006,0.1275347405095949,linear_activation,0.5446279644966125,0.7189088463783264,0.7189088463783264,0.7575758279235328,True
linear_activation,0.05,1,8,1.0,2.221007363126434,0.1275643156010996,linear_activation,0.4685657024383545,0.586049497127533,0.7189088463783264,0.6517734547277658,True
linear_activation,0.05,2,8,1.0,0.4462072918927006,0.127631932423391,linear_activation,1.8364405107718085e-08,1.0298867891833652e-06,0.7189088463783264,2.55448311705067e-08,True
linear_activation,0.05,0,0,1.0,0.900492287060531,0.1277705442538884,linear_activation,0.5174846649169922,0.7189088463783264,0.7189088463783264,0.7198195814725938,True
linear_activation,0.05,1,4,1.0,3.317441949813717,0.1280257291185166,linear_activation,0.34488174319267273,0.6089769005775452,0.7189088463783264,0.479729446827781,True
linear_activation,0.05,2,4,1.0,0.2,0.1281731373785328,linear_activation,4.036238010485249e-10,1.8334835871769428e-09,0.7189088463783264,5.614394691091581e-10,True
linear_activation,0.05,1,4,1.0,3.000820366267417,0.1283951747922855,linear_activation,0.39007237553596497,0.6089769005775452,0.7189088463783264,0.5425894777913041,True
linear_activation,0.05,0,0,1.0,0.6028741513057392,0.1284760546232243,linear_activation,0.6060628890991211,0.7189088463783264,0.7189088463783264,0.8430316195889179,True
linear_activation,0.05,0,0,1.0,0.3650984560060393,0.1287336445722902,linear_activation,0.6870267391204834,0.7189088463783264,0.7189088463783264,0.9556520866053371,True
linear_activation,0.05,0,0,1.0,1.2166621504910964,0.1287415837880509,linear_activation,0.6281334161758423,0.7189088463783264,0.7189088463783264,0.8737316550494727,True
linear_activation,0.05,1,2,1.0,2.0090311238977194,0.1287812933686035,linear_activation,0.47971370816230774,0.5914097428321838,0.7189088463783264,0.6672802964923567,True
linear_activation,0.05,1,4,1.0,1.643841718255735,0.1287825981623897,linear_activation,0.48931950330734253,0.6089769005775452,0.7189088463783264,0.6806419280725302,True
linear_activation,0.05,2,8,1.0,0.2987330888578299,0.1288153055552935,linear_activation,6.421569764825108e-08,1.0298867891833652e-06,0.7189088463783264,8.932383844176194e-08,True
linear_activation,0.05,2,2,1.0,0.2702215594677964,0.1289285347121343,linear_activation,2.0641735432036512e-08,1.898563937174913e-07,0.7189088463783264,2.8712590665734805e-08,True
linear_activation,0.05,0,0,1.0,1.817286211563076,0.1289991269231533,linear_activation,0.4666104316711426,0.7189088463783264,0.7189088463783264,0.6490536790885286,True
linear_activation,0.05,1,2,1.0,1.817286211563076,0.1290162051802547,linear_activation,0.4580012261867523,0.5914097428321838,0.7189088463783264,0.6370783006691905,True
linear_activation,0.05,1,4,1.0,1.817286211563076,0.1290552997661001,linear_activation,0.4066358506679535,0.6089769005775452,0.7189088463783264,0.5656292208900724,True
linear_activation,0.05,1,4,1.0,1.3450342120312204,0.129057865959721,linear_activation,0.4620376527309418,0.6089769005775452,0.7189088463783264,0.6426929576100863,True
linear_activation,0.05,2,8,1.0,0.2211023350218148,0.1292374781990876,linear_activation,1.2750444966513896e-07,1.0298867891833652e-06,0.7189088463783264,1.7735829835377995e-07,True
linear_activation,0.05,2,4,1.0,0.2444312127604942,0.1295475064567953,linear_activation,2.8908425653284553e-10,1.8334835871769428e-09,0.7189088463783264,4.021153140473593e-10,True
linear_activation,0.05,1,4,1.0,2.714417616594908,0.1296865408255415,linear_activation,0.45006224513053894,0.6089769005775452,0.7189088463783264,0.6260352023734777,True
linear_activation,0.05,0,0,1.0,0.8145479666433055,0.1297255954902781,linear_activation,0.9930755496025085,0.7189088463783264,0.7189088463783264,1.0,True
linear_activation,0.05,2,8,1.0,0.3302529174737275,0.1297880517000077,linear_activation,4.888433480232379e-08,1.0298867891833652e-06,0.7189088463783264,6.799795975329863e-08,True
linear_activation,0.05,0,0,1.0,1.4869510248216484,0.1297923412465124,linear_activation,0.5877968072891235,0.7189088463783264,0.7189088463783264,0.8176235558239257,True
linear_activation,0.05,2,8,1.0,0.4036206056789731,0.1298256141928751,linear_activation,2.61985224625505e-08,1.0298867891833652e-06,0.7189088463783264,3.644206437927668e-08,True
linear_activation,0.05,2,8,1.0,0.2444312127604942,0.1298695083453375,linear_activation,1.0352840007499253e-07,1.0298867891833652e-06,0.7189088463783264,1.4400768692239826e-07,True
linear_activation,0.05,2,4,1.0,0.4036206056789731,0.1298917008668664,linear_activation,8.827032854652472e-11,1.8334835871769428e-09,0.7189088463783264,1.2278375623169392e-10,True
linear_activation,0.05,2,2,1.0,0.2211023350218148,0.1299325778094316,linear_activation,3.0511404958133426e-08,1.898563937174913e-07,0.7189088463783264,4.2441270700509326e-08,True
linear_activation,0.05,1,8,1.0,2.714417616594908,0.1300434847557304,linear_activation,0.4229477047920227,0.586049497127533,0.7189088463783264,0.5883189599386931,True
linear_activation,0.05,0,0,1.0,1.1005421090383831,0.1300458058801977,linear_activation,0.556908369064331,0.7189088463783264,0.7189088463783264,0.7746578330060743,True
linear_activation,0.05,1,2,1.0,1.4869510248216484,0.1303488434824519,linear_activation,0.4715723395347595,0.5914097428321838,0.7189088463783264,0.6559556777057577,True
linear_activation,0.05,2,8,1.0,0.4932873707061831,0.1303663197571602,linear_activation,1.246386105435704e-08,1.0298867891833652e-06,0.7189088463783264,1.7337192492687623e-08,True
linear_activation,0.05,1,2,1.0,3.000820366267417,0.1303752863291658,linear_activation,0.31133171916007996,0.5914097428321838,0.7189088463783264,0.4330614663159137,True
linear_activation,0.05,1,8,1.0,1.4869510248216484,0.130477202593517,linear_activation,0.4596600830554962,0.586049497127533,0.7189088463783264,0.6393857654849329,True
linear_activation,0.05,0,0,1.0,0.9955047366910889,0.1305098548098926,linear_activation,0.6676958799362183,0.7189088463783264,0.7189088463783264,0.9287629207790311,True
linear_activation,0.05,1,8,1.0,1.643841718255735,0.1305199065390661,linear_activation,0.43131303787231445,0.586049497127533,0.7189088463783264,0.5999551125920289,True
linear_activation,0.05,2,8,1.0,0.5453349474995434,0.1306437748082668,linear_activation,8.167441833961675e-09,1.0298867891833652e-06,0.7189088463783264,1.1360886536738416e-08,True
linear_activation,0.05,1,8,1.0,1.3450342120312204,0.1306787263373931,linear_activation,0.5873140096664429,0.586049497127533,0.7189088463783264,0.8169519858117984,True
linear_activation,0.05,1,8,1.0,2.455349570439492,0.1307971110512829,linear_activation,0.5039442181587219,0.586049497127533,0.7189088463783264,0.7009848615682784,True
linear_activation,0.05,1,2,1.0,1.2166621504910964,0.1308377539871438,linear_activation,0.47913986444473267,0.5914097428321838,0.7189088463783264,0.6664820816415227,True
linear_activation,0.05,1,8,1.0,2.0090311238977194,0.1309804621441067,linear_activation,0.5583255290985107,0.586049497127533,0.7189088463783264,0.7766290982663627,True
linear_activation,0.05,1,4,1.0,0.9955047366910889,0.1310136795651766,linear_activation,0.5807094573974609,0.6089769005775452,0.7189088463783264,0.807765073865654,True
linear_activation,0.05,1,4,1.0,2.455349570439492,0.1310565668399471,linear_activation,0.4345857501029968,0.6089769005775452,0.7189088463783264,0.6045074452655931,True
linear_activation,0.05,2,8,1.0,0.2,0.1310950519014692,linear_activation,1.5421097998569167e-07,1.0298867891833652e-06,0.7189088463783264,2.1450700010518162e-07,True
linear_activation,0.05,0,0,1.0,0.2444312127604942,0.1311103164082153,linear_activation,0.5897800326347351,0.7189088463783264,0.7189088463783264,0.8203822161959637,True
linear_activation,0.05,1,2,1.0,1.1005421090383831,0.1314281879412136,linear_activation,0.42084801197052,0.5914097428321838,0.7189088463783264,0.585398293664964,True
linear_activation,0.05,0,0,1.0,1.3450342120312204,0.1314772805420919,linear_activation,0.4877780079841614,0.7189088463783264,0.7189088463783264,0.6784977128066494,True
linear_activation,0.05,2,8,1.0,0.2702215594677964,0.1315432804944197,linear_activation,8.241701010547331e-08,1.0298867891833652e-06,0.7189088463783264,1.1464180823572908e-07,True
linear_activation,0.05,1,8,1.0,1.817286211563076,0.1315676512257801,linear_activation,0.45898470282554626,0.586049497127533,0.7189088463783264,0.6384463136568571,True
linear_activation,0.05,1,8,1.0,3.000820366267417,0.1317763475213207,linear_activation,0.3858027756214142,0.586049497127533,0.7189088463783264,0.5366504774075143,True
linear_activation,0.05,1,2,1.0,1.3450342120312204,0.1318146755770773,linear_activation,0.4339313805103302,0.5914097428321838,0.7189088463783264,0.6035972191695266,True
linear_activation,0.05,0,0,1.0,0.2987330888578299,0.1319600326335618,linear_activation,0.7372035384178162,0.7189088463783264,0.7189088463783264,1.0,True
linear_activation,0.05,1,8,1.0,1.1005421090383831,0.1319618426400387,linear_activation,0.4831870198249817,0.586049497127533,0.7189088463783264,0.6721116623604658,True
linear_activation,0.05,0,0,1.0,0.2,0.1320998606797875,linear_activation,0.598486065864563,0.7189088463783264,0.7189088463783264,0.8324922817121785,True
linear_activation,0.05,2,4,1.0,0.2211023350218148,0.1321924657318841,linear_activation,3.442832408051544e-10,1.8334835871769428e-09,0.7189088463783264,4.788969318426985e-10,True
linear_activation,0.05,0,0,1.0,0.5453349474995434,0.1322016478680462,linear_activation,0.6633766889572144,0.7189088463783264,0.7189088463783264,0.9227549393767117,True
linear_activation,0.05,1,2,1.0,2.221007363126434,0.1323449156518451,linear_activation,0.4277164936065674,0.5914097428321838,0.7189088463783264,0.5949523305510713,True
linear_activation,0.05,1,4,1.0,2.221007363126434,0.1324939081199431,linear_activation,0.4035691022872925,0.6089769005775452,0.7189088463783264,0.5613633833000768,True
linear_activation,0.05,1,2,1.0,2.714417616594908,0.1324994981251464,linear_activation,0.37949666380882263,0.5914097428321838,0.7189088463783264,0.5278786952207181,True
linear_activation,0.05,0,0,1.0,0.4036206056789731,0.1326038309425103,linear_activation,0.5103177428245544,0.7189088463783264,0.7189088463783264,0.7098504148271383,True
linear_activation,0.05,0,0,1.0,0.2211023350218148,0.1326397252463139,linear_activation,0.6842635869979858,0.7189088463783264,0.7189088463783264,0.9518085504791404,True
linear_activation,0.05,1,2,1.0,2.455349570439492,0.1326565912994262,linear_activation,0.4028955399990082,0.5914097428321838,0.7189088463783264,0.5604264602232812,True
linear_activation,0.05,1,8,1.0,1.2166621504910964,0.1328808108973808,linear_activation,0.4939435124397278,0.586049497127533,0.7189088463783264,0.6870739105911483,True
linear_activation,0.05,1,4,1.0,2.0090311238977194,0.1330191917103652,linear_activation,0.4457957148551941,0.6089769005775452,0.7189088463783264,0.6201004718484069,True
linear_activation,0.05,1,4,1.0,1.4869510248216484,0.1330215440845342,linear_activation,0.4723864197731018,0.6089769005775452,0.7189088463783264,0.6570880608200335,True
linear_activation,0.05,0,0,1.0,0.3302529174737275,0.1332659076624034,linear_activation,0.9522674679756165,0.7189088463783264,0.7189088463783264,1.0,True
linear_activation,0.05,2,8,1.0,0.3650984560060393,0.1333318119987623,linear_activation,3.628058919957766e-08,1.0298867891833652e-06,0.7189088463783264,5.0466188282909193e-08,True
linear_activation,0.05,0,0,1.0,0.2702215594677964,0.1334410134448384,linear_activation,0.6504639387130737,0.7189088463783264,0.7189088463783264,0.9047933433980397,True
linear_activation,0.05,1,4,1.0,1.2166621504910964,0.1335697322436345,linear_activation,0.4466967284679413,0.6089769005775452,0.7189088463783264,0.6213537790198046,True
linear_activation,0.05,1,2,1.0,1.643841718255735,0.1336013906962912,linear_activation,0.48780176043510437,0.5914097428321838,0.7189088463783264,0.6785307523930485,True
linear_activation,0.05,1,4,1.0,1.1005421090383831,0.1336347275518657,linear_activation,0.502733588218689,0.6089769005775452,0.7189088463783264,0.6993008790354,True
linear_activation,0.05,1,4,1.0,0.8145479666433055,0.133937003027195,linear_activation,0.5481218099594116,0.6089769005775452,0.7189088463783264,0.7624357562446269,True
linear_activation,0.05,1,8,1.0,0.9955047366910889,0.1341059685691119,linear_activation,0.4226760268211365,0.586049497127533,0.7189088463783264,0.587941056714585,True
linear_activation,0.05,1,8,1.0,0.6664844128899691,0.1344914451701735,linear_activation,0.45669230818748474,0.586049497127533,0.7189088463783264,0.6352575997474234,True
linear_activation,0.05,1,8,1.0,0.8145479666433055,0.1348788833477043,linear_activation,0.45238572359085083,0.586049497127533,0.7189088463783264,0.6292671537843094,True
linear_activation,0.05,1,4,1.0,0.5453349474995434,0.135284226553444,linear_activation,0.5238161683082581,0.6089769005775452,0.7189088463783264,0.7286266832674352,True
linear_activation,0.05,1,4,1.0,0.4462072918927006,0.1353023426836256,linear_activation,0.6024911403656006,0.6089769005775452,0.7189088463783264,0.838063328057225,True
linear_activation,0.05,1,8,1.0,0.7368062997280775,0.1353273371477754,linear_activation,0.4976423680782318,0.586049497127533,0.7189088463783264,0.6922190074377622,True
linear_activation,0.05,1,4,1.0,0.6664844128899691,0.1355813813620706,linear_activation,0.5259701609611511,0.6089769005775452,0.7189088463783264,0.7316228804400591,True
linear_activation,0.05,0,0,1.0,0.4932873707061831,0.1356500998570102,linear_activation,0.8759468197822571,0.7189088463783264,0.7189088463783264,1.0,True
linear_activation,0.05,1,4,1.0,0.4036206056789731,0.1356669311158433,linear_activation,0.5260221362113953,0.6089769005775452,0.7189088463783264,0.7316951778537103,True
linear_activation,0.05,1,8,1.0,0.5453349474995434,0.135804227014149,linear_activation,0.5566087961196899,0.586049497127533,0.7189088463783264,0.7742411279590432,True
linear_activation,0.05,1,2,1.0,0.4462072918927006,0.1358460133503401,linear_activation,0.5499318838119507,0.5914097428321838,0.7189088463783264,0.7649535634209578,True
linear_activation,0.05,1,2,1.0,0.9955047366910889,0.1358994929143438,linear_activation,0.6484595537185669,0.5914097428321838,0.7189088463783264,0.9020052500192973,True
linear_activation,0.05,1,2,1.0,0.2702215594677964,0.1359761043980553,linear_activation,0.5548121929168701,0.5914097428321838,0.7189088463783264,0.7717420584151495,True
linear_activation,0.05,1,2,1.0,0.900492287060531,0.1360457581245455,linear_activation,0.4917508363723755,0.5914097428321838,0.7189088463783264,0.6840239049076762,True
linear_activation,0.05,1,8,1.0,0.6028741513057392,0.1360957919786894,linear_activation,0.6269886493682861,0.586049497127533,0.7189088463783264,0.8721392879318288,True
linear_activation,0.05,1,4,1.0,0.3650984560060393,0.1361189666308983,linear_activation,0.5124596953392029,0.6089769005775452,0.7189088463783264,0.7128298642043981,True
linear_activation,0.05,1,2,1.0,0.8145479666433055,0.1361946148532572,linear_activation,0.5719471573829651,0.5914097428321838,0.7189088463783264,0.7955767414245691,True
linear_activation,0.05,1,2,1.0,0.4036206056789731,0.1362660249644078,linear_activation,0.611447274684906,0.5914097428321838,0.7189088463783264,0.8505212834216973,True
linear_activation,0.05,1,4,1.0,0.6028741513057392,0.1363258899275126,linear_activation,0.5296055674552917,0.6089769005775452,0.7189088463783264,0.736679719721499,True
linear_activation,0.05,1,2,1.0,0.3650984560060393,0.1363608879949176,linear_activation,0.5681912899017334,0.5914097428321838,0.7189088463783264,0.7903523412796095,True
linear_activation,0.05,1,4,1.0,0.7368062997280775,0.1363998059854676,linear_activation,0.6281395554542542,0.6089769005775452,0.7189088463783264,0.8737401947669109,True
linear_activation,0.05,1,8,1.0,0.4932873707061831,0.1364049581712281,linear_activation,0.5515064597129822,0.586049497127533,0.7189088463783264,0.767143793669151,True
linear_activation,0.05,1,2,1.0,0.6028741513057392,0.1368142129387883,linear_activation,0.5318381190299988,0.5914097428321838,0.7189088463783264,0.7397851921133802,True
linear_activation,0.05,1,4,1.0,0.900492287060531,0.1369021422938558,linear_activation,0.5847671627998352,0.6089769005775452,0.7189088463783264,0.8134093296330102,True
linear_activation,0.05,1,2,1.0,0.2444312127604942,0.1371136676376585,linear_activation,0.5424253344535828,0.5914097428321838,0.7189088463783264,0.754511976290428,True
linear_activation,0.05,1,2,1.0,0.7368062997280775,0.1372132731913402,linear_activation,0.5015776753425598,0.5914097428321838,0.7189088463783264,0.6976930077705625,True
linear_activation,0.05,1,8,1.0,0.4462072918927006,0.1377015789144261,linear_activation,0.5605090260505676,0.586049497127533,0.7189088463783264,0.7796663358286167,True
linear_activation,0.05,1,4,1.0,0.4932873707061831,0.1379015280754741,linear_activation,0.5296474099159241,0.6089769005775452,0.7189088463783264,0.7367379224558834,True
linear_activation,0.05,1,2,1.0,0.6664844128899691,0.1379153710286944,linear_activation,0.5234906673431396,0.5914097428321838,0.7189088463783264,0.7281739124234565,True
linear_activation,0.05,1,8,1.0,0.2987330888578299,0.1379253337407068,linear_activation,0.6682276725769043,0.586049497127533,0.7189088463783264,0.9295026427109075,True
linear_activation,0.05,1,2,1.0,0.2211023350218148,0.1379758820918939,linear_activation,0.48346686363220215,0.5914097428321838,0.7189088463783264,0.6725009242378654,True
linear_activation,0.05,1,2,1.0,0.5453349474995434,0.1381457665029461,linear_activation,0.6234171986579895,0.5914097428321838,0.7189088463783264,0.8671714109495262,True
linear_activation,0.05,1,8,1.0,0.2211023350218148,0.1381909973651691,linear_activation,0.5362398624420166,0.586049497127533,0.7189088463783264,0.7459080036967857,True
linear_activation,0.05,1,8,1.0,0.3650984560060393,0.138344090696973,linear_activation,0.5673596858978271,0.586049497127533,0.7189088463783264,0.7891955826611898,True
linear_activation,0.05,1,4,1.0,0.2,0.1383619723930637,linear_activation,0.5159870386123657,0.6089769005775452,0.7189088463783264,0.7177363878769508,True
linear_activation,0.05,1,2,1.0,0.4932873707061831,0.1388526553450922,linear_activation,0.5592483878135681,0.5914097428321838,0.7189088463783264,0.7779127919080623,True
linear_activation,0.05,1,8,1.0,0.3302529174737275,0.1388955508587781,linear_activation,0.5659754276275635,0.586049497127533,0.7189088463783264,0.7872700836535796,True
linear_activation,0.05,1,4,1.0,0.2702215594677964,0.1390880370120727,linear_activation,0.5682610869407654,0.6089769005775452,0.7189088463783264,0.7904494287467948,True
linear_activation,0.05,1,8,1.0,0.4036206056789731,0.1394250598114188,linear_activation,0.48709696531295776,0.586049497127533,0.7189088463783264,0.6775503845401598,True
linear_activation,0.05,1,4,1.0,0.2987330888578299,0.1395540737341368,linear_activation,0.59712153673172,0.6089769005775452,0.7189088463783264,0.8305942258741997,True
linear_activation,0.05,1,8,1.0,0.2702215594677964,0.1398422785741209,linear_activation,0.5606021881103516,0.586049497127533,0.7189088463783264,0.7797959239679938,True
linear_activation,0.05,1,2,1.0,0.3302529174737275,0.1399674620087468,linear_activation,0.46664440631866455,0.5914097428321838,0.7189088463783264,0.6491009377190117,True
linear_activation,0.05,1,4,1.0,0.3302529174737275,0.1401951274628961,linear_activation,0.49086445569992065,0.6089769005775452,0.7189088463783264,0.6827909521113373,True
linear_activation,0.05,1,2,1.0,0.2987330888578299,0.140554687850726,linear_activation,0.6644828915596008,0.5914097428321838,0.7189088463783264,0.9242936638032635,True
linear_activation,0.05,1,4,1.0,0.2444312127604942,0.1408165441945269,linear_activation,0.622408926486969,0.6089769005775452,0.7189088463783264,0.8657689074525948,True
linear_activation,0.05,1,8,1.0,0.900492287060531,0.1408730734420173,linear_activation,0.5334672331809998,0.586049497127533,0.7189088463783264,0.7420512848999804,True
linear_activation,0.05,1,4,1.0,0.2211023350218148,0.1409501740006629,linear_activation,0.5124601125717163,0.6089769005775452,0.7189088463783264,0.7128304445735444,True
linear_activation,0.05,1,2,1.0,0.2,0.1409818130960587,linear_activation,0.5672215223312378,0.5914097428321838,0.7189088463783264,0.7890033975638923,True
linear_activation,0.05,1,8,1.0,0.2,0.1409975848063509,linear_activation,0.5734780430793762,0.586049497127533,0.7189088463783264,0.7977061987321588,True
linear_activation,0.05,1,8,1.0,0.2444312127604942,0.1423596588254495,linear_activation,0.6132979393005371,0.586049497127533,0.7189088463783264,0.8530955522249737,True
linear_activation,0.1,2,8,1.0,1.1005421090383831,0.1520657618422351,linear_activation,1.1625206353116369e-09,0.0006630266434513032,0.8039686679840088,1.445977538187794e-09,True
linear_activation,0.1,2,2,1.0,7.4013339421880975,0.1520657795249464,linear_activation,1.4210854715202004e-14,9.347661944048014e-06,0.8039686679840088,1.76758812639259e-14,True
linear_activation,0.1,2,4,1.0,0.5453349474995434,0.152069678254868,linear_activation,1.0124756588680839e-10,7.47515915833219e-09,0.8039686679840088,1.2593471601410995e-10,True
linear_activation,0.1,2,8,1.0,1.817286211563076,0.1520696841904972,linear_activation,4.111825463448682e-12,0.0006630266434513032,0.8039686679840088,5.114410084859759e-12,True
linear_activation,0.1,2,2,1.0,1.2166621504910964,0.1521208654120247,linear_activation,8.314788441099452e-11,9.347661944048014e-06,0.8039686679840088,1.034217970452654e-10,True
linear_activation,0.1,2,8,1.0,1.2166621504910964,0.1521216982875944,linear_activation,4.5560125117027894e-10,0.0006630266434513032,0.8039686679840088,5.666903068657161e-10,True
linear_activation,0.1,2,4,1.0,6.055964668833263,0.1521769433228779,linear_activation,1.4210854715202004e-14,7.47515915833219e-09,0.8039686679840088,1.76758812639259e-14,True
linear_activation,0.1,2,4,1.0,9.045585157672232,0.1522344293204933,linear_activation,1.4210854715202004e-14,7.47515915833219e-09,0.8039686679840088,1.76758812639259e-14,True
linear_activation,0.1,2,8,1.0,9.045585157672232,0.1522344303139041,linear_activation,1.4210854715202004e-14,0.0006630266434513032,0.8039686679840088,1.76758812639259e-14,True
linear_activation,0.1,2,2,1.0,0.4932873707061831,0.1522545624363405,linear_activation,3.6357022281663376e-08,9.347661944048014e-06,0.8039686679840088,4.5221939273865495e-08,True
linear_activation,0.1,2,2,1.0,3.000820366267417,0.1523645129177818,linear_activation,1.705302580647317e-16,9.347661944048014e-06,0.8039686679840088,2.121105770108489e-16,True
linear_activation,0.1,2,8,1.0,2.455349570439492,0.1523645133648166,linear_activation,6.343725864705815e-14,0.0006630266434513032,0.8039686679840088,7.890513794042524e-14,True
linear_activation,0.1,2,2,1.0,4.955148403871969,0.152364515152956,linear_activation,0.0,9.347661944048014e-06,0.8039686679840088,0.0,True
linear_activation,0.1,2,2,1.0,2.714417616594908,0.1524114704376552,linear_activation,1.0174972267463969e-14,9.347661944048014e-06,0.8039686679840088,1.2655931347397176e-14,True
linear_activation,0.1,2,4,1.0,4.054431795277528,0.1524114712323838,linear_activation,1.4210854715202004e-14,7.47515915833219e-09,0.8039686679840088,1.76758812639259e-14,True
linear_activation,0.1,2,2,1.0,2.455349570439492,0.1524114719277713,linear_activation,1.466560129359442e-14,9.347661944048014e-06,0.8039686679840088,1.824150850352059e-14,True
linear_activation,0.1,2,4,1.0,4.955148403871969,0.1524319095975396,linear_activation,1.4210854715202004e-14,7.47515915833219e-09,0.8039686679840088,1.76758812639259e-14,True
linear_activation,0.1,2,2,1.0,10.000000000000002,0.1524319175448256,linear_activation,0.0,9.347661944048014e-06,0.8039686679840088,0.0,True
linear_activation,0.1,2,4,1.0,3.317441949813717,0.1524319186375774,linear_activation,1.4210854715202004e-14,7.47515915833219e-09,0.8039686679840088,1.76758812639259e-14,True
linear_activation,0.1,2,8,1.0,3.667470807015676,0.1524721375890729,linear_activation,1.4210854715202004e-14,0.0006630266434513032,0.8039686679840088,1.76758812639259e-14,True
linear_activation,0.1,2,4,1.0,0.4462072918927006,0.1524836417764001,linear_activation,2.159647460864278e-10,7.47515915833219e-09,0.8039686679840088,2.6862333656356297e-10,True
linear_activation,0.1,2,2,1.0,0.900492287060531,0.1524836577703131,linear_activation,1.0158673902083137e-09,9.347661944048014e-06,0.8039686679840088,1.2635658958646379e-09,True
linear_activation,0.1,2,2,1.0,0.4462072918927006,0.1524836745092841,linear_activation,5.231569133457015e-08,9.347661944048014e-06,0.8039686679840088,6.507180368826353e-08,True
linear_activation,0.1,2,8,1.0,4.482221685612751,0.1524836796253495,linear_activation,0.0,0.0006630266434513032,0.8039686679840088,0.0,True
linear_activation,0.1,2,2,1.0,1.817286211563076,0.1524836800227138,linear_activation,8.990923782391247e-13,9.347661944048014e-06,0.8039686679840088,1.1183176833167434e-12,True
linear_activation,0.1,2,2,1.0,8.182261084470007,0.1524836815625005,linear_activation,0.0,9.347661944048014e-06,0.8039686679840088,0.0,True
linear_activation,0.1,2,4,1.0,0.8145479666433055,0.1525110824471948,linear_activation,1.3439830845451972e-11,7.47515915833219e-09,0.8039686679840088,1.671685897804079e-11,True
linear_activation,0.1,2,4,1.0,1.2166621504910964,0.15251108478171,linear_activation,7.060520787818825e-13,7.47515915833219e-09,0.8039686679840088,8.78208451272539e-13,True
linear_activation,0.1,2,8,1.0,2.221007363126434,0.1525110892023878,linear_activation,2.0361312733519626e-13,0.0006630266434513032,0.8039686679840088,2.5326002796323675e-13,True
linear_activation,0.1,2,2,1.0,9.045585157672232,0.152511092728996,linear_activation,1.4210854715202004e-14,9.347661944048014e-06,0.8039686679840088,1.76758812639259e-14,True
linear_activation,0.1,2,2,1.0,4.482221685612751,0.152511092728996,linear_activation,0.0,9.347661944048014e-06,0.8039686679840088,0.0,True
linear_activation,0.1,2,4,1.0,0.900492287060531,0.1525202173967732,linear_activation,7.119012844503114e-12,7.47515915833219e-09,0.8039686679840088,8.854838662250846e-12,True
linear_activation,0.1,2,8,1.0,4.955148403871969,0.1525202979127141,linear_activation,0.0,0.0006630266434513032,0.8039686679840088,0.0,True
linear_activation,0.1,2,8,1.0,3.317441949813717,0.1525203219532542,linear_activation,1.4210854715202004e-14,0.0006630266434513032,0.8039686679840088,1.76758812639259e-14,True
linear_activation,0.1,2,4,1.0,1.1005421090383831,0.1525203233440293,linear_activation,1.6544846005370206e-12,7.47515915833219e-09,0.8039686679840088,2.0578968639234693e-12,True
linear_activation,0.1,2,4,1.0,2.714417616594908,0.1525203299502107,linear_activation,1.4210854715202004e-14,7.47515915833219e-09,0.8039686679840088,1.76758812639259e-14,True
linear_activation,0.1,2,4,1.0,6.69493964544323,0.152520333675501,linear_activation,1.4210854715202004e-14,7.47515915833219e-09,0.8039686679840088,1.76758812639259e-14,True
linear_activation,0.1,2,2,1.0,0.3650984560060393,0.1525203349172645,linear_activation,1.2452662190298724e-07,9.347661944048014e-06,0.8039686679840088,1.5488989417366713e-07,True
linear_activation,0.1,2,2,1.0,0.5453349474995434,0.1525219998240046,linear_activation,2.0819904023028357e-08,9.347661944048014e-06,0.8039686679840088,2.589641220128055e-08,True
linear_activation,0.1,2,8,1.0,4.054431795277528,0.1525287179876936,linear_activation,0.0,0.0006630266434513032,0.8039686679840088,0.0,True
linear_activation,0.1,2,4,1.0,1.817286211563076,0.1525305887960659,linear_activation,1.0572876158832043e-14,7.47515915833219e-09,0.8039686679840088,1.3150855972215999e-14,True
linear_activation,0.1,2,8,1.0,2.0090311238977194,0.152540784451323,linear_activation,9.502513793196998e-13,0.0006630266434513032,0.8039686679840088,1.1819507614674862e-12,True
linear_activation,0.1,2,8,1.0,1.4869510248216484,0.1526001584185428,linear_activation,5.003494146782472e-11,0.0006630266434513032,0.8039686679840088,6.223493956958524e-11,True
linear_activation,0.1,2,2,1.0,1.3450342120312204,0.1526001594119536,linear_activation,3.0779687826276714e-11,9.347661944048014e-06,0.8039686679840088,3.828468577445724e-11,True
linear_activation,0.1,2,4,1.0,0.9955047366910889,0.1526001603556938,linear_activation,3.5324206667380897e-12,7.47515915833219e-09,0.8039686679840088,4.393729267579307e-12,True
linear_activation,0.1,2,8,1.0,0.8145479666433055,0.1526093624846376,linear_activation,1.870683341564927e-08,0.0006630266434513032,0.8039686679840088,2.3268112503137196e-08,True
linear_activation,0.1,2,4,1.0,0.6664844128899691,0.1526094238774217,linear_activation,4.0565852760243715e-11,7.47515915833219e-09,0.8039686679840088,5.045700706467156e-11,True
linear_activation,0.1,2,4,1.0,1.643841718255735,0.152609440268699,linear_activation,3.47881716922932e-14,7.47515915833219e-09,0.8039686679840088,4.3270556524952976e-14,True
linear_activation,0.1,2,4,1.0,4.482221685612751,0.1526193374843435,linear_activation,1.4210854715202004e-14,7.47515915833219e-09,0.8039686679840088,1.76758812639259e-14,True
linear_activation,0.1,2,4,1.0,2.0090311238977194,0.1526193426500794,linear_activation,3.922195803139931e-15,7.47515915833219e-09,0.8039686679840088,4.878543106630052e-15,True
linear_activation,0.1,2,4,1.0,2.455349570439492,0.1526273214061718,linear_activation,1.4210854715202004e-14,7.47515915833219e-09,0.8039686679840088,1.76758812639259e-14,True
linear_activation,0.1,2,8,1.0,6.055964668833263,0.1526273269941073,linear_activation,1.4210854715202004e-14,0.0006630266434513032,0.8039686679840088,1.76758812639259e-14,True
linear_activation,0.1,2,8,1.0,5.477974412378556,0.1526273289809288,linear_activation,1.4210854715202004e-14,0.0006630266434513032,0.8039686679840088,1.76758812639259e-14,True
linear_activation,0.1,2,4,1.0,1.4869510248216484,0.1526498526324492,linear_activation,1.0220446586490031e-13,7.47515915833219e-09,0.8039686679840088,1.2712493649930794e-13,True
linear_activation,0.1,2,8,1.0,7.4013339421880975,0.1526498733947338,linear_activation,0.0,0.0006630266434513032,0.8039686679840088,0.0,True
linear_activation,0.1,2,8,1.0,1.3450342120312204,0.1526532105594537,linear_activation,1.6228415833374754e-10,0.0006630266434513032,0.8039686679840088,2.0185383435486745e-10,True
linear_activation,0.1,2,4,1.0,10.000000000000002,0.1526802177230511,linear_activation,1.4210854715202004e-14,7.47515915833219e-09,0.8039686679840088,1.76758812639259e-14,True
linear_activation,0.1,2,4,1.0,5.477974412378556,0.1526802177230511,linear_activation,1.4210854715202004e-14,7.47515915833219e-09,0.8039686679840088,1.76758812639259e-14,True
linear_activation,0.1,2,2,1.0,2.0090311238977194,0.1526802184681092,linear_activation,2.778506320421509e-13,9.347661944048014e-06,0.8039686679840088,3.4559883128141685e-13,True
linear_activation,0.1,2,2,1.0,3.317441949813717,0.152699789673193,linear_activation,5.684341886080802e-14,9.347661944048014e-06,0.8039686679840088,7.07035250557036e-14,True
linear_activation,0.1,2,2,1.0,3.667470807015676,0.1527155484902749,linear_activation,5.684341886080802e-14,9.347661944048014e-06,0.8039686679840088,7.07035250557036e-14,True
linear_activation,0.1,2,8,1.0,3.000820366267417,0.1527227651632917,linear_activation,8.014922208451729e-15,0.0006630266434513032,0.8039686679840088,9.969197218281582e-15,True
linear_activation,0.1,2,8,1.0,2.714417616594908,0.1527227652626328,linear_activation,1.722355609100768e-14,0.0006630266434513032,0.8039686679840088,2.1423168311019632e-14,True
linear_activation,0.1,2,4,1.0,3.000820366267417,0.1527229443068286,linear_activation,1.4210854715202004e-14,7.47515915833219e-09,0.8039686679840088,1.76758812639259e-14,True
linear_activation,0.1,2,4,1.0,3.667470807015676,0.152731307956091,linear_activation,1.4210854715202004e-14,7.47515915833219e-09,0.8039686679840088,1.76758812639259e-14,True
linear_activation,0.1,2,8,1.0,6.69493964544323,0.1527313094462071,linear_activation,0.0,0.0006630266434513032,0.8039686679840088,0.0,True
linear_activation,0.1,2,2,1.0,0.6664844128899691,0.1527427911719427,linear_activation,7.557709125194378e-09,9.347661944048014e-06,0.8039686679840088,9.400502067009287e-09,True
linear_activation,0.1,2,4,1.0,2.221007363126434,0.152742792860741,linear_activation,2.8421708795129297e-16,7.47515915833219e-09,0.8039686679840088,3.5351761737678334e-16,True
linear_activation,0.1,2,2,1.0,2.221007363126434,0.1527997919943345,linear_activation,6.139089480912754e-14,9.347661944048014e-06,0.8039686679840088,7.6359810094426e-14,True
linear_activation,0.1,2,4,1.0,8.182261084470007,0.1527997932857685,linear_activation,1.4210854715202004e-14,7.47515915833219e-09,0.8039686679840088,1.76758812639259e-14,True
linear_activation,0.1,2,8,1.0,8.182261084470007,0.1527997947758846,linear_activation,0.0,0.0006630266434513032,0.8039686679840088,0.0,True
linear_activation,0.1,2,2,1.0,0.8145479666433055,0.1528312056899146,linear_activation,2.2767963070435826e-09,9.347661944048014e-06,0.8039686679840088,2.8319465642271385e-09,True
linear_activation,0.1,2,2,1.0,1.4869510248216484,0.1528312117000496,linear_activation,1.0753865679891117e-11,9.347661944048014e-06,0.8039686679840088,1.3375976089785897e-11,True
linear_activation,0.1,2,8,1.0,1.643841718255735,0.1528312149286345,linear_activation,1.4484271421144612e-11,0.0006630266434513032,0.8039686679840088,1.8015965046827806e-11,True
linear_activation,0.1,2,4,1.0,7.4013339421880975,0.1528315292195039,linear_activation,1.4210854715202004e-14,7.47515915833219e-09,0.8039686679840088,1.76758812639259e-14,True
linear_activation,0.1,2,2,1.0,6.69493964544323,0.1528315312063254,linear_activation,0.0,9.347661944048014e-06,0.8039686679840088,0.0,True
linear_activation,0.1,2,2,1.0,1.1005421090383831,0.1528315363223907,linear_activation,2.0497725738977124e-10,9.347661944048014e-06,0.8039686679840088,2.549567732580448e-10,True
linear_activation,0.1,2,2,1.0,0.7368062997280775,0.152839121484764,linear_activation,4.119506957778185e-09,9.347661944048014e-06,0.8039686679840088,5.123964554623817e-09,True
linear_activation,0.1,2,4,1.0,0.6028741513057392,0.1528391266008294,linear_activation,6.551027775802964e-11,7.47515915833219e-09,0.8039686679840088,8.14836204031432e-11,True
linear_activation,0.1,2,2,1.0,0.3302529174737275,0.1528433549115956,linear_activation,1.5695846400376467e-07,9.347661944048014e-06,0.8039686679840088,1.9522957828362365e-07,True
linear_activation,0.1,2,8,1.0,10.000000000000002,0.1528464394048633,linear_activation,1.4210854715202004e-14,0.0006630266434513032,0.8039686679840088,1.76758812639259e-14,True
linear_activation,0.1,2,8,1.0,0.9955047366910889,0.1528547315037034,linear_activation,3.4960352390811522e-09,0.0006630266434513032,0.8039686679840088,4.34847199685982e-09,True
linear_activation,0.1,2,8,1.0,0.6664844128899691,0.1528663847332977,linear_activation,8.736360257444176e-08,0.0006630266434513032,0.8039686679840088,1.0866543194215554e-07,True
linear_activation,0.1,2,2,1.0,5.477974412378556,0.1528663997586352,linear_activation,1.4210854715202004e-14,9.347661944048014e-06,0.8039686679840088,1.76758812639259e-14,True
linear_activation,0.1,2,2,1.0,1.643841718255735,0.1528664003050111,linear_activation,3.269917756704155e-12,9.347661944048014e-06,0.8039686679840088,4.067220386714367e-12,True
linear_activation,0.1,2,4,1.0,0.7368062997280775,0.152866400578199,linear_activation,2.3995652687069935e-11,7.47515915833219e-09,0.8039686679840088,2.9846502286264736e-11,True
linear_activation,0.1,2,2,1.0,6.055964668833263,0.152866400752046,linear_activation,5.684341886080802e-14,9.347661944048014e-06,0.8039686679840088,7.07035250557036e-14,True
linear_activation,0.1,2,8,1.0,0.900492287060531,0.1528664143866084,linear_activation,8.02410227151995e-09,0.0006630266434513032,0.8039686679840088,9.980615652150704e-09,True
linear_activation,0.1,2,2,1.0,4.054431795277528,0.1529547457631213,linear_activation,1.4210854715202004e-14,9.347661944048014e-06,0.8039686679840088,1.76758812639259e-14,True
linear_activation,0.1,2,4,1.0,1.3450342120312204,0.1529735025501035,linear_activation,2.81829681120227e-13,7.47515915833219e-09,0.8039686679840088,3.5054809017238056e-13,True
linear_activation,0.1,2,2,1.0,0.9955047366910889,0.1529735098765078,linear_activation,4.933800035189506e-10,9.347661944048014e-06,0.8039686679840088,6.136806360329009e-10,True
linear_activation,0.1,2,2,1.0,0.4036206056789731,0.1529789112742526,linear_activation,7.791268075152402e-08,9.347661944048014e-06,0.8039686679840088,9.691009594552226e-08,True
linear_activation,0.1,0,0,1.0,3.317441949813717,0.1634504246351214,linear_activation,0.5011984705924988,0.7437564730644226,0.8039686679840088,0.6234054765458444,True
linear_activation,0.1,1,2,1.0,10.000000000000002,0.1648797243057781,linear_activation,0.271136075258255,0.6277742981910706,0.8039686679840088,0.337247067025811,True
linear_activation,0.1,0,0,1.0,8.182261084470007,0.1659983943576752,linear_activation,0.4218914806842804,0.7437564730644226,0.8039686679840088,0.5247610976459992,True
linear_activation,0.1,1,4,1.0,10.000000000000002,0.166278920875052,linear_activation,0.27846038341522217,0.6444541215896606,0.8039686679840088,0.34635725806762513,True
linear_activation,0.1,1,8,1.0,10.000000000000002,0.1670783481839772,linear_activation,0.29348212480545044,0.8039686679840088,0.8039686679840088,0.36504174415325336,True
linear_activation,0.1,0,0,1.0,10.000000000000002,0.1673240666625806,linear_activation,0.6067600846290588,0.7437564730644226,0.8039686679840088,0.7547061332011107,True
linear_activation,0.1,1,8,1.0,9.045585157672232,0.1678042977860166,linear_activation,0.33505386114120483,0.8039686679840088,0.8039686679840088,0.41674989894987946,True
linear_activation,0.1,0,0,1.0,2.0090311238977194,0.1679810350967445,linear_activation,0.5672579407691956,0.7437564730644226,0.8039686679840088,0.705572198717175,True
linear_activation,0.1,1,2,1.0,9.045585157672232,0.1680161054083208,linear_activation,0.33728232979774475,0.6277742981910706,0.8039686679840088,0.4195217341535173,True
linear_activation,0.1,1,4,1.0,7.4013339421880975,0.1687754349856248,linear_activation,0.31158149242401123,0.6444541215896606,0.8039686679840088,0.3875542727371668,True
linear_activation,0.1,0,0,1.0,4.955148403871969,0.1690410714888713,linear_activation,0.5495054125785828,0.7437564730644226,0.8039686679840088,0.683491079268667,True
linear_activation,0.1,1,4,1.0,9.045585157672232,0.1696026899088855,linear_activation,0.2785966098308563,0.6444541215896606,0.8039686679840088,0.3465267005111668,True
linear_activation,0.1,0,0,1.0,1.4869510248216484,0.1701975140466257,linear_activation,0.5911692976951599,0.7437564730644226,0.8039686679840088,0.7353138514434228,True
linear_activation,0.1,1,2,1.0,8.182261084470007,0.1703370164199405,linear_activation,0.30823254585266113,0.6277742981910706,0.8039686679840088,0.38338875397416855,True
linear_activation,0.1,0,0,1.0,5.477974412378556,0.1704486899078669,linear_activation,0.5166673064231873,0.7437564730644226,0.8039686679840088,0.6426460719156583,True
linear_activation,0.1,0,0,1.0,0.9955047366910889,0.1706893891498613,linear_activation,0.6851113438606262,0.7437564730644226,0.8039686679840088,0.8521617460274625,True
linear_activation,0.1,1,8,1.0,4.955148403871969,0.1713363003823545,linear_activation,0.461032509803772,0.8039686679840088,0.8039686679840088,0.5734458669388619,True
linear_activation,0.1,1,4,1.0,6.055964668833263,0.1716191995890381,linear_activation,0.41985437273979187,0.6444541215896606,0.8039686679840088,0.5222272825539302,True
linear_activation,0.1,0,0,1.0,6.055964668833263,0.1716393951767286,linear_activation,0.42151549458503723,0.7437564730644226,0.8039686679840088,0.5242934350190639,True
linear_activation,0.1,0,0,1.0,2.455349570439492,0.1718084914331655,linear_activation,0.5489138960838318,0.7437564730644226,0.8039686679840088,0.68275533356326,True
linear_activation,0.1,0,0,1.0,6.69493964544323,0.1718351410970554,linear_activation,0.4231504797935486,0.7437564730644226,0.8039686679840088,0.5263270779626517,True
linear_activation,0.1,1,4,1.0,8.182261084470007,0.1718676253075184,linear_activation,0.32328712940216064,0.6444541215896606,0.8039686679840088,0.4021140901085351,True
linear_activation,0.1,1,2,1.0,3.317441949813717,0.1724877071584212,linear_activation,0.6334233283996582,0.6277742981910706,0.8039686679840088,0.7878706641491372,True
linear_activation,0.1,1,2,1.0,3.667470807015676,0.1731154174542716,linear_activation,0.5274538397789001,0.6277742981910706,0.8039686679840088,0.6560626810265091,True
linear_activation,0.1,1,2,1.0,7.4013339421880975,0.1733007238189835,linear_activation,0.366240531206131,0.6277742981910706,0.8039686679840088,0.4555408012659215,True
linear_activation,0.1,0,0,1.0,3.667470807015676,0.1733267526481906,linear_activation,0.6612801551818848,0.7437564730644226,0.8039686679840088,0.8225198089374273,True
linear_activation,0.1,1,4,1.0,4.054431795277528,0.173342052724562,linear_activation,0.559413731098175,0.6444541215896606,0.8039686679840088,0.6958153388003697,True
linear_activation,0.1,1,4,1.0,6.69493964544323,0.1733785413293113,linear_activation,0.35969603061676025,0.6444541215896606,0.8039686679840088,0.4474005579330795,True
linear_activation,0.1,0,0,1.0,9.045585157672232,0.1735011110686696,linear_activation,0.34331250190734863,0.7437564730644226,0.8039686679840088,0.4270222405161904,True
linear_activation,0.1,0,0,1.0,4.482221685612751,0.1735350416519171,linear_activation,0.5873988270759583,0.7437564730644226,0.8039686679840088,0.7306240286065997,True
linear_activation,0.1,1,4,1.0,2.714417616594908,0.1735667863344528,linear_activation,0.6428717374801636,0.6444541215896606,0.8039686679840088,0.7996228747224643,True
linear_activation,0.1,1,2,1.0,4.054431795277528,0.1736118476936631,linear_activation,0.46785932779312134,0.6277742981910706,0.8039686679840088,0.5819372650010127,True
linear_activation,0.1,1,2,1.0,2.221007363126434,0.1738196312190469,linear_activation,0.671173632144928,0.6277742981910706,0.8039686679840088,0.8348256081022772,True
linear_activation,0.1,1,8,1.0,6.69493964544323,0.1738579990823317,linear_activation,0.31648874282836914,0.8039686679840088,0.8039686679840088,0.39365805588168046,True
linear_activation,0.1,2,8,1.0,0.4036206056789731,0.1738629998576313,linear_activation,3.267028432674124e-06,0.0006630266434513032,0.8039686679840088,4.063626560057819e-06,True
linear_activation,0.1,0,0,1.0,1.643841718255735,0.1740778582124596,linear_activation,0.5207787156105042,0.7437564730644226,0.8039686679840088,0.6477599642239573,True
linear_activation,0.1,1,4,1.0,1.643841718255735,0.1741268389921361,linear_activation,0.5050270557403564,0.6444541215896606,0.8039686679840088,0.6281675839516692,True
linear_activation,0.1,1,4,1.0,5.477974412378556,0.1741835278389476,linear_activation,0.4894045889377594,0.6444541215896606,0.8039686679840088,0.608735897836623,True
linear_activation,0.1,1,2,1.0,4.955148403871969,0.1741922173517567,linear_activation,0.4601380527019501,0.6277742981910706,0.8039686679840088,0.5723333147494031,True
linear_activation,0.1,1,4,1.0,0.9955047366910889,0.1742392523872374,linear_activation,0.6109887957572937,0.6444541215896606,0.8039686679840088,0.7599659291317638,True
linear_activation,0.1,1,8,1.0,4.054431795277528,0.1742651808308748,linear_activation,0.47735828161239624,0.8039686679840088,0.8039686679840088,0.5937523446148664,True
linear_activation,0.1,1,4,1.0,4.955148403871969,0.1743404591032419,linear_activation,0.4659430980682373,0.6444541215896606,0.8039686679840088,0.579553801812467,True
linear_activation,0.1,2,8,1.0,0.6028741513057392,0.1743412031269769,linear_activation,1.630967574328679e-07,0.0006630266434513032,0.8039686679840088,2.0286456914028886e-07,True
linear_activation,0.1,2,4,1.0,0.2211023350218148,0.1744181930871091,linear_activation,1.2498313495257207e-09,7.47515915833219e-09,0.8039686679840088,1.554577186023598e-09,True
linear_activation,0.1,1,8,1.0,8.182261084470007,0.1744266773837127,linear_activation,0.34171441197395325,0.8039686679840088,0.8039686679840088,0.4250344890066662,True
linear_activation,0.1,1,8,1.0,4.482221685612751,0.1744291143266014,linear_activation,0.38178563117980957,0.8039686679840088,0.8039686679840088,0.47487625623167123,True
linear_activation,0.1,1,8,1.0,7.4013339421880975,0.1744555315448128,linear_activation,0.38289308547973633,0.8039686679840088,0.8039686679840088,0.4762537406337733,True
linear_activation,0.1,1,2,1.0,5.477974412378556,0.1744684994219738,linear_activation,0.4474886357784271,0.6277742981910706,0.8039686679840088,0.556599595977449,True
linear_activation,0.1,0,0,1.0,1.3450342120312204,0.1744938157162863,linear_activation,0.5730272531509399,0.7437564730644226,0.8039686679840088,0.7127482400375553,True
linear_activation,0.1,1,4,1.0,1.817286211563076,0.1745571582780577,linear_activation,0.5830726027488708,0.6444541215896606,0.8039686679840088,0.7252429428760628,True
linear_activation,0.1,1,2,1.0,6.69493964544323,0.1747270787956034,linear_activation,0.40189990401268005,0.6277742981910706,0.8039686679840088,0.4998949834953941,True
linear_activation,0.1,2,8,1.0,0.7368062997280775,0.1748716834408687,linear_activation,4.088448690708901e-08,0.0006630266434513032,0.8039686679840088,5.085333363750218e-08,True
linear_activation,0.1,2,4,1.0,0.3302529174737275,0.1748720159667705,linear_activation,5.299757854793086e-10,7.47515915833219e-09,0.8039686679840088,6.591995516544806e-10,True
linear_activation,0.1,1,2,1.0,4.482221685612751,0.1750826115326098,linear_activation,0.3725692629814148,0.6277742981910706,0.8039686679840088,0.46341266496821404,True
linear_activation,0.1,1,4,1.0,2.0090311238977194,0.175099334898081,linear_activation,0.4883773922920227,0.6444541215896606,0.8039686679840088,0.6074582402777625,True
linear_activation,0.1,2,4,1.0,0.2987330888578299,0.1752727852354405,linear_activation,6.779560246528149e-10,7.47515915833219e-09,0.8039686679840088,8.432617484370668e-10,True
linear_activation,0.1,1,2,1.0,6.055964668833263,0.1753600665963708,linear_activation,0.3310992419719696,0.6277742981910706,0.8039686679840088,0.4118310267018456,True
linear_activation,0.1,2,2,1.0,0.2702215594677964,0.1753955466105461,linear_activation,3.0479017709694745e-07,9.347661944048014e-06,0.8039686679840088,3.7910703393606606e-07,True
linear_activation,0.1,2,4,1.0,0.4932873707061831,0.1754863265292121,linear_activation,1.5060384883636146e-10,7.47515915833219e-09,0.8039686679840088,1.8732552005292453e-10,True
linear_activation,0.1,2,8,1.0,0.5453349474995434,0.1755410908099008,linear_activation,4.963454784956411e-07,0.0006630266434513032,0.8039686679840088,6.173691814884428e-07,True
linear_activation,0.1,1,4,1.0,2.455349570439492,0.175583927775017,linear_activation,0.6407553553581238,0.6444541215896606,0.8039686679840088,0.7969904560644752,True
linear_activation,0.1,1,4,1.0,3.000820366267417,0.1756332204111657,linear_activation,0.4613673686981201,0.6444541215896606,0.8039686679840088,0.5738623743323501,True
linear_activation,0.1,1,4,1.0,3.667470807015676,0.1756358338827039,linear_activation,0.41391003131866455,0.6444541215896606,0.8039686679840088,0.514833534939321,True
linear_activation,0.1,1,8,1.0,5.477974412378556,0.1757318734202339,linear_activation,0.39542627334594727,0.8039686679840088,0.8039686679840088,0.49184289026772426,True
linear_activation,0.1,1,2,1.0,3.000820366267417,0.1758760333733137,linear_activation,0.5549752116203308,0.6277742981910706,0.8039686679840088,0.6902945770411161,True
linear_activation,0.1,1,2,1.0,1.817286211563076,0.1762162359350598,linear_activation,0.6675355434417725,0.6277742981910706,0.8039686679840088,0.8303004458067388,True
linear_activation,0.1,1,8,1.0,3.667470807015676,0.1762435787741514,linear_activation,0.4291849434375763,0.8039686679840088,0.8039686679840088,0.5338329222627279,True
linear_activation,0.1,2,4,1.0,0.3650984560060393,0.1763073697797512,linear_activation,4.0420444769040387e-10,7.47515915833219e-09,0.8039686679840088,5.027614430596736e-10,True
linear_activation,0.1,1,8,1.0,1.1005421090383831,0.1763177287736723,linear_activation,0.6574744582176208,0.8039686679840088,0.8039686679840088,0.8177861705310863,True
linear_activation,0.1,1,2,1.0,2.455349570439492,0.1763705512580067,linear_activation,0.6207578778266907,0.6277742981910706,0.8039686679840088,0.7721170022499406,True
linear_activation,0.1,2,2,1.0,0.6028741513057392,0.1764497955831274,linear_activation,1.3241685969944683e-08,9.347661944048014e-06,0.8039686679840088,1.647040052337968e-08,True
linear_activation,0.1,2,2,1.0,0.2,0.1764874566069667,linear_activation,9.354304211228737e-07,9.347661944048014e-06,0.8039686679840088,1.1635160154543232e-06,True
linear_activation,0.1,1,8,1.0,1.817286211563076,0.1765336699426398,linear_activation,0.68979811668396,0.8039686679840088,0.8039686679840088,0.8579912926378871,True
linear_activation,0.1,1,8,1.0,3.317441949813717,0.1765509465488515,linear_activation,0.5478636622428894,0.8039686679840088,0.8039686679840088,0.6814490216598672,True
linear_activation,0.1,0,0,1.0,1.817286211563076,0.1765815685528235,linear_activation,0.9341543912887573,0.7437564730644226,0.8039686679840088,1.0,True
linear_activation,0.1,2,8,1.0,0.3650984560060393,0.1767374989963769,linear_activation,4.062013886141358e-06,0.0006630266434513032,0.8039686679840088,5.052452972237163e-06,True
linear_activation,0.1,1,4,1.0,1.3450342120312204,0.1767553483809434,linear_activation,0.5955159664154053,0.6444541215896606,0.8039686679840088,0.7407203665146442,True
linear_activation,0.1,1,4,1.0,3.317441949813717,0.1767631622688501,linear_activation,0.5219051837921143,0.6444541215896606,0.8039686679840088,0.6491610986542763,True
linear_activation,0.1,2,4,1.0,0.2,0.176799308737229,linear_activation,1.477506561542441e-09,7.47515915833219e-09,0.8039686679840088,1.8377663463519813e-09,True
linear_activation,0.1,1,8,1.0,2.714417616594908,0.1768448453022596,linear_activation,0.49067285656929016,0.8039686679840088,0.8039686679840088,0.6103134066153059,True
linear_activation,0.1,1,8,1.0,6.055964668833263,0.1768695795350617,linear_activation,0.43959081172943115,0.8039686679840088,0.8039686679840088,0.5467760489121135,True
linear_activation,0.1,1,4,1.0,1.1005421090383831,0.1769020142146186,linear_activation,0.707194447517395,0.6444541215896606,0.8039686679840088,0.87962936328193,True
linear_activation,0.1,2,2,1.0,0.2987330888578299,0.1769296379213045,linear_activation,2.1327451804609154e-07,9.347661944048014e-06,0.8039686679840088,2.6527715138562296e-07,True
linear_activation,0.1,1,8,1.0,1.3450342120312204,0.1771438451834539,linear_activation,0.5232807397842407,0.8039686679840088,0.8039686679840088,0.6508720558680391,True
linear_activation,0.1,2,8,1.0,0.2444312127604942,0.177190471044616,linear_activation,1.7282136468566023e-05,0.0006630266434513032,0.8039686679840088,2.1496032316659598e-05,True
linear_activation,0.1,1,2,1.0,1.3450342120312204,0.1772366179829404,linear_activation,0.5655782222747803,0.6277742981910706,0.8039686679840088,0.7034829151899609,True
linear_activation,0.1,2,2,1.0,0.2211023350218148,0.1772513859563891,linear_activation,5.518699595086218e-07,9.347661944048014e-06,0.8039686679840088,6.864321726522789e-07,True
linear_activation,0.1,2,4,1.0,0.4036206056789731,0.177265348728139,linear_activation,2.9994645656117314e-10,7.47515915833219e-09,0.8039686679840088,3.7308227112047006e-10,True
linear_activation,0.1,1,8,1.0,3.000820366267417,0.1772927950497628,linear_activation,0.5846297740936279,0.8039686679840088,0.8039686679840088,0.727179798635208,True
linear_activation,0.1,1,2,1.0,1.2166621504910964,0.1773368277016306,linear_activation,0.7348431348800659,0.6277742981910706,0.8039686679840088,0.914019618106165,True
linear_activation,0.1,1,2,1.0,1.4869510248216484,0.1774611407582549,linear_activation,0.6598759293556213,0.6277742981910706,0.8039686679840088,0.8207731913362903,True
linear_activation,0.1,0,0,1.0,2.714417616594908,0.1774738208200642,linear_activation,0.48762044310569763,0.7437564730644226,0.8039686679840088,0.6065167244992644,True
linear_activation,0.1,2,4,1.0,0.2702215594677964,0.1775881418859241,linear_activation,8.480688928891311e-10,7.47515915833219e-09,0.8039686679840088,1.054853163638461e-09,True
linear_activation,0.1,0,0,1.0,4.054431795277528,0.1776650250307491,linear_activation,0.4956313371658325,0.7437564730644226,0.8039686679840088,0.6164809113875701,True
linear_activation,0.1,0,0,1.0,3.000820366267417,0.1777147746990455,linear_activation,0.5490236282348633,0.7437564730644226,0.8039686679840088,0.6828918216571389,True
linear_activation,0.1,2,8,1.0,0.4932873707061831,0.1778340691433706,linear_activation,9.525384712105733e-07,0.0006630266434513032,0.8039686679840088,1.1847955139832884e-06,True
linear_activation,0.1,2,8,1.0,0.4462072918927006,0.1780583518643113,linear_activation,1.7622918448978453e-06,0.0006630266434513032,0.8039686679840088,2.1919907019721045e-06,True
linear_activation,0.1,2,8,1.0,0.2702215594677964,0.1781180220690843,linear_activation,1.4147988622426055e-05,0.0006630266434513032,0.8039686679840088,1.7597686558983494e-05,True
linear_activation,0.1,1,2,1.0,0.9955047366910889,0.1781294143682943,linear_activation,0.7977794408798218,0.6277742981910706,0.8039686679840088,0.992301656332321,True
linear_activation,0.1,2,8,1.0,0.3302529174737275,0.1781846232907948,linear_activation,6.8517038016580045e-06,0.0006630266434513032,0.8039686679840088,8.522351771293513e-06,True
linear_activation,0.1,1,8,1.0,1.643841718255735,0.1782233046810742,linear_activation,0.6169521808624268,0.8039686679840088,0.8039686679840088,0.7673833638435996,True
linear_activation,0.1,2,4,1.0,0.2444312127604942,0.1782261353415561,linear_activation,1.0392764426825352e-09,7.47515915833219e-09,0.8039686679840088,1.2926827674622846e-09,True
linear_activation,0.1,0,0,1.0,0.2702215594677964,0.1782607661456206,linear_activation,1.0606987476348877,0.7437564730644226,0.8039686679840088,1.0,True
linear_activation,0.1,1,2,1.0,1.643841718255735,0.1783366177222331,linear_activation,0.6360858678817749,0.6277742981910706,0.8039686679840088,0.7911824094797023,True
linear_activation,0.1,2,8,1.0,0.2987330888578299,0.1783631429876246,linear_activation,8.884880116966087e-06,0.0006630266434513032,0.8039686679840088,1.1051276586742321e-05,True
linear_activation,0.1,1,8,1.0,2.0090311238977194,0.1784075492151302,linear_activation,0.5467830896377563,0.8039686679840088,0.8039686679840088,0.6801049735045546,True
linear_activation,0.1,1,8,1.0,0.900492287060531,0.17852184833464,linear_activation,0.7540786266326904,0.8039686679840088,0.8039686679840088,0.9379452914795546,True
linear_activation,0.1,2,2,1.0,0.2444312127604942,0.1785500207181782,linear_activation,4.119032155358582e-07,9.347661944048014e-06,0.8039686679840088,5.123373981335938e-07,True
linear_activation,0.1,1,2,1.0,0.5453349474995434,0.1785755120616747,linear_activation,0.5980612635612488,0.6277742981910706,0.8039686679840088,0.7438862823608748,True
linear_activation,0.1,1,8,1.0,2.455349570439492,0.1786035407717459,linear_activation,0.4636118412017822,0.8039686679840088,0.8039686679840088,0.5766541155942206,True
linear_activation,0.1,1,8,1.0,2.221007363126434,0.1786075851375566,linear_activation,0.5225469470024109,0.8039686679840088,0.8039686679840088,0.6499593427101124,True
linear_activation,0.1,1,8,1.0,0.8145479666433055,0.1786303489769659,linear_activation,0.6913819313049316,0.8039686679840088,0.8039686679840088,0.8599612880917438,True
linear_activation,0.1,1,2,1.0,0.4036206056789731,0.1786392719491498,linear_activation,0.6115115880966187,0.6277742981910706,0.8039686679840088,0.7606161937007001,True
linear_activation,0.1,1,4,1.0,4.482221685612751,0.178657479445672,linear_activation,0.400824636220932,0.6444541215896606,0.8039686679840088,0.498557533623816,True
linear_activation,0.1,1,4,1.0,2.221007363126434,0.1789221502727592,linear_activation,0.6670128107070923,0.6444541215896606,0.8039686679840088,0.8296502553758219,True
linear_activation,0.1,0,0,1.0,7.4013339421880975,0.1790061731996592,linear_activation,0.760401725769043,0.7437564730644226,0.8039686679840088,0.9458101491390055,True
linear_activation,0.1,1,2,1.0,0.8145479666433055,0.1791221778170001,linear_activation,0.7462087273597717,0.6277742981910706,0.8039686679840088,0.9281564780763497,True
linear_activation,0.1,1,4,1.0,0.8145479666433055,0.1792802695567471,linear_activation,0.6196202635765076,0.6444541215896606,0.8039686679840088,0.7707020040099772,True
linear_activation,0.1,1,2,1.0,2.714417616594908,0.1793595783177621,linear_activation,0.5199667811393738,0.6277742981910706,0.8039686679840088,0.6467500561224807,True
linear_activation,0.1,1,4,1.0,0.7368062997280775,0.1794054163884411,linear_activation,0.787327766418457,0.6444541215896606,0.8039686679840088,0.9793015546149583,True
linear_activation,0.1,1,8,1.0,1.2166621504910964,0.1794424651920093,linear_activation,0.6999401450157166,0.8039686679840088,0.8039686679840088,0.8706062473440055,True
linear_activation,0.1,1,4,1.0,1.2166621504910964,0.1795731912870978,linear_activation,0.5637049674987793,0.6444541215896606,0.8039686679840088,0.7011529055134665,True
linear_activation,0.1,2,8,1.0,0.2211023350218148,0.1797699483719108,linear_activation,2.5763423764146864e-05,0.0006630266434513032,0.8039686679840088,3.204530821922442e-05,True
linear_activation,0.1,1,4,1.0,0.3650984560060393,0.1798100071699172,linear_activation,0.6504507064819336,0.6444541215896606,0.8039686679840088,0.8090498204525444,True
linear_activation,0.1,0,0,1.0,0.8145479666433055,0.1800523660926751,linear_activation,0.5715479850769043,0.7437564730644226,0.8039686679840088,0.710908282669882,True
linear_activation,0.1,0,0,1.0,1.1005421090383831,0.1801032044289688,linear_activation,0.5660089254379272,0.7437564730644226,0.8039686679840088,0.704018636518787,True
linear_activation,0.1,1,2,1.0,0.4462072918927006,0.1801503611065196,linear_activation,0.6052536964416504,0.6277742981910706,0.8039686679840088,0.75283244303457,True
linear_activation,0.1,0,0,1.0,2.221007363126434,0.1801525993773127,linear_activation,0.6417698264122009,0.7437564730644226,0.8039686679840088,0.7982522851561747,True
linear_activation,0.1,1,2,1.0,0.6664844128899691,0.1801923251075961,linear_activation,0.6079376339912415,0.6277742981910706,0.8039686679840088,0.7561708039141316,True
linear_activation,0.1,1,4,1.0,1.4869510248216484,0.1802029823597362,linear_activation,0.615696907043457,0.6444541215896606,0.8039686679840088,0.7658220171531653,True
linear_activation,0.1,1,2,1.0,0.3650984560060393,0.1802751881005384,linear_activation,0.7642597556114197,0.6277742981910706,0.8039686679840088,0.9506088807264577,True
linear_activation,0.1,1,2,1.0,0.900492287060531,0.1802866128954548,linear_activation,0.7314301133155823,0.6277742981910706,0.8039686679840088,0.9097744009722163,True
linear_activation,0.1,1,8,1.0,0.9955047366910889,0.1803519347112872,linear_activation,0.6137826442718506,0.8039686679840088,0.8039686679840088,0.7634410005192627,True
linear_activation,0.1,1,8,1.0,0.5453349474995434,0.1804962622178299,linear_activation,0.7431605458259583,0.8039686679840088,0.8039686679840088,0.924365059759692,True
linear_activation,0.1,1,2,1.0,0.2702215594677964,0.1806092205031715,linear_activation,0.7533804774284363,0.6277742981910706,0.8039686679840088,0.9370769128572822,True
linear_activation,0.1,1,4,1.0,0.6028741513057392,0.1806730883535408,linear_activation,0.5758400559425354,0.6444541215896606,0.8039686679840088,0.7162468873152518,True
linear_activation,0.1,1,8,1.0,0.7368062997280775,0.1809214766133683,linear_activation,0.6298852562904358,0.8039686679840088,0.8039686679840088,0.783469905450301,True
linear_activation,0.1,1,8,1.0,0.6664844128899691,0.1809277496464501,linear_activation,0.6892074942588806,0.8039686679840088,0.8039686679840088,0.8572566590027725,True
linear_activation,0.1,1,4,1.0,0.4036206056789731,0.1809821287712409,linear_activation,0.642841637134552,0.6444541215896606,0.8039686679840088,0.7995854350226225,True
linear_activation,0.1,1,2,1.0,2.0090311238977194,0.1809875160792076,linear_activation,0.7131154537200928,0.6277742981910706,0.8039686679840088,0.8869940858619093,True
linear_activation,0.1,1,4,1.0,0.4462072918927006,0.1810156415221315,linear_activation,0.7845669984817505,0.6444541215896606,0.8039686679840088,0.9758676298282756,True
linear_activation,0.1,1,8,1.0,0.6028741513057392,0.1810896388491651,linear_activation,0.7069382667541504,0.8039686679840088,0.8039686679840088,0.879310718074167,True
linear_activation,0.1,2,8,1.0,0.2,0.1811251158831961,linear_activation,4.470967178349383e-05,0.0006630266434513032,0.8039686679840088,5.561121168515876e-05,True
linear_activation,0.1,1,8,1.0,0.4932873707061831,0.1812351097307877,linear_activation,0.7366774678230286,0.8039686679840088,0.8039686679840088,0.9163012156559331,True
linear_activation,0.1,0,0,1.0,0.6664844128899691,0.1812836363191553,linear_activation,0.7968146204948425,0.7437564730644226,0.8039686679840088,0.9911015842108556,True
linear_activation,0.1,1,8,1.0,0.4036206056789731,0.1813416646287661,linear_activation,0.7395206093788147,0.8039686679840088,0.8039686679840088,0.9198375991855494,True
linear_activation,0.1,1,2,1.0,0.2987330888578299,0.1815269788114972,linear_activation,0.7911205887794495,0.6277742981910706,0.8039686679840088,0.9840191792090897,True
linear_activation,0.1,0,0,1.0,0.7368062997280775,0.1815359970341869,linear_activation,0.8109908699989319,0.7437564730644226,0.8039686679840088,1.0,True
linear_activation,0.1,1,8,1.0,0.4462072918927006,0.1815811974738017,linear_activation,0.6627048254013062,0.8039686679840088,0.8039686679840088,0.8242918558792487,True
linear_activation,0.1,1,4,1.0,0.6664844128899691,0.1818121441082717,linear_activation,0.6906893849372864,0.6444541215896606,0.8039686679840088,0.8590998784433033,True
linear_activation,0.1,1,8,1.0,0.2702215594677964,0.1820577078950114,linear_activation,0.6264863014221191,0.8039686679840088,0.8039686679840088,0.7792421848889516,True
linear_activation,0.1,0,0,1.0,0.2444312127604942,0.1820592138393503,linear_activation,0.7120555639266968,0.7437564730644226,0.8039686679840088,0.8856757635993593,True
linear_activation,0.1,1,8,1.0,0.3302529174737275,0.1820732098751842,linear_activation,0.8030503988265991,0.8039686679840088,0.8039686679840088,0.9988578296717554,True
linear_activation,0.1,1,2,1.0,0.4932873707061831,0.1820947976578275,linear_activation,0.7806401252746582,0.6277742981910706,0.8039686679840088,0.9709832688283139,True
linear_activation,0.1,0,0,1.0,0.2,0.182155338406548,linear_activation,0.6145766377449036,0.7437564730644226,0.8039686679840088,0.7644285930768732,True
linear_activation,0.1,1,4,1.0,0.900492287060531,0.1822451467581255,linear_activation,0.7232070565223694,0.6444541215896606,0.8039686679840088,0.8995463198035402,True
linear_activation,0.1,0,0,1.0,1.2166621504910964,0.1822739984563736,linear_activation,0.8170565366744995,0.7437564730644226,0.8039686679840088,1.0,True
linear_activation,0.1,1,8,1.0,1.4869510248216484,0.1824107668547837,linear_activation,0.7045463919639587,0.8039686679840088,0.8039686679840088,0.8763356334901007,True
linear_activation,0.1,1,4,1.0,0.3302529174737275,0.1824884088915148,linear_activation,0.7222962379455566,0.6444541215896606,0.8039686679840088,0.8984134167277317,True
linear_activation,0.1,1,4,1.0,0.2444312127604942,0.1826326988523629,linear_activation,0.7454445958137512,0.6444541215896606,0.8039686679840088,0.9272060286665031,True
linear_activation,0.1,1,2,1.0,1.1005421090383831,0.1827581203140801,linear_activation,0.615660548210144,0.6277742981910706,0.8039686679840088,0.7657767929612771,True
linear_activation,0.1,0,0,1.0,0.2211023350218148,0.1827691499417517,linear_activation,0.8217544555664062,0.7437564730644226,0.8039686679840088,1.0,True
linear_activation,0.1,1,4,1.0,0.2702215594677964,0.1828811174416391,linear_activation,0.6513628959655762,0.6444541215896606,0.8039686679840088,0.8101844287028012,True
linear_activation,0.1,1,8,1.0,0.3650984560060393,0.1829344003283726,linear_activation,0.7368883490562439,0.8039686679840088,0.8039686679840088,0.9165635159688845,True
linear_activation,0.1,1,4,1.0,0.5453349474995434,0.1832372165963578,linear_activation,0.6277005076408386,0.6444541215896606,0.8039686679840088,0.7807524504839581,True
linear_activation,0.1,1,2,1.0,0.7368062997280775,0.1834665208578547,linear_activation,0.6680945158004761,0.6277742981910706,0.8039686679840088,0.8309957121535049,True
linear_activation,0.1,1,8,1.0,0.2,0.1836147174031923,linear_activation,0.7001742124557495,0.8039686679840088,0.8039686679840088,0.870897387346538,True
linear_activation,0.1,1,2,1.0,0.3302529174737275,0.1836264924050586,linear_activation,0.6514334082603455,0.6277742981910706,0.8039686679840088,0.8102721339798564,True
linear_activation,0.1,1,4,1.0,0.4932873707061831,0.1836938734725629,linear_activation,0.7755988240242004,0.6444541215896606,0.8039686679840088,0.9647127492779698,True
linear_activation,0.1,1,4,1.0,0.2211023350218148,0.1836977758907272,linear_activation,0.7045032382011414,0.6444541215896606,0.8039686679840088,0.8762819575639907,True
linear_activation,0.1,1,8,1.0,0.2211023350218148,0.1837648941218073,linear_activation,0.7213128805160522,0.8039686679840088,0.8039686679840088,0.8971902876822053,True
linear_activation,0.1,0,0,1.0,0.3650984560060393,0.1838245892939587,linear_activation,1.016662836074829,0.7437564730644226,0.8039686679840088,1.0,True
linear_activation,0.1,1,2,1.0,0.6028741513057392,0.1839038358425343,linear_activation,0.6698311567306519,0.6277742981910706,0.8039686679840088,0.8331557974893308,True
linear_activation,0.1,0,0,1.0,0.4932873707061831,0.1840209801698229,linear_activation,0.8149203062057495,0.7437564730644226,0.8039686679840088,1.0,True
linear_activation,0.1,0,0,1.0,0.4036206056789731,0.1847448006328592,linear_activation,1.0318424701690674,0.7437564730644226,0.8039686679840088,1.0,True
linear_activation,0.1,1,2,1.0,0.2211023350218148,0.184911478454198,linear_activation,0.8519455790519714,0.6277742981910706,0.8039686679840088,1.0,True
linear_activation,0.1,1,2,1.0,0.2,0.1850336077315087,linear_activation,0.5612486600875854,0.6277742981910706,0.8039686679840088,0.6980976777303327,True
linear_activation,0.1,1,8,1.0,0.2987330888578299,0.1853768618170634,linear_activation,0.784724235534668,0.8039686679840088,0.8039686679840088,0.9760632059236871,True
linear_activation,0.1,1,8,1.0,0.2444312127604942,0.1855798048401083,linear_activation,0.8379053473472595,0.8039686679840088,0.8039686679840088,1.0,True
linear_activation,0.1,1,4,1.0,0.2,0.1855860487918804,linear_activation,0.7530902028083801,0.6444541215896606,0.8039686679840088,0.9367158607023718,True
linear_activation,0.1,1,2,1.0,0.2444312127604942,0.1856415281873518,linear_activation,0.7366846203804016,0.6277742981910706,0.8039686679840088,0.9163101122182719,True
linear_activation,0.1,1,4,1.0,0.2987330888578299,0.1857151798475066,linear_activation,0.7812111973762512,0.6444541215896606,0.8039686679840088,0.9716935851930362,True
linear_activation,0.1,0,0,1.0,0.5453349474995434,0.1860510972794554,linear_activation,0.6801334619522095,0.7437564730644226,0.8039686679840088,0.8459701093298546,True
linear_activation,0.1,0,0,1.0,0.2987330888578299,0.1860991097764438,linear_activation,0.6688648462295532,0.7437564730644226,0.8039686679840088,0.8319538719173782,True
linear_activation,0.1,0,0,1.0,0.900492287060531,0.186851579154407,linear_activation,0.5604315400123596,0.7437564730644226,0.8039686679840088,0.6970813196211606,True
linear_activation,0.1,0,0,1.0,0.4462072918927006,0.1871854185537199,linear_activation,0.6503491401672363,0.7437564730644226,0.8039686679840088,0.8089234892673355,True
linear_activation,0.1,0,0,1.0,0.3302529174737275,0.1878601679983008,linear_activation,0.6245975494384766,0.7437564730644226,0.8039686679840088,0.7768928993273903,True
linear_activation,0.1,0,0,1.0,0.6028741513057392,0.1895708501095722,linear_activation,0.6920342445373535,0.7437564730644226,0.8039686679840088,0.8607726545770292,True
linear_activation,0.25,2,8,1.0,1.4869510248216484,0.2559766866709649,linear_activation,1.7505511777926586e-06,0.658826470375061,1.155286431312561,1.5152529540261254e-06,True
linear_activation,0.25,2,4,1.0,3.000820366267417,0.255993539449658,linear_activation,3.552713678800501e-15,7.75475882619503e-07,1.155286431312561,3.07517995754883e-15,True
linear_activation,0.25,2,2,1.0,6.055964668833263,0.2560680303307729,linear_activation,1.4210854715202004e-14,0.7424715757369995,1.155286431312561,1.230071983019532e-14,True
linear_activation,0.25,2,4,1.0,4.054431795277528,0.2563612488230923,linear_activation,3.552713678800501e-15,7.75475882619503e-07,1.155286431312561,3.07517995754883e-15,True
linear_activation,0.25,2,2,1.0,1.817286211563076,0.2563612497544149,linear_activation,1.64828456439281e-10,0.7424715757369995,1.155286431312561,1.4267323840375557e-10,True
linear_activation,0.25,2,4,1.0,1.4869510248216484,0.2569914144634532,linear_activation,4.684892339519575e-13,7.75475882619503e-07,1.155286431312561,4.055178190050156e-13,True
linear_activation,0.25,2,2,1.0,8.182261084470007,0.2569914164502747,linear_activation,1.4210854715202004e-14,0.7424715757369995,1.155286431312561,1.230071983019532e-14,True
linear_activation,0.25,2,2,1.0,4.955148403871969,0.2569914164502747,linear_activation,3.552713678800501e-15,0.7424715757369995,1.155286431312561,3.07517995754883e-15,True
linear_activation,0.25,2,2,1.0,6.69493964544323,0.2569914164502747,linear_activation,1.4210854715202004e-14,0.7424715757369995,1.155286431312561,1.230071983019532e-14,True
linear_activation,0.25,2,2,1.0,2.0090311238977194,0.256998766009595,linear_activation,2.0263044714363687e-11,0.7424715757369995,1.155286431312561,1.7539412015202272e-11,True
linear_activation,0.25,2,4,1.0,1.1005421090383831,0.2571579334496784,linear_activation,9.384180932325847e-12,7.75475882619503e-07,1.155286431312561,8.122817578376778e-12,True
linear_activation,0.25,2,4,1.0,1.643841718255735,0.25715799553785,linear_activation,1.468265477732808e-13,7.75475882619503e-07,1.155286431312561,1.2709103456401376e-13,True
linear_activation,0.25,2,2,1.0,1.1005421090383831,0.2571590972924558,linear_activation,0.00022400417947210371,0.7424715757369995,1.155286431312561,0.00019389492804620305,True
linear_activation,0.25,2,4,1.0,0.9955047366910889,0.2571653465911078,linear_activation,2.20263703110124e-11,7.75475882619503e-07,1.155286431312561,1.906572232999177e-11,True
linear_activation,0.25,2,2,1.0,7.4013339421880975,0.257165351371897,linear_activation,1.4210854715202004e-14,0.7424715757369995,1.155286431312561,1.230071983019532e-14,True
linear_activation,0.25,2,4,1.0,1.817286211563076,0.2571653519306905,linear_activation,4.1026738755410574e-14,7.75475882619503e-07,1.155286431312561,3.5512179182091384e-14,True
linear_activation,0.25,2,2,1.0,0.8145479666433055,0.2573144686262091,linear_activation,0.4241821765899658,0.7424715757369995,1.155286431312561,0.3671662412827248,True
linear_activation,0.25,2,4,1.0,8.182261084470007,0.2573207584684372,linear_activation,3.552713678800501e-15,7.75475882619503e-07,1.155286431312561,3.07517995754883e-15,True
linear_activation,0.25,2,2,1.0,4.482221685612751,0.2573207584684372,linear_activation,3.552713678800501e-15,0.7424715757369995,1.155286431312561,3.07517995754883e-15,True
linear_activation,0.25,2,4,1.0,6.69493964544323,0.2573207584684372,linear_activation,3.552713678800501e-15,7.75475882619503e-07,1.155286431312561,3.07517995754883e-15,True
linear_activation,0.25,2,4,1.0,4.482221685612751,0.2573207584684372,linear_activation,3.552713678800501e-15,7.75475882619503e-07,1.155286431312561,3.07517995754883e-15,True
linear_activation,0.25,2,4,1.0,9.045585157672232,0.2573207584684372,linear_activation,3.552713678800501e-15,7.75475882619503e-07,1.155286431312561,3.07517995754883e-15,True
linear_activation,0.25,2,2,1.0,0.5453349474995434,0.2573207615728458,linear_activation,0.6725928783416748,0.7424715757369995,1.155286431312561,0.5821871183733359,True
linear_activation,0.25,2,8,1.0,1.817286211563076,0.2574778119881583,linear_activation,1.9303283416149952e-09,0.658826470375061,1.155286431312561,1.6708655873521186e-09,True
linear_activation,0.25,2,2,1.0,10.000000000000002,0.2574778325393431,linear_activation,1.4210854715202004e-14,0.7424715757369995,1.155286431312561,1.230071983019532e-14,True
linear_activation,0.25,2,8,1.0,8.182261084470007,0.2574778325393431,linear_activation,3.552713678800501e-15,0.658826470375061,1.155286431312561,3.07517995754883e-15,True
linear_activation,0.25,2,8,1.0,6.055964668833263,0.2574778325393431,linear_activation,3.552713678800501e-15,0.658826470375061,1.155286431312561,3.07517995754883e-15,True
linear_activation,0.25,2,4,1.0,3.667470807015676,0.2574778325393431,linear_activation,3.552713678800501e-15,7.75475882619503e-07,1.155286431312561,3.07517995754883e-15,True
linear_activation,0.25,2,2,1.0,1.643841718255735,0.2574778331602249,linear_activation,1.4597528741333576e-09,0.7424715757369995,1.155286431312561,1.2635419533793725e-09,True
linear_activation,0.25,2,2,1.0,0.9955047366910889,0.2574778334706657,linear_activation,0.024416908621788025,0.7424715757369995,1.155286431312561,0.021134939318941993,True
linear_activation,0.25,2,4,1.0,10.000000000000002,0.2574946795557976,linear_activation,3.552713678800501e-15,7.75475882619503e-07,1.155286431312561,3.07517995754883e-15,True
linear_activation,0.25,2,8,1.0,4.955148403871969,0.2574946796178857,linear_activation,0.0,0.658826470375061,1.155286431312561,0.0,True
linear_activation,0.25,2,2,1.0,0.3650984560060393,0.2575283908086609,linear_activation,0.5506269335746765,0.7424715757369995,1.155286431312561,0.4766150788675758,True
linear_activation,0.25,2,4,1.0,4.955148403871969,0.2576644388869633,linear_activation,3.552713678800501e-15,7.75475882619503e-07,1.155286431312561,3.07517995754883e-15,True
linear_activation,0.25,2,2,1.0,4.054431795277528,0.2576644389490514,linear_activation,0.0,0.7424715757369995,1.155286431312561,0.0,True
linear_activation,0.25,2,4,1.0,2.0090311238977194,0.2576644395699332,linear_activation,1.0103918061650594e-14,7.75475882619503e-07,1.155286431312561,8.745812110137209e-15,True
linear_activation,0.25,2,2,1.0,3.317441949813717,0.2576739733200702,linear_activation,1.2761347561356454e-14,0.7424715757369995,1.155286431312561,1.1046046430977158e-14,True
linear_activation,0.25,2,2,1.0,1.3450342120312204,0.2577036966656065,linear_activation,2.3436346907601546e-07,0.7424715757369995,1.155286431312561,2.028617862409645e-07,True
linear_activation,0.25,2,8,1.0,6.69493964544323,0.2577193191101232,linear_activation,3.552713678800501e-15,0.658826470375061,1.155286431312561,3.07517995754883e-15,True
linear_activation,0.25,2,4,1.0,5.477974412378556,0.2577193191101232,linear_activation,3.552713678800501e-15,7.75475882619503e-07,1.155286431312561,3.07517995754883e-15,True
linear_activation,0.25,2,8,1.0,7.4013339421880975,0.2577193191101232,linear_activation,3.552713678800501e-15,0.658826470375061,1.155286431312561,3.07517995754883e-15,True
linear_activation,0.25,2,2,1.0,2.455349570439492,0.2577193194826523,linear_activation,3.191189445941184e-13,0.7424715757369995,1.155286431312561,2.7622495681140844e-13,True
linear_activation,0.25,2,8,1.0,2.0090311238977194,0.2577193196068286,linear_activation,1.4298112693822418e-10,0.658826470375061,1.155286431312561,1.237624913293393e-10,True
linear_activation,0.25,2,8,1.0,2.714417616594908,0.2577193204139749,linear_activation,1.1979750958596158e-13,0.658826470375061,1.155286431312561,1.0369507192242833e-13,True
linear_activation,0.25,2,4,1.0,6.055964668833263,0.2577278063707047,linear_activation,3.552713678800501e-15,7.75475882619503e-07,1.155286431312561,3.07517995754883e-15,True
linear_activation,0.25,2,2,1.0,2.221007363126434,0.2577313028021599,linear_activation,2.5518716913891515e-12,0.7424715757369995,1.155286431312561,2.2088649379270227e-12,True
linear_activation,0.25,2,4,1.0,2.455349570439492,0.2577313042301878,linear_activation,1.8900436957565913e-15,7.75475882619503e-07,1.155286431312561,1.6359957535459384e-15,True
linear_activation,0.25,2,8,1.0,3.317441949813717,0.2577425508623849,linear_activation,1.0942358071413237e-15,0.658826470375061,1.155286431312561,9.471554217927795e-16,True
linear_activation,0.25,2,8,1.0,2.455349570439492,0.2577425509865613,linear_activation,1.234539597286255e-12,0.658826470375061,1.155286431312561,1.0686004473225324e-12,True
linear_activation,0.25,2,2,1.0,3.000820366267417,0.2577656655751889,linear_activation,4.533262735464602e-15,0.7424715757369995,1.155286431312561,3.923929696217591e-15,True
linear_activation,0.25,2,2,1.0,1.4869510248216484,0.2577727843748253,linear_activation,1.550032990849104e-08,0.7424715757369995,1.155286431312561,1.3416871771687456e-08,True
linear_activation,0.25,2,8,1.0,1.643841718255735,0.2577927183446205,linear_activation,3.817922333837487e-08,0.658826470375061,1.155286431312561,3.304740911307867e-08,True
linear_activation,0.25,2,8,1.0,3.667470807015676,0.2578096380879573,linear_activation,3.1548097874324263e-15,0.658826470375061,1.155286431312561,2.730759837496003e-15,True
linear_activation,0.25,2,4,1.0,3.317441949813717,0.2578096384604863,linear_activation,3.552713678800501e-15,7.75475882619503e-07,1.155286431312561,3.07517995754883e-15,True
linear_activation,0.25,2,2,1.0,2.714417616594908,0.2578096390192799,linear_activation,3.7601920275381895e-14,0.7424715757369995,1.155286431312561,3.254770354453228e-14,True
linear_activation,0.25,2,8,1.0,4.482221685612751,0.2578375568359042,linear_activation,0.0,0.658826470375061,1.155286431312561,0.0,True
linear_activation,0.25,2,8,1.0,4.054431795277528,0.2578375568979923,linear_activation,3.552713678800501e-15,0.658826470375061,1.155286431312561,3.07517995754883e-15,True
linear_activation,0.25,2,4,1.0,2.714417616594908,0.2578375578914031,linear_activation,3.325339966087819e-15,7.75475882619503e-07,1.155286431312561,2.8783684080057835e-15,True
linear_activation,0.25,2,8,1.0,2.221007363126434,0.2578375580776677,linear_activation,1.27338209421346e-11,0.658826470375061,1.155286431312561,1.1022219769055249e-11,True
linear_activation,0.25,2,8,1.0,9.045585157672232,0.2578427471710468,linear_activation,3.552713678800501e-15,0.658826470375061,1.155286431312561,3.07517995754883e-15,True
linear_activation,0.25,2,8,1.0,10.000000000000002,0.2578427471710468,linear_activation,3.552713678800501e-15,0.658826470375061,1.155286431312561,3.07517995754883e-15,True
linear_activation,0.25,2,2,1.0,3.667470807015676,0.257842747233135,linear_activation,3.9790394430763384e-16,0.7424715757369995,1.155286431312561,3.444201658765795e-16,True
linear_activation,0.25,2,8,1.0,3.000820366267417,0.25784274977875,linear_activation,1.689670640545298e-14,0.658826470375061,1.155286431312561,1.4625556007141922e-14,True
linear_activation,0.25,2,8,1.0,5.477974412378556,0.257875757978294,linear_activation,0.0,0.658826470375061,1.155286431312561,0.0,True
linear_activation,0.25,2,4,1.0,2.221007363126434,0.257875758723352,linear_activation,3.0411229310760854e-15,7.75475882619503e-07,1.155286431312561,2.6323540627244794e-15,True
linear_activation,0.25,2,2,1.0,9.045585157672232,0.2578935100213167,linear_activation,1.4210854715202004e-14,0.7424715757369995,1.155286431312561,1.230071983019532e-14,True
linear_activation,0.25,2,2,1.0,0.6664844128899691,0.2579291891796613,linear_activation,0.6408931612968445,0.7424715757369995,1.155286431312561,0.5547482805356794,True
linear_activation,0.25,2,2,1.0,1.2166621504910964,0.2579292092341408,linear_activation,7.314189133467153e-06,0.7424715757369995,1.155286431312561,6.331061228822058e-06,True
linear_activation,0.25,2,4,1.0,7.4013339421880975,0.2579292097929343,linear_activation,3.552713678800501e-15,7.75475882619503e-07,1.155286431312561,3.07517995754883e-15,True
linear_activation,0.25,2,2,1.0,5.477974412378556,0.2579292097929343,linear_activation,1.4210854715202004e-14,0.7424715757369995,1.155286431312561,1.230071983019532e-14,True
linear_activation,0.25,2,2,1.0,0.900492287060531,0.2579292114693149,linear_activation,0.2770068645477295,0.7424715757369995,1.155286431312561,0.23977332117803235,True
linear_activation,0.25,1,2,1.0,10.000000000000002,0.2680682050792711,linear_activation,0.39714330434799194,0.7393655776977539,1.155286431312561,0.3437617664190721,True
linear_activation,0.25,1,8,1.0,10.000000000000002,0.2686164100102054,linear_activation,0.3626697361469269,0.7330449223518372,1.155286431312561,0.31392192128049595,True
linear_activation,0.25,1,4,1.0,9.045585157672232,0.2689211430092351,linear_activation,0.3849147856235504,0.9008379578590393,1.155286431312561,0.33317692927998416,True
linear_activation,0.25,1,4,1.0,10.000000000000002,0.2689634776800605,linear_activation,0.4126400351524353,0.9008379578590393,1.155286431312561,0.3571755228559385,True
linear_activation,0.25,1,8,1.0,8.182261084470007,0.2705330818296026,linear_activation,0.5037925839424133,0.7330449223518372,1.155286431312561,0.4360759118152518,True
linear_activation,0.25,1,2,1.0,7.4013339421880975,0.2728661219178112,linear_activation,0.47453200817108154,0.7393655776977539,1.155286431312561,0.41074836102069445,True
linear_activation,0.25,1,4,1.0,6.055964668833263,0.2731773522036189,linear_activation,0.5571363568305969,0.9008379578590393,1.155286431312561,0.4822495458529838,True
linear_activation,0.25,1,2,1.0,9.045585157672232,0.2733396181421593,linear_activation,0.4715113937854767,0.7393655776977539,1.155286431312561,0.4081337588720541,True
linear_activation,0.25,1,4,1.0,8.182261084470007,0.2735322672754146,linear_activation,0.5040614604949951,0.9008379578590393,1.155286431312561,0.43630864765053406,True
linear_activation,0.25,1,4,1.0,6.69493964544323,0.2737824192236385,linear_activation,0.5165748000144958,0.9008379578590393,1.155286431312561,0.44714002174127265,True
linear_activation,0.25,1,2,1.0,4.955148403871969,0.2740211067766299,linear_activation,0.5777466297149658,0.7393655776977539,1.155286431312561,0.5000895137828009,True
linear_activation,0.25,1,8,1.0,6.055964668833263,0.2740302952800997,linear_activation,0.47101733088493347,0.7330449223518372,1.155286431312561,0.40770610483998704,True
linear_activation,0.25,1,2,1.0,6.69493964544323,0.2741824933791202,linear_activation,0.4356631338596344,0.7393655776977539,1.155286431312561,0.3771039995377271,True
linear_activation,0.25,1,2,1.0,4.482221685612751,0.2753800803265551,linear_activation,0.477885901927948,0.7393655776977539,1.155286431312561,0.4136514451961538,True
linear_activation,0.25,1,2,1.0,8.182261084470007,0.2754624192401866,linear_activation,0.47880515456199646,0.7393655776977539,1.155286431312561,0.41444713759687224,True
linear_activation,0.25,1,8,1.0,9.045585157672232,0.276230111286847,linear_activation,0.3820650577545166,0.7330449223518372,1.155286431312561,0.3307102441430384,True
linear_activation,0.25,1,4,1.0,7.4013339421880975,0.2763238415623327,linear_activation,0.5265907049179077,0.9008379578590393,1.155286431312561,0.4558096508756099,True
linear_activation,0.25,1,4,1.0,3.000820366267417,0.2771196191978777,linear_activation,0.69127357006073,0.9008379578590393,1.155286431312561,0.5983568674613015,True
linear_activation,0.25,1,4,1.0,4.955148403871969,0.2771923806040698,linear_activation,0.6998057961463928,0.9008379578590393,1.155286431312561,0.6057422446754777,True
linear_activation,0.25,1,8,1.0,4.955148403871969,0.2772553149796407,linear_activation,0.46802929043769836,0.7330449223518372,1.155286431312561,0.405119698243105,True
linear_activation,0.25,1,2,1.0,5.477974412378556,0.277427178446655,linear_activation,0.4482904076576233,0.7393655776977539,1.155286431312561,0.38803399356842183,True
linear_activation,0.25,1,4,1.0,4.054431795277528,0.2782173643074512,linear_activation,0.651748776435852,0.9008379578590393,1.155286431312561,0.564144751267768,True
linear_activation,0.25,1,2,1.0,3.317441949813717,0.2785713251251769,linear_activation,0.6417052149772644,0.7393655776977539,1.155286431312561,0.5554511830007394,True
linear_activation,0.25,1,2,1.0,3.667470807015676,0.2788746091010393,linear_activation,0.5839044451713562,0.7393655776977539,1.155286431312561,0.5054196339066859,True
linear_activation,0.25,1,2,1.0,6.055964668833263,0.2789035887778622,linear_activation,0.3924887776374817,0.7393655776977539,1.155286431312561,0.3397328722986572,True
linear_activation,0.25,1,8,1.0,3.317441949813717,0.2795192075774995,linear_activation,0.5128989219665527,0.7330449223518372,1.155286431312561,0.44395823240460847,True
linear_activation,0.25,1,4,1.0,5.477974412378556,0.2802554666877518,linear_activation,0.57917720079422,0.9008379578590393,1.155286431312561,0.5013277963770393,True
linear_activation,0.25,1,8,1.0,3.667470807015676,0.2804256434103264,linear_activation,0.6348555684089661,0.7330449223518372,1.155286431312561,0.5495222234088603,True
linear_activation,0.25,1,8,1.0,4.054431795277528,0.2816252436908223,linear_activation,0.6885330677032471,0.7330449223518372,1.155286431312561,0.5959847264205992,True
linear_activation,0.25,1,8,1.0,7.4013339421880975,0.2818445515523239,linear_activation,0.4721606969833374,0.7330449223518372,1.155286431312561,0.4086957867642393,True
linear_activation,0.25,1,2,1.0,4.054431795277528,0.2818703078385365,linear_activation,0.6261194348335266,0.7393655776977539,1.155286431312561,0.5419603466840431,True
linear_activation,0.25,1,8,1.0,5.477974412378556,0.2820915328794214,linear_activation,0.5083916783332825,0.7330449223518372,1.155286431312561,0.44005682448436706,True
linear_activation,0.25,1,2,1.0,3.000820366267417,0.2823338326180152,linear_activation,0.788295328617096,0.7393655776977539,1.155286431312561,0.6823375634399914,True
linear_activation,0.25,1,4,1.0,3.667470807015676,0.2823409354516923,linear_activation,0.6012890338897705,0.9008379578590393,1.155286431312561,0.5204674941145333,True
linear_activation,0.25,1,4,1.0,3.317441949813717,0.2824824675229692,linear_activation,0.5978686809539795,0.9008379578590393,1.155286431312561,0.5175068837904727,True
linear_activation,0.25,1,2,1.0,2.455349570439492,0.282511816610222,linear_activation,0.559013843536377,0.7393655776977539,1.155286431312561,0.48387467244920546,True
linear_activation,0.25,1,8,1.0,2.455349570439492,0.2833844925993067,linear_activation,0.8152062892913818,0.7330449223518372,1.155286431312561,0.7056313198149464,True
linear_activation,0.25,1,8,1.0,6.69493964544323,0.2838447716366986,linear_activation,0.5512784719467163,0.7330449223518372,1.155286431312561,0.4771790414957005,True
linear_activation,0.25,1,8,1.0,4.482221685612751,0.2842278494750084,linear_activation,0.7686912417411804,0.7330449223518372,1.155286431312561,0.6653685362406997,True
linear_activation,0.25,2,4,1.0,1.2166621504910964,0.2843869611763413,linear_activation,3.736318112540493e-12,7.75475882619503e-07,1.155286431312561,3.234105422925752e-12,True
linear_activation,0.25,1,8,1.0,3.000820366267417,0.2844123443218119,linear_activation,0.495079904794693,0.7330449223518372,1.155286431312561,0.4285343369195599,True
linear_activation,0.25,1,8,1.0,2.0090311238977194,0.2852131323619372,linear_activation,0.875590443611145,0.7330449223518372,1.155286431312561,0.7578990109113948,True
linear_activation,0.25,1,2,1.0,2.714417616594908,0.2852343287188748,linear_activation,0.6788297891616821,0.7393655776977539,1.155286431312561,0.587585702353,True
linear_activation,0.25,1,8,1.0,2.714417616594908,0.2855848020965723,linear_activation,0.7616799473762512,0.7330449223518372,1.155286431312561,0.659299656545676,True
linear_activation,0.25,1,4,1.0,4.482221685612751,0.2861572833855919,linear_activation,0.6316166520118713,0.9008379578590393,1.155286431312561,0.5467186620501288,True
linear_activation,0.25,1,2,1.0,2.221007363126434,0.2861611281584788,linear_activation,0.6692463755607605,0.7393655776977539,1.155286431312561,0.5792904317247165,True
linear_activation,0.25,1,8,1.0,2.221007363126434,0.2863257363015241,linear_activation,0.6065380573272705,0.7330449223518372,1.155286431312561,0.5250109764018968,True
linear_activation,0.25,1,4,1.0,2.221007363126434,0.2866210140930851,linear_activation,0.6183570623397827,0.9008379578590393,1.155286431312561,0.535241344120389,True
linear_activation,0.25,1,4,1.0,2.714417616594908,0.287231602585071,linear_activation,0.7083000540733337,0.9008379578590393,1.155286431312561,0.6130947571751617,True
linear_activation,0.25,1,4,1.0,1.643841718255735,0.2882609675366356,linear_activation,0.6620622277259827,0.9008379578590393,1.155286431312561,0.5730719324503715,True
linear_activation,0.25,2,8,1.0,1.3450342120312204,0.2883425847612194,linear_activation,0.00015858891129028052,0.658826470375061,1.155286431312561,0.00013727237418525046,True
linear_activation,0.25,2,8,1.0,1.1005421090383831,0.2895253285105907,linear_activation,0.37167394161224365,0.658826470375061,1.155286431312561,0.32171583733565706,True
linear_activation,0.25,1,2,1.0,1.817286211563076,0.2897786841996516,linear_activation,0.5538559556007385,0.7393655776977539,1.155286431312561,0.47941007579521516,True
linear_activation,0.25,1,2,1.0,1.643841718255735,0.2902901537127453,linear_activation,0.5458021759986877,0.7393655776977539,1.155286431312561,0.47243883525800867,True
linear_activation,0.25,1,4,1.0,1.817286211563076,0.2904470967214092,linear_activation,0.6770104765892029,0.9008379578590393,1.155286431312561,0.5860109304841638,True
linear_activation,0.25,1,2,1.0,1.4869510248216484,0.2904950716189704,linear_activation,0.8024782538414001,0.7393655776977539,1.155286431312561,0.694614107888099,True
linear_activation,0.25,2,4,1.0,1.3450342120312204,0.2910735240298109,linear_activation,1.3754260317494493e-12,7.75475882619503e-07,1.155286431312561,1.1905498017377216e-12,True
linear_activation,0.25,1,8,1.0,1.643841718255735,0.2910739078917578,linear_activation,0.5601164698600769,0.7330449223518372,1.155286431312561,0.4848290905864004,True
linear_activation,0.25,1,8,1.0,1.1005421090383831,0.2914412572810313,linear_activation,0.8073856234550476,0.7330449223518372,1.155286431312561,0.6988618593379902,True
linear_activation,0.25,2,8,1.0,0.9955047366910889,0.2914798623312565,linear_activation,0.4392072558403015,0.658826470375061,1.155286431312561,0.3801717426398775,True
linear_activation,0.25,1,4,1.0,2.455349570439492,0.2917921244260636,linear_activation,0.7004472613334656,0.9008379578590393,1.155286431312561,0.606297488093635,True
linear_activation,0.25,2,8,1.0,1.2166621504910964,0.2918842167526777,linear_activation,0.09990052878856659,0.658826470375061,1.155286431312561,0.08647251978460972,True
linear_activation,0.25,1,8,1.0,1.3450342120312204,0.2919016495877928,linear_activation,0.8086038827896118,0.7330449223518372,1.155286431312561,0.6999163678144552,True
linear_activation,0.25,1,4,1.0,2.0090311238977194,0.2920534297460703,linear_activation,0.775309681892395,0.9008379578590393,1.155286431312561,0.6710973667469969,True
linear_activation,0.25,2,4,1.0,0.7368062997280775,0.2921350973677434,linear_activation,1.9843149345888378e-10,7.75475882619503e-07,1.155286431312561,1.717595637589536e-10,True
linear_activation,0.25,1,2,1.0,2.0090311238977194,0.2924080899740508,linear_activation,0.7300347685813904,0.7393655776977539,1.155286431312561,0.6319080262649432,True
linear_activation,0.25,2,8,1.0,0.8145479666433055,0.2924938946673638,linear_activation,0.47769105434417725,0.658826470375061,1.155286431312561,0.4134827878151878,True
linear_activation,0.25,1,8,1.0,1.4869510248216484,0.2927352312017358,linear_activation,0.8036801218986511,0.7330449223518372,1.155286431312561,0.6956544283010078,True
linear_activation,0.25,1,4,1.0,1.2166621504910964,0.2932297120778164,linear_activation,0.7484607100486755,0.9008379578590393,1.155286431312561,0.6478572670487641,True
linear_activation,0.25,1,4,1.0,0.9955047366910889,0.2934455810347712,linear_activation,0.6860235333442688,0.9008379578590393,1.155286431312561,0.5938125080936454,True
linear_activation,0.25,1,2,1.0,1.3450342120312204,0.2938556169153551,linear_activation,0.7825869917869568,0.7393655776977539,1.155286431312561,0.6773965058153003,True
linear_activation,0.25,1,2,1.0,1.2166621504910964,0.2939899061361302,linear_activation,0.8369303941726685,0.7393655776977539,1.155286431312561,0.7244354053581351,True
linear_activation,0.25,1,4,1.0,1.1005421090383831,0.2940139420478918,linear_activation,0.7817742824554443,0.9008379578590393,1.155286431312561,0.6766930358276981,True
linear_activation,0.25,2,4,1.0,0.900492287060531,0.2941538110928337,linear_activation,4.844574047480066e-11,7.75475882619503e-07,1.155286431312561,4.1933964739601216e-11,True
linear_activation,0.25,2,8,1.0,0.6664844128899691,0.2942380218201382,linear_activation,0.741847574710846,0.658826470375061,1.155286431312561,0.6421330283157634,True
linear_activation,0.25,1,8,1.0,1.817286211563076,0.2943832724314212,linear_activation,0.7959170937538147,0.7330449223518372,1.155286431312561,0.6889348582148114,True
linear_activation,0.25,2,8,1.0,0.900492287060531,0.2947891481512583,linear_activation,0.5600002408027649,0.658826470375061,1.155286431312561,0.4847284843175464,True
linear_activation,0.25,1,8,1.0,1.2166621504910964,0.2955238152607899,linear_activation,0.6905255317687988,0.7330449223518372,1.155286431312561,0.5977093758335488,True
linear_activation,0.25,2,2,1.0,0.4932873707061831,0.2958841366029643,linear_activation,0.7053228616714478,0.7424715757369995,1.155286431312561,0.610517740496706,True
linear_activation,0.25,2,4,1.0,0.8145479666433055,0.2958880754179602,linear_activation,1.0070207862034053e-10,7.75475882619503e-07,1.155286431312561,8.716633026316201e-11,True
linear_activation,0.25,1,2,1.0,0.9955047366910889,0.2959113524027192,linear_activation,0.6495799422264099,0.7393655776977539,1.155286431312561,0.5622674382909523,True
linear_activation,0.25,1,4,1.0,1.4869510248216484,0.2960653655800215,linear_activation,0.7715786099433899,0.9008379578590393,1.155286431312561,0.6678678023308666,True
linear_activation,0.25,1,4,1.0,1.3450342120312204,0.2963347833581402,linear_activation,0.6048498749732971,0.9008379578590393,1.155286431312561,0.5235497090415112,True
linear_activation,0.25,1,8,1.0,0.900492287060531,0.2963507981888603,linear_activation,0.7015882134437561,0.7330449223518372,1.155286431312561,0.6072850805030726,True
linear_activation,0.25,1,4,1.0,0.8145479666433055,0.2966250786634778,linear_activation,0.8607724905014038,0.9008379578590393,1.155286431312561,0.7450727950846356,True
linear_activation,0.25,1,2,1.0,0.900492287060531,0.2969232816926918,linear_activation,0.8118852376937866,0.7393655776977539,1.155286431312561,0.702756663359558,True
linear_activation,0.25,1,2,1.0,1.1005421090383831,0.2972375660219333,linear_activation,0.5775094032287598,0.7393655776977539,1.155286431312561,0.4998841738084219,True
linear_activation,0.25,2,2,1.0,0.6028741513057392,0.297316996775976,linear_activation,0.7296248078346252,0.7424715757369995,1.155286431312561,0.6315531698971597,True
linear_activation,0.25,2,4,1.0,0.2987330888578299,0.2973200667748699,linear_activation,1.4750832555421312e-08,7.75475882619503e-07,1.155286431312561,1.2768117200738156e-08,True
linear_activation,0.25,2,4,1.0,0.5453349474995434,0.2973592337870424,linear_activation,1.1536031019332427e-09,7.75475882619503e-07,1.155286431312561,9.985429333075383e-10,True
linear_activation,0.25,1,8,1.0,0.9955047366910889,0.2974495527189288,linear_activation,0.848816990852356,0.7330449223518372,1.155286431312561,0.7347242794914379,True
linear_activation,0.25,2,8,1.0,0.6028741513057392,0.2975880572900454,linear_activation,0.7082703709602356,0.658826470375061,1.155286431312561,0.6130690638818851,True
linear_activation,0.25,2,8,1.0,0.4932873707061831,0.2978148315158469,linear_activation,0.7146670818328857,0.658826470375061,1.155286431312561,0.6186059685829839,True
linear_activation,0.25,0,0,1.0,10.000000000000002,0.2978353734606778,linear_activation,0.48236677050590515,1.155286431312561,1.155286431312561,0.41753002323230914,True
linear_activation,0.25,1,8,1.0,0.6664844128899691,0.2981819241722059,linear_activation,0.6256703734397888,0.7330449223518372,1.155286431312561,0.541571645335558,True
linear_activation,0.25,1,4,1.0,0.6028741513057392,0.2986360580063122,linear_activation,0.865775465965271,0.9008379578590393,1.155286431312561,0.749403301639779,True
linear_activation,0.25,2,2,1.0,0.4462072918927006,0.2992539110362014,linear_activation,0.6062315702438354,0.7424715757369995,1.155286431312561,0.5247456854098725,True
linear_activation,0.25,2,8,1.0,0.4036206056789731,0.2994832748739657,linear_activation,0.5143435001373291,0.658826470375061,1.155286431312561,0.4452086393440678,True
linear_activation,0.25,0,0,1.0,5.477974412378556,0.2997973547339972,linear_activation,0.4595860540866852,1.155286431312561,1.155286431312561,0.3978113493158,True
linear_activation,0.25,1,8,1.0,0.6028741513057392,0.2999024200633179,linear_activation,0.8300389647483826,0.7330449223518372,1.155286431312561,0.718470279102427,True
linear_activation,0.25,1,4,1.0,0.900492287060531,0.2999689111029622,linear_activation,0.6356083154678345,0.9008379578590393,1.155286431312561,0.5501737908803255,True
linear_activation,0.25,1,4,1.0,0.7368062997280775,0.3002488361965355,linear_activation,0.8446494340896606,0.9008379578590393,1.155286431312561,0.7311168998410421,True
linear_activation,0.25,2,4,1.0,0.6028741513057392,0.3004720384790538,linear_activation,6.69420463506043e-10,7.75475882619503e-07,1.155286431312561,5.794411198489462e-10,True
linear_activation,0.25,1,8,1.0,0.7368062997280775,0.3008312167951806,linear_activation,0.8662160038948059,0.7330449223518372,1.155286431312561,0.7497846251952148,True
linear_activation,0.25,2,2,1.0,0.7368062997280775,0.3009830052080256,linear_activation,0.45741212368011475,0.7424715757369995,1.155286431312561,0.39592962514104224,True
linear_activation,0.25,2,4,1.0,0.6664844128899691,0.3012102397849094,linear_activation,3.727811392906233e-10,7.75475882619503e-07,1.155286431312561,3.2267421237440977e-10,True
linear_activation,0.25,1,2,1.0,0.6664844128899691,0.301277630139136,linear_activation,0.8552660942077637,0.7393655776977539,1.155286431312561,0.7403065344029586,True
linear_activation,0.25,2,2,1.0,0.2211023350218148,0.3013354960714207,linear_activation,0.6995864510536194,0.7424715757369995,1.155286431312561,0.6055523825886148,True
linear_activation,0.25,2,2,1.0,0.2702215594677964,0.3014114397236316,linear_activation,0.7798254489898682,0.7424715757369995,1.155286431312561,0.6750061524602876,True
linear_activation,0.25,1,4,1.0,0.6664844128899691,0.3014466867735512,linear_activation,0.863977313041687,0.9008379578590393,1.155286431312561,0.74784684527117,True
linear_activation,0.25,1,8,1.0,0.8145479666433055,0.3015066159568083,linear_activation,0.8284353017807007,0.7330449223518372,1.155286431312561,0.7170821705570337,True
linear_activation,0.25,2,8,1.0,0.5453349474995434,0.3018232584248627,linear_activation,0.5408681631088257,0.658826470375061,1.155286431312561,0.4681680217557187,True
linear_activation,0.25,0,0,1.0,8.182261084470007,0.3021142686790445,linear_activation,0.7826316952705383,1.155286431312561,1.155286431312561,0.6774352005340903,True
linear_activation,0.25,1,2,1.0,0.7368062997280775,0.3023897192720809,linear_activation,0.7899929881095886,0.7393655776977539,1.155286431312561,0.6838070340807605,True
linear_activation,0.25,2,2,1.0,0.4036206056789731,0.3024534533936078,linear_activation,0.5163865685462952,0.7424715757369995,1.155286431312561,0.44697709117868756,True
linear_activation,0.25,1,2,1.0,0.8145479666433055,0.302479083197514,linear_activation,0.6304296851158142,0.7393655776977539,1.155286431312561,0.5456912398768167,True
linear_activation,0.25,2,8,1.0,0.7368062997280775,0.3025353966299136,linear_activation,0.7237929701805115,0.658826470375061,1.155286431312561,0.6265052116626915,True
linear_activation,0.25,1,4,1.0,0.4462072918927006,0.3028612759317814,linear_activation,0.6828547120094299,0.9008379578590393,1.155286431312561,0.5910696200539766,True
linear_activation,0.25,1,4,1.0,0.4036206056789731,0.3029689541053716,linear_activation,0.8369279503822327,0.9008379578590393,1.155286431312561,0.7244332900468412,True
linear_activation,0.25,0,0,1.0,3.317441949813717,0.303469318679016,linear_activation,0.47214263677597046,1.155286431312561,1.155286431312561,0.40868015409784814,True
linear_activation,0.25,1,2,1.0,0.6028741513057392,0.3034889543312843,linear_activation,0.5781340003013611,0.7393655776977539,1.155286431312561,0.5004248164193558,True
linear_activation,0.25,1,4,1.0,0.5453349474995434,0.3037387494321102,linear_activation,0.8695573210716248,0.9008379578590393,1.155286431312561,0.7526768232564547,True
linear_activation,0.25,1,8,1.0,0.5453349474995434,0.3037717023327226,linear_activation,0.8761158585548401,0.7330449223518372,1.155286431312561,0.7583538028395732,True
linear_activation,0.25,1,2,1.0,0.5453349474995434,0.3042184399548778,linear_activation,0.9006756544113159,0.7393655776977539,1.155286431312561,0.7796124233780076,True
linear_activation,0.25,2,8,1.0,0.2987330888578299,0.3044054997437256,linear_activation,0.598251461982727,0.658826470375061,1.155286431312561,0.5178382137692319,True
linear_activation,0.25,2,4,1.0,0.2444312127604942,0.3046135711685968,linear_activation,2.7585304707145042e-08,7.75475882619503e-07,1.155286431312561,2.3877459268524794e-08,True
linear_activation,0.25,2,4,1.0,0.4932873707061831,0.304679214061489,linear_activation,1.9135963924554744e-09,7.75475882619503e-07,1.155286431312561,1.6563826429445477e-09,True
linear_activation,0.25,1,8,1.0,0.4932873707061831,0.304806881671315,linear_activation,0.6344771385192871,0.7330449223518372,1.155286431312561,0.5491946597160633,True
linear_activation,0.25,2,4,1.0,0.2211023350218148,0.3048775643010019,linear_activation,3.6448312812353834e-08,7.75475882619503e-07,1.155286431312561,3.154915683632122e-08,True
linear_activation,0.25,2,4,1.0,0.4036206056789731,0.3051169637930205,linear_activation,4.74455807975005e-09,7.75475882619503e-07,1.155286431312561,4.10682403182005e-09,True
linear_activation,0.25,1,8,1.0,0.4462072918927006,0.3051177882734926,linear_activation,0.8208328485488892,0.7330449223518372,1.155286431312561,0.710501591900731,True
linear_activation,0.25,2,8,1.0,0.2702215594677964,0.3055024273743849,linear_activation,0.631309449672699,0.658826470375061,1.155286431312561,0.5464527519426039,True
linear_activation,0.25,1,8,1.0,0.4036206056789731,0.305678176553359,linear_activation,0.6331377625465393,0.7330449223518372,1.155286431312561,0.5480353143481566,True
linear_activation,0.25,2,4,1.0,0.3302529174737275,0.3058569088962147,linear_activation,1.0391070226489774e-08,7.75475882619503e-07,1.155286431312561,8.994367063312704e-09,True
linear_activation,0.25,1,4,1.0,0.3650984560060393,0.3059967176654579,linear_activation,0.6109616756439209,0.9008379578590393,1.155286431312561,0.5288399994015217,True
linear_activation,0.25,1,4,1.0,0.2702215594677964,0.3061318163532318,linear_activation,0.8269067406654358,0.9008379578590393,1.155286431312561,0.7157590691392076,True
linear_activation,0.25,1,2,1.0,0.4932873707061831,0.3063058785354381,linear_activation,0.7107874155044556,0.7393655776977539,1.155286431312561,0.6152477829215958,True
linear_activation,0.25,2,2,1.0,0.3302529174737275,0.3063400901848143,linear_activation,0.5908188223838806,0.7424715757369995,1.155286431312561,0.5114046234513728,True
linear_activation,0.25,2,4,1.0,0.4462072918927006,0.3063550877464642,linear_activation,3.063620246379628e-09,7.75475882619503e-07,1.155286431312561,2.6518274285442294e-09,True
linear_activation,0.25,2,4,1.0,0.3650984560060393,0.3065301793480603,linear_activation,7.123947209919379e-09,7.75475882619503e-07,1.155286431312561,6.166390443818868e-09,True
linear_activation,0.25,2,2,1.0,0.2,0.3065937124911231,linear_activation,0.6520158648490906,0.7424715757369995,1.155286431312561,0.5643759393142986,True
linear_activation,0.25,2,8,1.0,0.2,0.3068279061648707,linear_activation,0.7981763482093811,0.658826470375061,1.155286431312561,0.6908904377094996,True
linear_activation,0.25,2,2,1.0,0.2444312127604942,0.3069823037374354,linear_activation,0.6049816608428955,0.7424715757369995,1.155286431312561,0.5236637810725041,True
linear_activation,0.25,2,4,1.0,0.2,0.3075720807161666,linear_activation,4.715895940421433e-08,7.75475882619503e-07,1.155286431312561,4.082014479356033e-08,True
linear_activation,0.25,1,8,1.0,0.2702215594677964,0.3077241009037743,linear_activation,0.6168324947357178,0.7330449223518372,1.155286431312561,0.5339216994307749,True
linear_activation,0.25,2,8,1.0,0.4462072918927006,0.3077438106971468,linear_activation,0.5242363214492798,0.658826470375061,1.155286431312561,0.45377172901933654,True
linear_activation,0.25,2,4,1.0,0.2702215594677964,0.3079076688407255,linear_activation,2.0414143264702034e-08,7.75475882619503e-07,1.155286431312561,1.7670200836262585e-08,True
linear_activation,0.25,0,0,1.0,7.4013339421880975,0.3079306250065692,linear_activation,0.9212179780006409,1.155286431312561,1.155286431312561,0.7973935753352639,True
linear_activation,0.25,2,8,1.0,0.2444312127604942,0.3083844768980693,linear_activation,0.5627723932266235,0.658826470375061,1.155286431312561,0.48712802121915194,True
linear_activation,0.25,1,2,1.0,0.4462072918927006,0.3084103712084525,linear_activation,0.8418356776237488,0.7393655776977539,1.155286431312561,0.7286813510544827,True
linear_activation,0.25,1,4,1.0,0.4932873707061831,0.3085840007804981,linear_activation,0.6320877075195312,0.9008379578590393,1.155286431312561,0.5471264012002586,True
linear_activation,0.25,2,8,1.0,0.3302529174737275,0.308700906353487,linear_activation,0.7578395009040833,0.658826470375061,1.155286431312561,0.6559754190509063,True
linear_activation,0.25,1,8,1.0,0.3302529174737275,0.3088015019284222,linear_activation,0.8817037343978882,0.7330449223518372,1.155286431312561,0.7631905910953649,True
linear_activation,0.25,2,8,1.0,0.2211023350218148,0.3088898544557876,linear_activation,0.5902202129364014,0.658826470375061,1.155286431312561,0.5108864753702955,True
linear_activation,0.25,2,8,1.0,0.3650984560060393,0.3089030688852903,linear_activation,0.6054903268814087,0.658826470375061,1.155286431312561,0.5241040753793759,True
linear_activation,0.25,1,2,1.0,0.3302529174737275,0.3089897249307253,linear_activation,0.8488731980323792,0.7393655776977539,1.155286431312561,0.7347729316511965,True
linear_activation,0.25,1,8,1.0,0.3650984560060393,0.309344888179471,linear_activation,0.857714831829071,0.7330449223518372,1.155286431312561,0.742426127912358,True
linear_activation,0.25,1,2,1.0,0.4036206056789731,0.3097885663931253,linear_activation,0.8379289507865906,0.7393655776977539,1.155286431312561,0.7252997421899869,True
linear_activation,0.25,1,4,1.0,0.2987330888578299,0.3103316149477859,linear_activation,0.7442863583564758,0.9008379578590393,1.155286431312561,0.6442440058011123,True
linear_activation,0.25,2,2,1.0,0.2987330888578299,0.3105439852053541,linear_activation,0.5736998319625854,0.7424715757369995,1.155286431312561,0.4965866614660965,True
linear_activation,0.25,1,8,1.0,0.2211023350218148,0.310964049654418,linear_activation,0.9187567830085754,0.7330449223518372,1.155286431312561,0.7952631988975617,True
linear_activation,0.25,1,2,1.0,0.3650984560060393,0.3110781596602654,linear_activation,0.8563035726547241,0.7393655776977539,1.155286431312561,0.7412045614366369,True
linear_activation,0.25,1,8,1.0,0.2987330888578299,0.3110920621125174,linear_activation,0.6655429601669312,0.7330449223518372,1.155286431312561,0.5760848064412777,True
linear_activation,0.25,1,4,1.0,0.3302529174737275,0.3113860840421695,linear_activation,0.627082109451294,0.9008379578590393,1.155286431312561,0.5427936245549463,True
linear_activation,0.25,0,0,1.0,4.482221685612751,0.311455494267372,linear_activation,0.44601112604141235,1.155286431312561,1.155286431312561,0.38606107883971563,True
linear_activation,0.25,1,4,1.0,0.2211023350218148,0.3117172063071782,linear_activation,0.8722779750823975,0.9008379578590393,1.155286431312561,0.7550317838420141,True
linear_activation,0.25,1,2,1.0,0.2211023350218148,0.3117868593471973,linear_activation,0.8680263757705688,0.7393655776977539,1.155286431312561,0.7513516581202931,True
linear_activation,0.25,1,2,1.0,0.2702215594677964,0.3127210951609647,linear_activation,0.8326020240783691,0.7393655776977539,1.155286431312561,0.7206888279060121,True
linear_activation,0.25,0,0,1.0,4.955148403871969,0.3127354581148427,linear_activation,0.5511986017227173,1.155286431312561,1.155286431312561,0.4771099069314624,True
linear_activation,0.25,1,2,1.0,0.2,0.3132842526371467,linear_activation,0.6615637540817261,0.7393655776977539,1.155286431312561,0.5726404605393838,True
linear_activation,0.25,1,4,1.0,0.2,0.3133272976978872,linear_activation,0.9098365306854248,0.9008379578590393,1.155286431312561,0.7875419515242882,True
linear_activation,0.25,1,8,1.0,0.2444312127604942,0.3133485475206541,linear_activation,0.8175309300422668,0.7330449223518372,1.155286431312561,0.7076434967849848,True
linear_activation,0.25,0,0,1.0,1.643841718255735,0.3136997596229183,linear_activation,0.7833122611045837,1.155286431312561,1.155286431312561,0.6780242889329493,True
linear_activation,0.25,1,2,1.0,0.2987330888578299,0.314474275573343,linear_activation,0.6620291471481323,0.7393655776977539,1.155286431312561,0.5730432983584668,True
linear_activation,0.25,1,8,1.0,0.2,0.3147918005130204,linear_activation,0.9108633995056152,0.7330449223518372,1.155286431312561,0.7884307950113737,True
linear_activation,0.25,1,2,1.0,0.2444312127604942,0.3149552008021455,linear_activation,0.8421452641487122,0.7393655776977539,1.155286431312561,0.728949324880343,True
linear_activation,0.25,0,0,1.0,1.1005421090383831,0.3150850814456137,linear_activation,1.3117541074752808,1.155286431312561,1.155286431312561,1.0,True
linear_activation,0.25,1,4,1.0,0.2444312127604942,0.3155900279381905,linear_activation,0.8700829148292542,0.9008379578590393,1.155286431312561,0.7531317699635083,True
linear_activation,0.25,0,0,1.0,2.0090311238977194,0.3157765210617479,linear_activation,0.6023632884025574,1.155286431312561,1.155286431312561,0.5213973540035362,True
linear_activation,0.25,0,0,1.0,9.045585157672232,0.3161898568310881,linear_activation,0.878469705581665,1.155286431312561,1.155286431312561,0.7603912603592211,True
linear_activation,0.25,0,0,1.0,4.054431795277528,0.3175613880607339,linear_activation,1.0141397714614868,1.155286431312561,1.155286431312561,0.8778253980783687,True
linear_activation,0.25,0,0,1.0,1.3450342120312204,0.319654617358922,linear_activation,0.5289489030838013,1.155286431312561,1.155286431312561,0.45785087468122,True
linear_activation,0.25,0,0,1.0,3.667470807015676,0.3202225569568472,linear_activation,0.9889545440673828,1.155286431312561,1.155286431312561,0.8560254126275829,True
linear_activation,0.25,0,0,1.0,0.9955047366910889,0.3203598791127347,linear_activation,0.537868082523346,1.155286431312561,1.155286431312561,0.46557119338124253,True
linear_activation,0.25,0,0,1.0,6.69493964544323,0.3204835409755378,linear_activation,0.4362923502922058,1.155286431312561,1.155286431312561,0.37764864060293596,True
linear_activation,0.25,0,0,1.0,0.8145479666433055,0.3268192000516057,linear_activation,0.6607010960578918,1.155286431312561,1.155286431312561,0.5718937556526535,True
linear_activation,0.25,0,0,1.0,6.055964668833263,0.3301841586650237,linear_activation,0.9586119651794434,1.155286431312561,1.155286431312561,0.8297612948594324,True
linear_activation,0.25,0,0,1.0,0.5453349474995434,0.3302209507258787,linear_activation,0.5209473967552185,1.155286431312561,1.155286431312561,0.4509248811685186,True
linear_activation,0.25,0,0,1.0,0.900492287060531,0.3309492237311019,linear_activation,0.7828755378723145,1.155286431312561,1.155286431312561,0.6776462673268502,True
linear_activation,0.25,0,0,1.0,0.2702215594677964,0.3317436855714464,linear_activation,0.8923966288566589,1.155286431312561,1.155286431312561,0.772446213051058,True
linear_activation,0.25,0,0,1.0,1.817286211563076,0.3322427295133945,linear_activation,0.48230528831481934,1.155286431312561,1.155286431312561,0.4174768050957333,True
linear_activation,0.25,0,0,1.0,1.4869510248216484,0.3330132923428241,linear_activation,0.5668232440948486,1.155286431312561,1.155286431312561,0.4906343818570266,True
linear_activation,0.25,0,0,1.0,0.2,0.3340816235310957,linear_activation,0.6471541523933411,1.155286431312561,1.155286431312561,0.5601677080705317,True
linear_activation,0.25,0,0,1.0,3.000820366267417,0.3356705811916495,linear_activation,0.7433504462242126,1.155286431312561,1.155286431312561,0.6434338931685248,True
linear_activation,0.25,0,0,1.0,1.2166621504910964,0.3357028502161823,linear_activation,0.5026477575302124,1.155286431312561,1.155286431312561,0.4350849658635191,True
linear_activation,0.25,0,0,1.0,0.3302529174737275,0.3360161404248316,linear_activation,1.0612696409225464,1.155286431312561,1.155286431312561,0.9186203630183738,True
linear_activation,0.25,0,0,1.0,2.455349570439492,0.3369016068985541,linear_activation,0.9836551547050476,1.155286431312561,1.155286431312561,0.8514383342903827,True
linear_activation,0.25,0,0,1.0,0.4036206056789731,0.3370582378411929,linear_activation,0.5607485175132751,1.155286431312561,1.155286431312561,0.48537618231713264,True
linear_activation,0.25,0,0,1.0,0.2211023350218148,0.3374628816069524,linear_activation,1.297168254852295,1.155286431312561,1.155286431312561,1.0,True
linear_activation,0.25,0,0,1.0,2.714417616594908,0.3377787649092777,linear_activation,0.5411955714225769,1.155286431312561,1.155286431312561,0.46845142187613664,True
linear_activation,0.25,0,0,1.0,0.3650984560060393,0.3421890112802265,linear_activation,0.8625525236129761,1.155286431312561,1.155286431312561,0.7466135671938952,True
linear_activation,0.25,0,0,1.0,2.221007363126434,0.3424591292689534,linear_activation,1.0445603132247925,1.155286431312561,1.155286431312561,0.904156999436089,True
linear_activation,0.25,0,0,1.0,0.4932873707061831,0.3436385320864049,linear_activation,0.5417112708091736,1.155286431312561,1.155286431312561,0.4688978041520981,True
linear_activation,0.25,0,0,1.0,0.4462072918927006,0.3443658232158605,linear_activation,0.6167019009590149,1.155286431312561,1.155286431312561,0.5338086592589497,True
linear_activation,0.25,0,0,1.0,0.6664844128899691,0.3457025335212562,linear_activation,0.5862120985984802,1.155286431312561,1.155286431312561,0.5074171068835841,True
linear_activation,0.25,0,0,1.0,0.6028741513057392,0.3475428602519279,linear_activation,0.5123001337051392,1.155286431312561,1.155286431312561,0.44343992954465605,True
linear_activation,0.25,0,0,1.0,0.2987330888578299,0.3497484405817764,linear_activation,0.6224319934844971,1.155286431312561,1.155286431312561,0.538768548313452,True
linear_activation,0.25,0,0,1.0,0.7368062997280775,0.3514222156105018,linear_activation,0.5413527488708496,1.155286431312561,1.155286431312561,0.4685874725074023,True
linear_activation,0.25,0,0,1.0,0.2444312127604942,0.352521926270749,linear_activation,0.5600001215934753,1.155286431312561,1.155286431312561,0.48472838113162964,True
linear_activation,0.5,2,8,1.0,2.0090311238977194,0.3206852363143608,linear_activation,0.0007291289512068033,0.5551693439483643,0.8672494292259216,0.0008407373088242905,True
linear_activation,0.5,2,2,1.0,2.455349570439492,0.320685238040521,linear_activation,1.0349563428491138e-09,0.7858675718307495,0.8672494292259216,1.1933779463802955e-09,True
linear_activation,0.5,2,2,1.0,7.4013339421880975,0.3210191410909594,linear_activation,0.0,0.7858675718307495,0.8672494292259216,0.0,True
linear_activation,0.5,2,2,1.0,2.221007363126434,0.3216603726650829,linear_activation,1.510524839432037e-06,0.7858675718307495,0.8672494292259216,1.7417420969423777e-06,True
linear_activation,0.5,2,2,1.0,4.955148403871969,0.3219301707236686,linear_activation,1.3877788466974007e-20,0.7858675718307495,0.8672494292259216,1.6002072759345448e-20,True
linear_activation,0.5,2,4,1.0,7.4013339421880975,0.3219301707246387,linear_activation,0.0,0.6557310819625854,0.8672494292259216,0.0,True
linear_activation,0.5,2,2,1.0,1.817286211563076,0.3219301709613499,linear_activation,0.4366728961467743,0.7858675718307495,0.8672494292259216,0.5035147691437908,True
linear_activation,0.5,2,4,1.0,0.9955047366910889,0.3219683045778218,linear_activation,7.416424141482025e-10,0.6557310819625854,0.8672494292259216,8.551662176476359e-10,True
linear_activation,0.5,2,4,1.0,4.482221685612751,0.3219683569850893,linear_activation,1.371515700372784e-20,0.6557310819625854,0.8672494292259216,1.5814547166631794e-20,True
linear_activation,0.5,2,8,1.0,10.000000000000002,0.3219683569870295,linear_activation,8.673617379884035e-19,0.5551693439483643,0.8672494292259216,1.0001294999554881e-18,True
linear_activation,0.5,2,8,1.0,9.045585157672232,0.3219683569870295,linear_activation,8.673617379884035e-19,0.5551693439483643,0.8672494292259216,1.0001294999554881e-18,True
linear_activation,0.5,2,2,1.0,2.0090311238977194,0.3219683571694135,linear_activation,0.35173168778419495,0.7858675718307495,0.8672494292259216,0.4055715413939668,True
linear_activation,0.5,2,2,1.0,1.643841718255735,0.321968357226651,linear_activation,0.5028690695762634,0.7858675718307495,0.8672494292259216,0.5798436443193833,True
linear_activation,0.5,2,8,1.0,3.317441949813717,0.3219683577776836,linear_activation,6.10706604508909e-15,0.5551693439483643,0.8672494292259216,7.041879578450754e-15,True
linear_activation,0.5,2,8,1.0,5.477974412378556,0.3221420704325953,linear_activation,1.5334955585537618e-18,0.5551693439483643,0.8672494292259216,1.7682289625978878e-18,True
linear_activation,0.5,2,8,1.0,2.714417616594908,0.3221420704847396,linear_activation,3.690562178776391e-12,0.5551693439483643,0.8672494292259216,4.2554795130513555e-12,True
linear_activation,0.5,1,2,1.0,9.045585157672232,0.3221924153173436,linear_activation,0.6313377618789673,0.7203308343887329,0.8672494292259216,0.727977143141482,True
linear_activation,0.5,2,4,1.0,5.477974412378556,0.3222142459863799,linear_activation,0.0,0.6557310819625854,0.8672494292259216,0.0,True
linear_activation,0.5,2,8,1.0,4.054431795277528,0.3222142460784207,linear_activation,1.341288169787699e-17,0.5551693439483643,0.8672494292259216,1.5466002335509045e-17,True
linear_activation,0.5,2,8,1.0,7.4013339421880975,0.3222494521047441,linear_activation,8.673617379884035e-19,0.5551693439483643,0.8672494292259216,1.0001294999554881e-18,True
linear_activation,0.5,2,8,1.0,6.69493964544323,0.3222494521059568,linear_activation,0.0,0.5551693439483643,0.8672494292259216,0.0,True
linear_activation,0.5,2,8,1.0,3.000820366267417,0.3222494531585453,linear_activation,1.35430702026193e-13,0.5551693439483643,0.8672494292259216,1.56161188998503e-13,True
linear_activation,0.5,2,4,1.0,1.817286211563076,0.3222504992339398,linear_activation,2.924291126089884e-13,0.6557310819625854,0.8672494292259216,3.3719147312671167e-13,True
linear_activation,0.5,2,4,1.0,6.055964668833263,0.3222505037101089,linear_activation,0.0,0.6557310819625854,0.8672494292259216,0.0,True
linear_activation,0.5,2,2,1.0,3.317441949813717,0.3222505037295115,linear_activation,1.2177522479164902e-14,0.7858675718307495,0.8672494292259216,1.4041545683153876e-14,True
linear_activation,0.5,2,8,1.0,3.667470807015676,0.3222505037469737,linear_activation,2.905037400160348e-16,0.5551693439483643,0.8672494292259216,3.349713821954647e-16,True
linear_activation,0.5,2,4,1.0,3.000820366267417,0.3222505038265242,linear_activation,4.080020725814526e-17,0.6557310819625854,0.8672494292259216,4.704552794524429e-17,True
linear_activation,0.5,2,4,1.0,9.045585157672232,0.3222505038595085,linear_activation,0.0,0.6557310819625854,0.8672494292259216,0.0,True
linear_activation,0.5,2,2,1.0,0.3650984560060393,0.3222505042145753,linear_activation,0.5052620768547058,0.7858675718307495,0.8672494292259216,0.5826029511552243,True
linear_activation,0.5,2,2,1.0,0.5453349474995434,0.3223507608610351,linear_activation,0.7974147796630859,0.7858675718307495,0.8672494292259216,0.9194757042098398,True
linear_activation,0.5,2,4,1.0,1.4869510248216484,0.3223507977281857,linear_activation,4.921963878135038e-12,0.6557310819625854,0.8672494292259216,5.675372865368412e-12,True
linear_activation,0.5,2,2,1.0,0.9955047366910889,0.3223699932946997,linear_activation,0.5490766763687134,0.7858675718307495,0.8672494292259216,0.6331242868142343,True
linear_activation,0.5,2,8,1.0,6.055964668833263,0.3223699937089442,linear_activation,8.673617379884035e-19,0.5551693439483643,0.8672494292259216,1.0001294999554881e-18,True
linear_activation,0.5,2,2,1.0,8.182261084470007,0.3223699938758061,linear_activation,3.469446951953614e-18,0.7858675718307495,0.8672494292259216,4.0005179998219525e-18,True
linear_activation,0.5,2,2,1.0,3.000820366267417,0.3223699939417748,linear_activation,3.2612400193560154e-13,0.7858675718307495,0.8672494292259216,3.7604406638432626e-13,True
linear_activation,0.5,2,2,1.0,1.3450342120312204,0.3223699940368473,linear_activation,0.7410708069801331,0.7858675718307495,0.8672494292259216,0.8545071141085542,True
linear_activation,0.5,2,4,1.0,2.221007363126434,0.3223699942832597,linear_activation,1.2202130480348534e-14,0.6557310819625854,0.8672494292259216,1.4069920450959252e-14,True
linear_activation,0.5,2,4,1.0,2.0090311238977194,0.3223699951524941,linear_activation,6.289155258859189e-14,0.6557310819625854,0.8672494292259216,7.251841335280764e-14,True
linear_activation,0.5,2,4,1.0,2.455349570439492,0.3223700002282022,linear_activation,2.1019870092691415e-15,0.6557310819625854,0.8672494292259216,2.423739858953042e-15,True
linear_activation,0.5,2,8,1.0,4.482221685612751,0.3224441570355992,linear_activation,5.932754420189578e-19,0.5551693439483643,0.8672494292259216,6.84088593230319e-19,True
linear_activation,0.5,2,4,1.0,4.054431795277528,0.3224441570408137,linear_activation,3.230922559309804e-20,0.6557310819625854,0.8672494292259216,3.7254824856945936e-20,True
linear_activation,0.5,2,4,1.0,3.667470807015676,0.3224441570415413,linear_activation,3.935654010199473e-19,0.6557310819625854,0.8672494292259216,4.5380877491177e-19,True
linear_activation,0.5,2,2,1.0,5.477974412378556,0.3224441570469982,linear_activation,4.163336378533489e-20,0.7858675718307495,0.8672494292259216,4.800621641514998e-20,True
linear_activation,0.5,2,4,1.0,8.182261084470007,0.3224441570512425,linear_activation,0.0,0.6557310819625854,0.8672494292259216,0.0,True
linear_activation,0.5,2,2,1.0,1.1005421090383831,0.3224441579741978,linear_activation,0.4092223048210144,0.7858675718307495,0.8672494292259216,0.4718622936267284,True
linear_activation,0.5,2,8,1.0,2.221007363126434,0.3224441597053906,linear_activation,3.101738599298187e-08,0.5551693439483643,0.8672494292259216,3.5765242325575206e-08,True
linear_activation,0.5,2,4,1.0,4.955148403871969,0.3224735146279745,linear_activation,1.1275702826493793e-20,0.6557310819625854,0.8672494292259216,1.3001683767676983e-20,True
linear_activation,0.5,2,8,1.0,8.182261084470007,0.3224821915452684,linear_activation,0.0,0.5551693439483643,0.8672494292259216,0.0,True
linear_activation,0.5,2,2,1.0,3.667470807015676,0.3224821915860137,linear_activation,5.092731597016093e-16,0.7858675718307495,0.8672494292259216,5.872280136940186e-16,True
linear_activation,0.5,2,4,1.0,2.714417616594908,0.3224821922786849,linear_activation,3.1605268892494784e-16,0.6557310819625854,0.8672494292259216,3.64431129354615e-16,True
linear_activation,0.5,2,2,1.0,10.000000000000002,0.3225588297667746,linear_activation,3.469446951953614e-18,0.7858675718307495,0.8672494292259216,4.0005179998219525e-18,True
linear_activation,0.5,2,2,1.0,4.054431795277528,0.3225588297881174,linear_activation,2.1302403821774048e-17,0.7858675718307495,0.8672494292259216,2.4563179984780013e-17,True
linear_activation,0.5,2,4,1.0,3.317441949813717,0.3225588298511758,linear_activation,4.4421931543424986e-18,0.6557310819625854,0.8672494292259216,5.122163249282798e-18,True
linear_activation,0.5,2,4,1.0,10.000000000000002,0.3225772596438176,linear_activation,0.0,0.6557310819625854,0.8672494292259216,0.0,True
linear_activation,0.5,1,8,1.0,10.000000000000002,0.3226636277586839,linear_activation,0.3168959319591522,0.8672494292259216,0.8672494292259216,0.36540344828131294,True
linear_activation,0.5,2,2,1.0,1.2166621504910964,0.3228192403537404,linear_activation,0.7868908643722534,0.7858675718307495,0.8672494292259216,0.9073408847032697,True
linear_activation,0.5,2,2,1.0,6.69493964544323,0.3228192426466371,linear_activation,0.0,0.7858675718307495,0.8672494292259216,0.0,True
linear_activation,0.5,2,2,1.0,4.482221685612751,0.3228192426674949,linear_activation,7.133182913364296e-18,0.7858675718307495,0.8672494292259216,8.225064984742787e-18,True
linear_activation,0.5,2,2,1.0,6.055964668833263,0.3228265389393815,linear_activation,1.3877787807814457e-17,0.7858675718307495,0.8672494292259216,1.600207199928781e-17,True
linear_activation,0.5,2,8,1.0,4.955148403871969,0.322918712743734,linear_activation,8.638922840054147e-19,0.5551693439483643,0.8672494292259216,9.961289738483848e-19,True
linear_activation,0.5,2,4,1.0,6.69493964544323,0.322918712766532,linear_activation,0.0,0.6557310819625854,0.8672494292259216,0.0,True
linear_activation,0.5,2,2,1.0,9.045585157672232,0.3229187127670171,linear_activation,3.469446951953614e-18,0.7858675718307495,0.8672494292259216,4.0005179998219525e-18,True
linear_activation,0.5,2,2,1.0,2.714417616594908,0.3229187129028349,linear_activation,1.2083835668197374e-11,0.7858675718307495,0.8672494292259216,1.3933518156342875e-11,True
linear_activation,0.5,2,2,1.0,1.4869510248216484,0.3229187186076708,linear_activation,0.49467387795448303,0.7858675718307495,0.8672494292259216,0.5703940080952404,True
linear_activation,0.5,2,2,1.0,0.900492287060531,0.3230399420554439,linear_activation,0.8184438943862915,0.7858675718307495,0.8672494292259216,0.9437237625129459,True
linear_activation,0.5,1,8,1.0,8.182261084470007,0.3245779158081076,linear_activation,0.42646539211273193,0.8672494292259216,0.8672494292259216,0.4917447942207133,True
linear_activation,0.5,1,2,1.0,10.000000000000002,0.324723203408888,linear_activation,0.4695527255535126,0.7203308343887329,0.8672494292259216,0.5414275406011162,True
linear_activation,0.5,1,4,1.0,9.045585157672232,0.3274765803319444,linear_activation,0.36329329013824463,0.8409808874130249,0.8672494292259216,0.41890288756085814,True
linear_activation,0.5,1,4,1.0,6.055964668833263,0.3286318961487873,linear_activation,0.6581215858459473,0.8409808874130249,0.8672494292259216,0.7588607886814812,True
linear_activation,0.5,1,2,1.0,8.182261084470007,0.329194755265239,linear_activation,0.3510526716709137,0.7203308343887329,0.8672494292259216,0.404788587735655,True
linear_activation,0.5,1,4,1.0,10.000000000000002,0.3297857299360368,linear_activation,0.6689825654029846,0.8409808874130249,0.8672494292259216,0.771384267153795,True
linear_activation,0.5,1,2,1.0,6.69493964544323,0.3303494928327583,linear_activation,0.6261367201805115,0.7203308343887329,0.8672494292259216,0.721979973788372,True
linear_activation,0.5,1,4,1.0,7.4013339421880975,0.3303530445588114,linear_activation,0.7525612711906433,0.8409808874130249,0.8672494292259216,0.8677564329588027,True
linear_activation,0.5,1,8,1.0,6.055964668833263,0.3303881397865074,linear_activation,0.7328959703445435,0.8672494292259216,0.8672494292259216,0.845080948624783,True
linear_activation,0.5,1,4,1.0,5.477974412378556,0.3308506815490444,linear_activation,0.7989030480384827,0.8409808874130249,0.8672494292259216,0.9211917830278162,True
linear_activation,0.5,1,4,1.0,8.182261084470007,0.3309486812573139,linear_activation,0.3868785500526428,0.8409808874130249,0.8672494292259216,0.4460983622646577,True
linear_activation,0.5,1,8,1.0,6.69493964544323,0.3313088665219588,linear_activation,0.39003998041152954,0.8672494292259216,0.8672494292259216,0.4497437153226684,True
linear_activation,0.5,1,2,1.0,7.4013339421880975,0.3318884041803593,linear_activation,0.4712071120738983,0.7203308343887329,0.8672494292259216,0.5433351654027404,True
linear_activation,0.5,1,8,1.0,3.667470807015676,0.3341578603649144,linear_activation,0.7600449919700623,0.8672494292259216,0.8672494292259216,0.8763856929239532,True
linear_activation,0.5,1,8,1.0,7.4013339421880975,0.3346052048001796,linear_activation,0.4204710125923157,0.8672494292259216,0.8672494292259216,0.48483285018430544,True
linear_activation,0.5,1,8,1.0,9.045585157672232,0.3346637954679183,linear_activation,0.4273587167263031,0.8672494292259216,0.8672494292259216,0.4927748607545922,True
linear_activation,0.5,1,2,1.0,5.477974412378556,0.3348462298614467,linear_activation,0.4256286025047302,0.7203308343887329,0.8672494292259216,0.49077991655138054,True
linear_activation,0.5,1,4,1.0,3.667470807015676,0.3353129748923332,linear_activation,0.5535435676574707,0.8409808874130249,0.8672494292259216,0.6382749287613202,True
linear_activation,0.5,2,8,1.0,1.817286211563076,0.3355199464164909,linear_activation,0.7203773260116577,0.5551693439483643,0.8672494292259216,0.8306460652901702,True
linear_activation,0.5,1,4,1.0,4.054431795277528,0.3358527155944006,linear_activation,0.45378705859184265,0.8409808874130249,0.8672494292259216,0.5232486102606929,True
linear_activation,0.5,1,2,1.0,4.955148403871969,0.3358833999687486,linear_activation,0.577497661113739,0.7203308343887329,0.8672494292259216,0.665895694655221,True
linear_activation,0.5,1,8,1.0,5.477974412378556,0.3361410795407619,linear_activation,0.46210777759552,0.8672494292259216,0.8672494292259216,0.532842988444492,True
linear_activation,0.5,1,4,1.0,4.955148403871969,0.3363943339196547,linear_activation,0.6404730081558228,0.8409808874130249,0.8672494292259216,0.7385107289462133,True
linear_activation,0.5,1,2,1.0,4.482221685612751,0.3365064655788708,linear_activation,0.5524830222129822,0.7203308343887329,0.8672494292259216,0.6370520447688394,True
linear_activation,0.5,2,8,1.0,2.455349570439492,0.3365215206544205,linear_activation,1.68365682506888e-10,0.5551693439483643,0.8672494292259216,1.941375535492317e-10,True
linear_activation,0.5,1,4,1.0,6.69493964544323,0.3374010777686316,linear_activation,0.4235796630382538,0.8409808874130249,0.8672494292259216,0.4884173442654521,True
linear_activation,0.5,1,2,1.0,6.055964668833263,0.33893954281852,linear_activation,0.48806020617485046,0.7203308343887329,0.8672494292259216,0.5627679762331778,True
linear_activation,0.5,1,8,1.0,2.0090311238977194,0.3402480467883242,linear_activation,0.8028534054756165,0.8672494292259216,0.8672494292259216,0.9257468248693078,True
linear_activation,0.5,1,2,1.0,2.714417616594908,0.3403464467706159,linear_activation,0.4252818524837494,0.7203308343887329,0.8672494292259216,0.4903800892245522,True
linear_activation,0.5,1,8,1.0,4.955148403871969,0.3403471809763431,linear_activation,0.636491060256958,0.8672494292259216,0.8672494292259216,0.7339192610654919,True
linear_activation,0.5,1,2,1.0,3.317441949813717,0.3409431103938324,linear_activation,0.465047150850296,0.7203308343887329,0.8672494292259216,0.5362322939380679,True
linear_activation,0.5,2,4,1.0,1.643841718255735,0.3411980983839193,linear_activation,1.2450356500978699e-12,0.6557310819625854,0.8672494292259216,1.435614262910669e-12,True
linear_activation,0.5,1,4,1.0,2.455349570439492,0.3414009624959911,linear_activation,0.6708017587661743,0.8409808874130249,0.8672494292259216,0.773481925914797,True
linear_activation,0.5,1,8,1.0,2.714417616594908,0.3414876806978738,linear_activation,0.7356318235397339,0.8672494292259216,0.8672494292259216,0.8482355810788307,True
linear_activation,0.5,1,8,1.0,4.482221685612751,0.341825851861808,linear_activation,0.5199791193008423,0.8672494292259216,0.8672494292259216,0.5995727431783479,True
linear_activation,0.5,1,4,1.0,3.317441949813717,0.342060069962687,linear_activation,0.7111119627952576,0.8409808874130249,0.8672494292259216,0.8199624454408379,True
linear_activation,0.5,1,2,1.0,3.667470807015676,0.3421925121473187,linear_activation,0.49210578203201294,0.7203308343887329,0.8672494292259216,0.5674328116551779,True
linear_activation,0.5,1,2,1.0,2.221007363126434,0.3423084826948461,linear_activation,0.7384823560714722,0.7203308343887329,0.8672494292259216,0.85152244692812,True
linear_activation,0.5,1,8,1.0,2.455349570439492,0.3428271441988652,linear_activation,0.4777613580226898,0.8672494292259216,0.8672494292259216,0.5508926750740256,True
linear_activation,0.5,1,4,1.0,1.817286211563076,0.3431704786226782,linear_activation,0.5626358985900879,0.8409808874130249,0.8672494292259216,0.6487590301353997,True
linear_activation,0.5,1,4,1.0,1.3450342120312204,0.3433389439356436,linear_activation,0.7399421334266663,0.8409808874130249,0.8672494292259216,0.8532056735824137,True
linear_activation,0.5,1,4,1.0,1.4869510248216484,0.3435466138964489,linear_activation,0.5277238488197327,0.8409808874130249,0.8672494292259216,0.6085029647015873,True
linear_activation,0.5,1,4,1.0,2.221007363126434,0.3438994145862644,linear_activation,0.5768771767616272,0.8409808874130249,0.8672494292259216,0.6651802322620481,True
linear_activation,0.5,1,8,1.0,4.054431795277528,0.3442338905179636,linear_activation,0.4851110875606537,0.8672494292259216,0.8672494292259216,0.5593674336501414,True
linear_activation,0.5,1,8,1.0,3.317441949813717,0.3444942692378569,linear_activation,0.7099886536598206,0.8672494292259216,0.8672494292259216,0.8186671904685289,True
linear_activation,0.5,1,4,1.0,2.714417616594908,0.3445448959346496,linear_activation,0.6728181838989258,0.8409808874130249,0.8672494292259216,0.7758070068716693,True
linear_activation,0.5,1,4,1.0,2.0090311238977194,0.3447731972153948,linear_activation,0.7135764360427856,0.8409808874130249,0.8672494292259216,0.8228041575993893,True
linear_activation,0.5,1,8,1.0,1.1005421090383831,0.3456975895160524,linear_activation,0.6323185563087463,0.8672494292259216,0.8672494292259216,0.7291080685670017,True
linear_activation,0.5,2,8,1.0,1.2166621504910964,0.3457919398964903,linear_activation,0.7969319820404053,0.5551693439483643,0.8672494292259216,0.9189190043650078,True
linear_activation,0.5,1,2,1.0,2.455349570439492,0.3460237640266751,linear_activation,0.6284764409065247,0.7203308343887329,0.8672494292259216,0.7246778374561539,True
linear_activation,0.5,1,2,1.0,1.1005421090383831,0.3461649378771295,linear_activation,0.76445472240448,0.7203308343887329,0.8672494292259216,0.8814704243585461,True
linear_activation,0.5,1,2,1.0,3.000820366267417,0.3461978225306872,linear_activation,0.5511299967765808,0.7203308343887329,0.8672494292259216,0.6354919106357918,True
linear_activation,0.5,1,8,1.0,2.221007363126434,0.3467030850964649,linear_activation,0.8001754283905029,0.8672494292259216,0.8672494292259216,0.9226589276682641,True
linear_activation,0.5,1,2,1.0,1.2166621504910964,0.3467292555068381,linear_activation,0.7210314273834229,0.7203308343887329,0.8672494292259216,0.8314002904873536,True
linear_activation,0.5,1,2,1.0,4.054431795277528,0.3469992923834667,linear_activation,0.5494797229766846,0.7203308343887329,0.8672494292259216,0.633589028092105,True
linear_activation,0.5,2,8,1.0,1.643841718255735,0.3474177123769189,linear_activation,0.4862836003303528,0.5551693439483643,0.8672494292259216,0.5607194238967601,True
linear_activation,0.5,1,2,1.0,1.4869510248216484,0.3474316657286626,linear_activation,0.577029287815094,0.7203308343887329,0.8672494292259216,0.6653556270773581,True
linear_activation,0.5,1,4,1.0,4.482221685612751,0.3474521061935221,linear_activation,0.724230945110321,0.8409808874130249,0.8672494292259216,0.8350895609775677,True
linear_activation,0.5,1,2,1.0,1.3450342120312204,0.3474827601070291,linear_activation,0.469636470079422,0.7203308343887329,0.8672494292259216,0.541524103969263,True
linear_activation,0.5,2,8,1.0,1.3450342120312204,0.3478392471571744,linear_activation,0.785605251789093,0.5551693439483643,0.8672494292259216,0.905858482363371,True
linear_activation,0.5,1,4,1.0,1.1005421090383831,0.3481053609862102,linear_activation,0.5031668543815613,0.8409808874130249,0.8672494292259216,0.5801870112854055,True
linear_activation,0.5,1,4,1.0,1.643841718255735,0.3483903342132984,linear_activation,0.8339584469795227,0.8409808874130249,0.8672494292259216,0.9616131402056807,True
linear_activation,0.5,1,4,1.0,3.000820366267417,0.3486955418503454,linear_activation,0.49773627519607544,0.8409808874130249,0.8672494292259216,0.5739251689566847,True
linear_activation,0.5,1,2,1.0,0.9955047366910889,0.348877819720843,linear_activation,0.6386460065841675,0.7203308343887329,0.8672494292259216,0.7364040667679677,True
linear_activation,0.5,1,8,1.0,3.000820366267417,0.3488861658442757,linear_activation,0.5478418469429016,0.8672494292259216,0.8672494292259216,0.6317004410506067,True
linear_activation,0.5,1,2,1.0,2.0090311238977194,0.3489819228001665,linear_activation,0.6120659112930298,0.7203308343887329,0.8672494292259216,0.7057553348168124,True
linear_activation,0.5,1,8,1.0,1.3450342120312204,0.3506200127197127,linear_activation,0.7706523537635803,0.8672494292259216,0.8672494292259216,0.8886167321567906,True
linear_activation,0.5,2,4,1.0,0.900492287060531,0.3510521011663082,linear_activation,2.4503838957912194e-09,0.6557310819625854,0.8672494292259216,2.825466138361546e-09,True
linear_activation,0.5,1,2,1.0,1.817286211563076,0.3510979355273737,linear_activation,0.8128553032875061,0.7203308343887329,0.8672494292259216,0.9372797212597004,True
linear_activation,0.5,1,8,1.0,0.9955047366910889,0.3515363363976861,linear_activation,0.9474667906761169,0.8672494292259216,0.8672494292259216,1.0,True
linear_activation,0.5,2,8,1.0,0.8145479666433055,0.3527723038512497,linear_activation,0.7472854256629944,0.5551693439483643,0.8672494292259216,0.8616730094939317,True
linear_activation,0.5,2,8,1.0,1.4869510248216484,0.3528857460747415,linear_activation,0.5210927724838257,0.5551693439483643,0.8672494292259216,0.6008568641537603,True
linear_activation,0.5,1,4,1.0,1.2166621504910964,0.3530287853021159,linear_activation,0.6301648020744324,0.8409808874130249,0.8672494292259216,0.726624637432044,True
linear_activation,0.5,2,4,1.0,1.3450342120312204,0.3533635522136014,linear_activation,1.8308864840888006e-11,0.6557310819625854,0.8672494292259216,2.1111417573638416e-11,True
linear_activation,0.5,2,4,1.0,0.5453349474995434,0.3533926004290349,linear_activation,1.3115370620653266e-06,0.6557310819625854,0.8672494292259216,1.512295099733835e-06,True
linear_activation,0.5,1,4,1.0,0.2987330888578299,0.3534021199270198,linear_activation,0.7591043710708618,0.8409808874130249,0.8672494292259216,0.8753010904237936,True
linear_activation,0.5,2,8,1.0,0.7368062997280775,0.3534413350387961,linear_activation,0.574535071849823,0.5551693439483643,0.8672494292259216,0.6624796194592301,True
linear_activation,0.5,2,8,1.0,0.9955047366910889,0.3534676596919214,linear_activation,0.7505333423614502,0.5551693439483643,0.8672494292259216,0.8654180874253807,True
linear_activation,0.5,1,4,1.0,0.4462072918927006,0.3535199544129533,linear_activation,0.6495718955993652,0.8409808874130249,0.8672494292259216,0.7490023904416424,True
linear_activation,0.5,2,2,1.0,0.3302529174737275,0.3535839625529372,linear_activation,0.8639751076698303,0.7858675718307495,0.8672494292259216,0.996224475398025,True
linear_activation,0.5,2,8,1.0,0.4036206056789731,0.3537660108305401,linear_activation,0.7959558963775635,0.5551693439483643,0.8672494292259216,0.9177935084811847,True
linear_activation,0.5,1,2,1.0,0.6028741513057392,0.3538174450386194,linear_activation,0.6435990929603577,0.7203308343887329,0.8672494292259216,0.7421153260773121,True
linear_activation,0.5,1,8,1.0,0.6664844128899691,0.3538930135757186,linear_activation,0.4976601302623749,0.8672494292259216,0.8672494292259216,0.5738373684564658,True
linear_activation,0.5,1,2,1.0,1.643841718255735,0.3539699908543449,linear_activation,0.6105087995529175,0.7203308343887329,0.8672494292259216,0.7039598747246655,True
linear_activation,0.5,1,4,1.0,0.8145479666433055,0.3543761148523943,linear_activation,0.8798289895057678,0.8409808874130249,0.8672494292259216,1.0,True
linear_activation,0.5,1,4,1.0,0.6664844128899691,0.3545598462545625,linear_activation,0.5294039845466614,0.8409808874130249,0.8672494292259216,0.6104402801616025,True
linear_activation,0.5,1,4,1.0,0.7368062997280775,0.3546094631970368,linear_activation,0.4801115393638611,0.8409808874130249,0.8672494292259216,0.5536026005717789,True
linear_activation,0.5,2,8,1.0,1.1005421090383831,0.3546712208577161,linear_activation,0.4929931163787842,0.5551693439483643,0.8672494292259216,0.5684559709872783,True
linear_activation,0.5,1,8,1.0,0.6028741513057392,0.354697087003457,linear_activation,0.8843379020690918,0.8672494292259216,0.8672494292259216,1.0,True
linear_activation,0.5,1,8,1.0,1.4869510248216484,0.3548138190235942,linear_activation,0.5347524881362915,0.8672494292259216,0.8672494292259216,0.6166074835167018,True
linear_activation,0.5,2,4,1.0,0.4462072918927006,0.3549333209480165,linear_activation,2.5983912564697675e-05,0.6557310819625854,0.8672494292259216,2.9961291053128813e-05,True
linear_activation,0.5,1,8,1.0,0.5453349474995434,0.3550318170585175,linear_activation,0.815811276435852,0.8672494292259216,0.8672494292259216,0.940688167605966,True
linear_activation,0.5,1,8,1.0,1.817286211563076,0.3555589413109031,linear_activation,0.5062662363052368,0.8672494292259216,0.8672494292259216,0.5837608181040989,True
linear_activation,0.5,2,2,1.0,0.4462072918927006,0.3555976374932939,linear_activation,0.5616211295127869,0.7858675718307495,0.8672494292259216,0.6475889295356141,True
linear_activation,0.5,2,8,1.0,0.2211023350218148,0.3556062303920073,linear_activation,0.6844130754470825,0.5551693439483643,0.8672494292259216,0.7891767378365036,True
linear_activation,0.5,2,8,1.0,0.900492287060531,0.3556090450293381,linear_activation,0.7726905345916748,0.5551693439483643,0.8672494292259216,0.8909668989708682,True
linear_activation,0.5,1,2,1.0,0.7368062997280775,0.3556420512695421,linear_activation,0.7717481851577759,0.7203308343887329,0.8672494292259216,0.8898803033478073,True
linear_activation,0.5,2,2,1.0,0.8145479666433055,0.3558562666439039,linear_activation,0.8193840384483337,0.7858675718307495,0.8672494292259216,0.9448078151860982,True
linear_activation,0.5,1,4,1.0,0.6028741513057392,0.355915639471194,linear_activation,0.6238397359848022,0.8409808874130249,0.8672494292259216,0.7193313883661141,True
linear_activation,0.5,1,4,1.0,0.9955047366910889,0.3559668315544778,linear_activation,0.4979528784751892,0.8409808874130249,0.8672494292259216,0.5741749278747241,True
linear_activation,0.5,2,4,1.0,0.6664844128899691,0.35603721415904,linear_activation,9.49582030784768e-08,0.6557310819625854,0.8672494292259216,1.0949353193951753e-07,True
linear_activation,0.5,1,4,1.0,0.3302529174737275,0.3561993898317438,linear_activation,0.5297038555145264,0.8409808874130249,0.8672494292259216,0.6107860526207813,True
linear_activation,0.5,2,4,1.0,0.7368062997280775,0.3563870292871893,linear_activation,2.7301698679593756e-08,0.6557310819625854,0.8672494292259216,3.1480791753258756e-08,True
linear_activation,0.5,2,4,1.0,1.2166621504910964,0.3565525940932456,linear_activation,6.49044290534917e-11,0.6557310819625854,0.8672494292259216,7.48394024443732e-11,True
linear_activation,0.5,1,8,1.0,0.2987330888578299,0.3565561563637004,linear_activation,0.49421772360801697,0.8672494292259216,0.8672494292259216,0.5698680298344382,True
linear_activation,0.5,1,4,1.0,0.2702215594677964,0.3566084817615987,linear_activation,0.8046877384185791,0.8409808874130249,0.8672494292259216,0.9278619406377897,True
linear_activation,0.5,1,8,1.0,0.4932873707061831,0.3569081336377785,linear_activation,0.7009949684143066,0.8672494292259216,0.8672494292259216,0.8082968345565724,True
linear_activation,0.5,2,8,1.0,0.4932873707061831,0.3570283076642881,linear_activation,0.5166619420051575,0.5551693439483643,0.8672494292259216,0.595747802874097,True
linear_activation,0.5,2,2,1.0,0.6028741513057392,0.3570953893980313,linear_activation,0.7340050339698792,0.7858675718307495,0.8672494292259216,0.8463597775152506,True
linear_activation,0.5,1,8,1.0,0.8145479666433055,0.3573408035809476,linear_activation,0.7608824372291565,0.8672494292259216,0.8672494292259216,0.877351326605421,True
linear_activation,0.5,2,8,1.0,0.6028741513057392,0.3573973596155101,linear_activation,0.7211118340492249,0.5551693439483643,0.8672494292259216,0.8314930050664497,True
linear_activation,0.5,1,4,1.0,0.5453349474995434,0.3574258898860367,linear_activation,0.5032461285591125,0.8409808874130249,0.8672494292259216,0.5802784200253593,True
linear_activation,0.5,2,4,1.0,0.2987330888578299,0.3574540765269682,linear_activation,0.0052185687236487865,0.6557310819625854,0.8672494292259216,0.006017379254209149,True
linear_activation,0.5,2,4,1.0,0.4036206056789731,0.3575724647884128,linear_activation,0.00011575346434256062,0.6557310819625854,0.8672494292259216,0.00013347194064558608,True
linear_activation,0.5,2,4,1.0,0.8145479666433055,0.3575934779808695,linear_activation,8.11248490606431e-09,0.6557310819625854,0.8672494292259216,9.354269524634046e-09,True
linear_activation,0.5,2,4,1.0,0.6028741513057392,0.3577309319603964,linear_activation,3.4672464721552387e-07,0.6557310819625854,0.8672494292259216,3.9979806908030937e-07,True
linear_activation,0.5,1,2,1.0,0.3650984560060393,0.3577780372316992,linear_activation,0.5190521478652954,0.7203308343887329,0.8672494292259216,0.5985038794762705,True
linear_activation,0.5,1,8,1.0,0.900492287060531,0.3577925886663652,linear_activation,0.7363839149475098,0.8672494292259216,0.8672494292259216,0.8491027957260022,True
linear_activation,0.5,1,8,1.0,0.7368062997280775,0.3578637304144325,linear_activation,0.5041424036026001,0.8672494292259216,0.8672494292259216,0.5813118886138455,True
linear_activation,0.5,1,8,1.0,1.2166621504910964,0.3581221625025743,linear_activation,0.5733025670051575,0.8672494292259216,0.8672494292259216,0.6610584541022627,True
linear_activation,0.5,2,8,1.0,0.3650984560060393,0.3581987222220024,linear_activation,0.6661146283149719,0.5551693439483643,0.8672494292259216,0.7680773326187414,True
linear_activation,0.5,2,4,1.0,0.3302529174737275,0.3585154296489821,linear_activation,0.0013338763965293765,0.6557310819625854,0.8672494292259216,0.0015380539341720303,True
linear_activation,0.5,1,8,1.0,0.3302529174737275,0.3585884084944194,linear_activation,0.5492359399795532,0.8672494292259216,0.8672494292259216,0.6333079290346529,True
linear_activation,0.5,2,2,1.0,0.7368062997280775,0.3587112350594792,linear_activation,0.4268827438354492,0.7858675718307495,0.8672494292259216,0.4922260303088014,True
linear_activation,0.5,2,4,1.0,1.1005421090383831,0.35872670189259,linear_activation,2.2199621307894546e-10,0.6557310819625854,0.8672494292259216,2.5597735276354344e-10,True
linear_activation,0.5,2,2,1.0,0.2702215594677964,0.358887719500265,linear_activation,0.6492708325386047,0.7858675718307495,0.8672494292259216,0.7486552434149453,True
linear_activation,0.5,1,8,1.0,0.4462072918927006,0.3591376824609876,linear_activation,0.6691874861717224,0.8672494292259216,0.8672494292259216,0.771620555310157,True
linear_activation,0.5,1,4,1.0,0.3650984560060393,0.3593206400559608,linear_activation,0.6547539234161377,0.8409808874130249,0.8672494292259216,0.7549776354428386,True
linear_activation,0.5,2,4,1.0,0.4932873707061831,0.3594487128865996,linear_activation,5.2924292504030745e-06,0.6557310819625854,0.8672494292259216,6.102545671464924e-06,True
linear_activation,0.5,1,8,1.0,1.643841718255735,0.3594633373832861,linear_activation,0.6094096899032593,0.8672494292259216,0.8672494292259216,0.7026925234729741,True
linear_activation,0.5,1,2,1.0,0.6664844128899691,0.3595228942929122,linear_activation,0.6410081386566162,0.7203308343887329,0.8672494292259216,0.73912777230509,True
linear_activation,0.5,1,2,1.0,0.4932873707061831,0.359595877099258,linear_activation,0.7701078057289124,0.7203308343887329,0.8672494292259216,0.8879888297145209,True
linear_activation,0.5,1,8,1.0,0.4036206056789731,0.359699620646966,linear_activation,0.7489281296730042,0.8672494292259216,0.8672494292259216,0.8635671635338784,True
linear_activation,0.5,1,4,1.0,0.4036206056789731,0.3600824628265552,linear_activation,0.8029831647872925,0.8409808874130249,0.8672494292259216,0.9258964465436534,True
linear_activation,0.5,1,2,1.0,0.4462072918927006,0.3603051735308689,linear_activation,0.6265206336975098,0.7203308343887329,0.8672494292259216,0.7224226532575773,True
linear_activation,0.5,1,8,1.0,0.3650984560060393,0.3603715875193913,linear_activation,0.56856369972229,0.8672494292259216,0.8672494292259216,0.6555942045759215,True
linear_activation,0.5,1,2,1.0,0.2444312127604942,0.3605103862976645,linear_activation,0.6406628489494324,0.7203308343887329,0.8672494292259216,0.7387296288234713,True
linear_activation,0.5,1,4,1.0,0.2,0.360570859727131,linear_activation,0.6288536190986633,0.8409808874130249,0.8672494292259216,0.7251127506188818,True
linear_activation,0.5,1,2,1.0,0.4036206056789731,0.3607877009218374,linear_activation,0.7525027990341187,0.7203308343887329,0.8672494292259216,0.8676890104220396,True
linear_activation,0.5,2,2,1.0,0.2444312127604942,0.3608305315170383,linear_activation,0.7839969992637634,0.7858675718307495,0.8672494292259216,0.9040040533246974,True
linear_activation,0.5,1,8,1.0,0.2,0.3610165478173919,linear_activation,0.7782894372940063,0.8672494292259216,0.8672494292259216,0.8974228302331452,True
linear_activation,0.5,1,4,1.0,0.2444312127604942,0.3611525801876969,linear_activation,0.7777904272079468,0.8409808874130249,0.8672494292259216,0.896847436270067,True
linear_activation,0.5,1,2,1.0,0.2,0.3612387366996709,linear_activation,0.831352174282074,0.7203308343887329,0.8672494292259216,0.9586079232408509,True
linear_activation,0.5,1,2,1.0,0.2702215594677964,0.3613406893236405,linear_activation,0.6110425591468811,0.7203308343887329,0.8672494292259216,0.7045753373308964,True
linear_activation,0.5,1,2,1.0,0.900492287060531,0.3613855431106937,linear_activation,0.7558916807174683,0.7203308343887329,0.8672494292259216,0.8715966309625045,True
linear_activation,0.5,1,8,1.0,0.2444312127604942,0.3615098395938154,linear_activation,0.8291939496994019,0.8672494292259216,0.8672494292259216,0.9561193374777002,True
linear_activation,0.5,1,2,1.0,0.5453349474995434,0.3616283086354052,linear_activation,0.6546500325202942,0.7203308343887329,0.8672494292259216,0.7548578418836358,True
linear_activation,0.5,1,4,1.0,0.900492287060531,0.3618412655887464,linear_activation,0.6561448574066162,0.8409808874130249,0.8672494292259216,0.7565814808229618,True
linear_activation,0.5,2,2,1.0,0.2211023350218148,0.3619370945604329,linear_activation,0.5657316446304321,0.7858675718307495,0.8672494292259216,0.6523286445231629,True
linear_activation,0.5,1,2,1.0,0.8145479666433055,0.3619445252297121,linear_activation,0.7422381639480591,0.7203308343887329,0.8672494292259216,0.8558531593506571,True
linear_activation,0.5,2,2,1.0,0.6664844128899691,0.3621294886698726,linear_activation,0.8281762003898621,0.7858675718307495,0.8672494292259216,0.9549458004591193,True
linear_activation,0.5,2,2,1.0,0.4932873707061831,0.3622303096560795,linear_activation,0.6119107604026794,0.7858675718307495,0.8672494292259216,0.7055764348543312,True
linear_activation,0.5,2,8,1.0,0.5453349474995434,0.3623870716015582,linear_activation,0.8357626795768738,0.5551693439483643,0.8672494292259216,0.9636935481443304,True
linear_activation,0.5,2,8,1.0,0.3302529174737275,0.3624154634761309,linear_activation,0.772063136100769,0.5551693439483643,0.8672494292259216,0.8902434640860902,True
linear_activation,0.5,1,8,1.0,0.2702215594677964,0.3624168361555806,linear_activation,0.6443597674369812,0.8672494292259216,0.8672494292259216,0.7429924376106141,True
linear_activation,0.5,2,8,1.0,0.2444312127604942,0.3624746087794824,linear_activation,0.8180883526802063,0.5551693439483643,0.8672494292259216,0.9433137977506715,True
linear_activation,0.5,2,2,1.0,0.4036206056789731,0.3625198070791344,linear_activation,0.4915558397769928,0.7858675718307495,0.8672494292259216,0.5667986892948887,True
linear_activation,0.5,2,4,1.0,0.2702215594677964,0.3626486987252157,linear_activation,0.014193398877978325,0.6557310819625854,0.8672494292259216,0.016365993910940808,True
linear_activation,0.5,1,4,1.0,0.4932873707061831,0.3627302127467262,linear_activation,0.6223171353340149,0.8409808874130249,0.8672494292259216,0.7175757220036163,True
linear_activation,0.5,2,8,1.0,0.6664844128899691,0.3627838960261432,linear_activation,0.6907192468643188,0.5551693439483643,0.8672494292259216,0.7964482000072715,True
linear_activation,0.5,2,8,1.0,0.2702215594677964,0.3630942238070757,linear_activation,0.6250633001327515,0.5551693439483643,0.8672494292259216,0.7207422444666957,True
linear_activation,0.5,2,4,1.0,0.2211023350218148,0.3633234839825515,linear_activation,0.15742066502571106,0.6557310819625854,0.8672494292259216,0.18151717339983675,True
linear_activation,0.5,2,8,1.0,0.4462072918927006,0.3637468478428728,linear_activation,0.47916582226753235,0.5551693439483643,0.8672494292259216,0.5525121217954794,True
linear_activation,0.5,2,8,1.0,0.2987330888578299,0.3638373457785082,linear_activation,0.7157634496688843,0.5551693439483643,0.8672494292259216,0.8253259391681022,True
linear_activation,0.5,2,2,1.0,0.2987330888578299,0.3640128667962557,linear_activation,0.5990557074546814,0.7858675718307495,0.8672494292259216,0.6907536485661095,True
linear_activation,0.5,2,2,1.0,0.2,0.3649226549549239,linear_activation,0.6057939529418945,0.7858675718307495,0.8672494292259216,0.6985233227338141,True
linear_activation,0.5,2,4,1.0,0.2,0.3649285423344909,linear_activation,0.19505798816680908,0.6557310819625854,0.8672494292259216,0.22491567200097373,True
linear_activation,0.5,1,8,1.0,0.2211023350218148,0.3650931988107548,linear_activation,0.6444395780563354,0.8672494292259216,0.8672494292259216,0.743084464905951,True
linear_activation,0.5,2,4,1.0,0.2444312127604942,0.3652449606279448,linear_activation,0.09878110140562057,0.6557310819625854,0.8672494292259216,0.11390160440207997,True
linear_activation,0.5,1,2,1.0,0.3302529174737275,0.3658474977839737,linear_activation,0.7221618294715881,0.7203308343887329,0.8672494292259216,0.8327037241363953,True
linear_activation,0.5,2,4,1.0,0.3650984560060393,0.3658665747307075,linear_activation,0.00043315565562807024,0.6557310819625854,0.8672494292259216,0.0004994591417773439,True
linear_activation,0.5,1,2,1.0,0.2987330888578299,0.366699876962238,linear_activation,0.7975947260856628,0.7203308343887329,0.8672494292259216,0.9196831951766976,True
linear_activation,0.5,2,8,1.0,0.2,0.3683863070357446,linear_activation,0.8370731472969055,0.5551693439483643,0.8672494292259216,0.9652046102169817,True
linear_activation,0.5,1,4,1.0,0.2211023350218148,0.3685021460499492,linear_activation,0.4925547242164612,0.8409808874130249,0.8672494292259216,0.5679504737824957,True
linear_activation,0.5,1,2,1.0,0.2211023350218148,0.368740503175764,linear_activation,0.7173129916191101,0.7203308343887329,0.8672494292259216,0.8271126707565091,True
linear_activation,0.5,0,0,1.0,10.000000000000002,0.4721982737362077,linear_activation,0.3907824754714966,0.5579647421836853,0.8672494292259216,0.4505998647013192,True
linear_activation,0.5,0,0,1.0,7.4013339421880975,0.4727217862796855,linear_activation,0.49687090516090393,0.5579647421836853,0.8672494292259216,0.5729273360311053,True
linear_activation,0.5,0,0,1.0,6.055964668833263,0.4764613756087349,linear_activation,0.36962273716926575,0.5579647421836853,0.8672494292259216,0.426201188162417,True
linear_activation,0.5,0,0,1.0,6.69493964544323,0.476488432624866,linear_activation,0.4950012266635895,0.5579647421836853,0.8672494292259216,0.5707714643357117,True
linear_activation,0.5,0,0,1.0,8.182261084470007,0.4765458268226296,linear_activation,0.5081456303596497,0.5579647421836853,0.8672494292259216,0.5859278925247651,True
linear_activation,0.5,0,0,1.0,4.482221685612751,0.4792308353218235,linear_activation,0.4367882311344147,0.5579647421836853,0.8672494292259216,0.5036477585511674,True
linear_activation,0.5,0,0,1.0,9.045585157672232,0.4792844376969513,linear_activation,0.4828746020793915,0.5579647421836853,0.8672494292259216,0.5567886075294273,True
linear_activation,0.5,0,0,1.0,4.955148403871969,0.4795087454547341,linear_activation,0.40798717737197876,0.5579647421836853,0.8672494292259216,0.47043810422122123,True
linear_activation,0.5,0,0,1.0,2.221007363126434,0.4796355075271249,linear_activation,0.4665985107421875,0.5579647421836853,0.8672494292259216,0.53802112174194,True
linear_activation,0.5,0,0,1.0,3.317441949813717,0.4815874202247305,linear_activation,0.4999440312385559,0.5579647421836853,0.8672494292259216,0.5764708680002125,True
linear_activation,0.5,0,0,1.0,5.477974412378556,0.4821913983862991,linear_activation,0.4926906228065491,0.5579647421836853,0.8672494292259216,0.5681071744795595,True
linear_activation,0.5,0,0,1.0,4.054431795277528,0.4824257015205544,linear_activation,0.5155269503593445,0.5579647421836853,0.8672494292259216,0.5944390771401106,True
linear_activation,0.5,0,0,1.0,2.0090311238977194,0.4866386777453987,linear_activation,0.5012712478637695,0.5579647421836853,0.8672494292259216,0.5780012427464931,True
linear_activation,0.5,0,0,1.0,1.817286211563076,0.4868654792933437,linear_activation,0.5367498993873596,0.5579647421836853,0.8672494292259216,0.6189106401216602,True
linear_activation,0.5,0,0,1.0,2.455349570439492,0.488149478342052,linear_activation,0.4475392699241638,0.5579647421836853,0.8672494292259216,0.5160444675341241,True
linear_activation,0.5,0,0,1.0,3.000820366267417,0.4899876350527497,linear_activation,0.526600182056427,0.5579647421836853,0.8672494292259216,0.6072072973590228,True
linear_activation,0.5,0,0,1.0,1.1005421090383831,0.4924611928627868,linear_activation,0.5315986275672913,0.5579647421836853,0.8672494292259216,0.6129708589624311,True
linear_activation,0.5,0,0,1.0,1.643841718255735,0.4926975081946108,linear_activation,0.47843652963638306,0.5579647421836853,0.8672494292259216,0.5516711957520916,True
linear_activation,0.5,0,0,1.0,1.4869510248216484,0.4936747589308723,linear_activation,0.48816534876823425,0.5579647421836853,0.8672494292259216,0.5628892130882746,True
linear_activation,0.5,0,0,1.0,0.6664844128899691,0.4937648902599165,linear_activation,0.5061608552932739,0.5579647421836853,0.8672494292259216,0.5836393063354985,True
linear_activation,0.5,0,0,1.0,0.900492287060531,0.495262162926707,linear_activation,0.5535662770271301,0.5579647421836853,0.8672494292259216,0.63830111427254,True
linear_activation,0.5,0,0,1.0,1.3450342120312204,0.4952848459824902,linear_activation,1.3219696283340454,0.5579647421836853,0.8672494292259216,1.0,True
linear_activation,0.5,0,0,1.0,0.6028741513057392,0.4971364163965671,linear_activation,0.5501583218574524,0.5579647421836853,0.8672494292259216,0.6343715006517856,True
linear_activation,0.5,0,0,1.0,1.2166621504910964,0.5001307624755312,linear_activation,0.4951193630695343,0.5579647421836853,0.8672494292259216,0.5709076839767558,True
linear_activation,0.5,0,0,1.0,0.2987330888578299,0.500343380202925,linear_activation,0.5260371565818787,0.5579647421836853,0.8672494292259216,0.6065580891202225,True
linear_activation,0.5,0,0,1.0,0.9955047366910889,0.5004026428372512,linear_activation,0.4634697735309601,0.5579647421836853,0.8672494292259216,0.5344134661981133,True
linear_activation,0.5,0,0,1.0,0.4462072918927006,0.5007125445167002,linear_activation,0.5385448932647705,0.5579647421836853,0.8672494292259216,0.6209803951620446,True
linear_activation,0.5,0,0,1.0,0.4036206056789731,0.5020620250622896,linear_activation,0.5482686161994934,0.5579647421836853,0.8672494292259216,0.6321925362220878,True
linear_activation,0.5,0,0,1.0,0.2702215594677964,0.5023563723051084,linear_activation,0.5564115047454834,0.5579647421836853,0.8672494292259216,0.6415818632963737,True
linear_activation,0.5,0,0,1.0,0.7368062997280775,0.5026551163183928,linear_activation,0.45853403210639954,0.5579647421836853,0.8672494292259216,0.5287222068461572,True
linear_activation,0.5,0,0,1.0,0.5453349474995434,0.5038066195296121,linear_activation,1.4030224084854126,0.5579647421836853,0.8672494292259216,1.0,True
linear_activation,0.5,0,0,1.0,0.4932873707061831,0.5044698265303159,linear_activation,0.5257692933082581,0.5579647421836853,0.8672494292259216,0.6062492237989047,True
linear_activation,0.5,0,0,1.0,0.3302529174737275,0.5056967486773265,linear_activation,0.5145756602287292,0.5579647421836853,0.8672494292259216,0.5933421722606639,True
linear_activation,0.5,0,0,1.0,0.2444312127604942,0.5057983028137278,linear_activation,0.5402411222457886,0.5579647421836853,0.8672494292259216,0.6229362672835542,True
linear_activation,0.5,0,0,1.0,0.2211023350218148,0.5058571766455121,linear_activation,0.4908391833305359,0.5579647421836853,0.8672494292259216,0.5659723336671929,True
linear_activation,0.5,0,0,1.0,0.8145479666433055,0.5070584712478218,linear_activation,0.5893252491950989,0.5579647421836853,0.8672494292259216,0.6795337411995892,True
linear_activation,0.5,0,0,1.0,0.3650984560060393,0.5100000734179578,linear_activation,0.5569631457328796,0.5579647421836853,0.8672494292259216,0.6422179444153762,True
linear_activation,0.5,0,0,1.0,2.714417616594908,0.5111712831383077,linear_activation,0.5518782734870911,0.5579647421836853,0.8672494292259216,0.6363547266669054,True
linear_activation,0.5,0,0,1.0,3.667470807015676,0.5119552064142612,linear_activation,0.45917925238609314,0.5579647421836853,0.8672494292259216,0.5294661915153308,True
linear_activation,0.5,0,0,1.0,0.2,0.5125758065966163,linear_activation,0.5034317970275879,0.5579647421836853,0.8672494292259216,0.580492508916304,True
linear_activation,0.75,1,8,1.0,10.000000000000002,0.2520993320793151,linear_activation,0.5531818866729736,0.8886241316795349,0.9602184891700745,0.5761000156861109,True
linear_activation,0.75,1,8,1.0,9.045585157672232,0.2557454338331723,linear_activation,0.5457763671875,0.8886241316795349,0.9602184891700745,0.5683876881596182,True
linear_activation,0.75,1,2,1.0,9.045585157672232,0.256939329291701,linear_activation,0.7771475315093994,0.6602645516395569,0.9602184891700745,0.8093444776106061,True
linear_activation,0.75,1,8,1.0,5.477974412378556,0.2600289884780075,linear_activation,0.560427725315094,0.8886241316795349,0.9602184891700745,0.5836460468486466,True
linear_activation,0.75,1,2,1.0,7.4013339421880975,0.2625604460089709,linear_activation,0.5781459212303162,0.6602645516395569,0.9602184891700745,0.602098301325163,True
linear_activation,0.75,1,8,1.0,7.4013339421880975,0.2629982781908999,linear_activation,0.5166095495223999,0.8886241316795349,0.9602184891700745,0.5380124996019502,True
linear_activation,0.75,1,8,1.0,8.182261084470007,0.2629990740233607,linear_activation,0.6019756197929382,0.8886241316795349,0.9602184891700745,0.6269152558322755,True
linear_activation,0.75,1,4,1.0,8.182261084470007,0.2633947831980894,linear_activation,0.5088055729866028,0.9602184891700745,0.9602184891700745,0.5298852070911153,True
linear_activation,0.75,1,4,1.0,10.000000000000002,0.2635099436670781,linear_activation,0.7508923411369324,0.9602184891700745,0.9602184891700745,0.7820015440297712,True
linear_activation,0.75,1,2,1.0,6.055964668833263,0.2640635963008357,linear_activation,0.6225354075431824,0.6602645516395569,0.9602184891700745,0.6483268282838892,True
linear_activation,0.75,1,4,1.0,9.045585157672232,0.2651313114525391,linear_activation,0.48954564332962036,0.9602184891700745,0.9602184891700745,0.5098273453917129,True
linear_activation,0.75,1,8,1.0,6.69493964544323,0.2651326774685512,linear_activation,0.7926219701766968,0.8886241316795349,0.9602184891700745,0.8254600167736482,True
linear_activation,0.75,1,2,1.0,10.000000000000002,0.2652415746448317,linear_activation,0.48117053508758545,0.6602645516395569,0.9602184891700745,0.5011052593909804,True
linear_activation,0.75,1,4,1.0,4.955148403871969,0.2681184792344078,linear_activation,0.618477463722229,0.9602184891700745,0.9602184891700745,0.6441007652922667,True
linear_activation,0.75,1,2,1.0,8.182261084470007,0.2686595657031141,linear_activation,0.770266592502594,0.6602645516395569,0.9602184891700745,0.8021784637456235,True
linear_activation,0.75,1,4,1.0,6.69493964544323,0.2686856287247979,linear_activation,0.5948423147201538,0.9602184891700745,0.9602184891700745,0.6194864204648688,True
linear_activation,0.75,1,8,1.0,6.055964668833263,0.2688979928715468,linear_activation,0.6335026621818542,0.8886241316795349,0.9602184891700745,0.6597484523854528,True
linear_activation,0.75,1,2,1.0,6.69493964544323,0.2690063780802136,linear_activation,0.583404004573822,0.6602645516395569,0.9602184891700745,0.6075742251933343,True
linear_activation,0.75,1,4,1.0,5.477974412378556,0.2696014980717181,linear_activation,0.7368596792221069,0.9602184891700745,0.9602184891700745,0.7673875139177766,True
linear_activation,0.75,1,8,1.0,4.054431795277528,0.2699031716295332,linear_activation,0.4225482642650604,0.8886241316795349,0.9602184891700745,0.44005428871742797,True
linear_activation,0.75,1,4,1.0,4.054431795277528,0.2702094882302078,linear_activation,0.4113083779811859,0.9602184891700745,0.9602184891700745,0.4283487379384701,True
linear_activation,0.75,1,8,1.0,4.482221685612751,0.2705391744128243,linear_activation,0.9896911382675171,0.8886241316795349,0.9602184891700745,1.0,True
linear_activation,0.75,1,4,1.0,7.4013339421880975,0.2706776415646832,linear_activation,0.689756453037262,0.9602184891700745,0.9602184891700745,0.7183328178083976,True
linear_activation,0.75,1,2,1.0,4.955148403871969,0.2710028599767161,linear_activation,0.6335676312446594,0.6602645516395569,0.9602184891700745,0.6598161130934457,True
linear_activation,0.75,1,4,1.0,6.055964668833263,0.271161995543458,linear_activation,0.6585112810134888,0.9602184891700745,0.9602184891700745,0.6857931694094394,True
linear_activation,0.75,1,8,1.0,4.955148403871969,0.2714877976528936,linear_activation,0.6169464588165283,0.8886241316795349,0.9602184891700745,0.642506331397306,True
linear_activation,0.75,1,2,1.0,4.482221685612751,0.2715828839206117,linear_activation,0.8478963375091553,0.6602645516395569,0.9602184891700745,0.8830243815050882,True
linear_activation,0.75,1,2,1.0,5.477974412378556,0.2726868385922741,linear_activation,0.5161476731300354,0.6602645516395569,0.9602184891700745,0.5375314878347599,True
linear_activation,0.75,1,4,1.0,3.667470807015676,0.2736815239196173,linear_activation,0.5237777233123779,0.9602184891700745,0.9602184891700745,0.5454776482851146,True
linear_activation,0.75,2,8,1.0,4.054431795277528,0.2738798241526708,linear_activation,8.526512903236585e-17,0.688944935798645,0.9602184891700745,8.879763303252083e-17,True
linear_activation,0.75,2,8,1.0,9.045585157672232,0.2738798300510472,linear_activation,1.4210854715202004e-14,0.688944935798645,0.9602184891700745,1.4799605376776878e-14,True
linear_activation,0.75,2,4,1.0,6.69493964544323,0.2739714968724376,linear_activation,0.0,0.8063222765922546,0.9602184891700745,0.0,True
linear_activation,0.75,2,2,1.0,3.000820366267417,0.2740127122736114,linear_activation,1.339657280507306e-13,0.892842173576355,0.9602184891700745,1.395158805643478e-13,True
linear_activation,0.75,2,2,1.0,3.667470807015676,0.2742874181426238,linear_activation,8.562039847324595e-16,0.892842173576355,0.9602184891700745,8.916762116010538e-16,True
linear_activation,0.75,2,4,1.0,2.221007363126434,0.2742874217126936,linear_activation,3.44186891444373e-14,0.8063222765922546,0.9602184891700745,3.5844643206345344e-14,True
linear_activation,0.75,1,4,1.0,3.317441949813717,0.2742981989937192,linear_activation,0.6894548535346985,0.9602184891700745,0.9602184891700745,0.7180187231456047,True
linear_activation,0.75,1,4,1.0,4.482221685612751,0.2743532089541361,linear_activation,0.7743836641311646,0.9602184891700745,0.9602184891700745,0.8064661041889241,True
linear_activation,0.75,2,8,1.0,8.182261084470007,0.2743570781985117,linear_activation,0.0,0.688944935798645,0.9602184891700745,0.0,True
linear_activation,0.75,2,8,1.0,6.69493964544323,0.2744714376239521,linear_activation,0.0,0.688944935798645,0.9602184891700745,0.0,True
linear_activation,0.75,2,4,1.0,5.477974412378556,0.2744714420943004,linear_activation,0.0,0.8063222765922546,0.9602184891700745,0.0,True
linear_activation,0.75,2,2,1.0,1.3450342120312204,0.274483145843058,linear_activation,0.4716293215751648,0.892842173576355,0.9602184891700745,0.4911687567928402,True
linear_activation,0.75,2,2,1.0,0.7368062997280775,0.2745237057148608,linear_activation,0.863032341003418,0.892842173576355,0.9602184891700745,0.8987874642461265,True
linear_activation,0.75,2,2,1.0,2.0090311238977194,0.2745419508585291,linear_activation,1.11084427771857e-05,0.892842173576355,0.9602184891700745,1.156866161449029e-05,True
linear_activation,0.75,1,8,1.0,3.317441949813717,0.2745573684870593,linear_activation,0.8298456072807312,0.8886241316795349,0.9602184891700745,0.8642258159369273,True
linear_activation,0.75,2,2,1.0,2.221007363126434,0.2746228940378789,linear_activation,7.331132589882827e-09,0.892842173576355,0.9602184891700745,7.6348588082481e-09,True
linear_activation,0.75,2,2,1.0,2.714417616594908,0.2746228949071133,linear_activation,3.073679982409927e-12,0.892842173576355,0.9602184891700745,3.201021451968225e-12,True
linear_activation,0.75,2,8,1.0,7.4013339421880975,0.2746228977631691,linear_activation,0.0,0.688944935798645,0.9602184891700745,0.0,True
linear_activation,0.75,2,2,1.0,0.9955047366910889,0.2746700704215922,linear_activation,0.8731940984725952,0.892842173576355,0.9602184891700745,0.9093702197166655,True
linear_activation,0.75,2,2,1.0,3.317441949813717,0.2746700799210824,linear_activation,6.586731062240307e-15,0.892842173576355,0.9602184891700745,6.859616989809557e-15,True
linear_activation,0.75,2,8,1.0,2.455349570439492,0.2746728773133122,linear_activation,1.1951484940597723e-11,0.688944935798645,0.9602184891700745,1.2446630715190144e-11,True
linear_activation,0.75,2,8,1.0,3.317441949813717,0.2746728932389282,linear_activation,2.8812507562377566e-15,0.688944935798645,0.9602184891700745,3.0006199513280022e-15,True
linear_activation,0.75,2,4,1.0,2.0090311238977194,0.2747105749258696,linear_activation,1.9083756656098488e-13,0.8063222765922546,0.9602184891700745,1.9874389913688032e-13,True
linear_activation,0.75,2,4,1.0,3.667470807015676,0.2747658227425594,linear_activation,0.0,0.8063222765922546,0.9602184891700745,0.0,True
linear_activation,0.75,2,4,1.0,3.317441949813717,0.2747719382555597,linear_activation,3.4887648088651694e-15,0.8063222765922546,0.9602184891700745,3.633303095299217e-15,True
linear_activation,0.75,2,2,1.0,6.055964668833263,0.2747719403976016,linear_activation,1.4210854715202004e-14,0.892842173576355,0.9602184891700745,1.4799605376776878e-14,True
linear_activation,0.75,2,2,1.0,1.817286211563076,0.2747886958466767,linear_activation,0.4115135073661804,0.892842173576355,0.9602184891700745,0.42856236576100015,True
linear_activation,0.75,2,2,1.0,9.045585157672232,0.2747930105583328,linear_activation,0.0,0.892842173576355,0.9602184891700745,0.0,True
linear_activation,0.75,2,2,1.0,2.455349570439492,0.2748178401586214,linear_activation,1.121886333832478e-10,0.892842173576355,0.9602184891700745,1.16836568602437e-10,True
linear_activation,0.75,2,8,1.0,4.482221685612751,0.2748223854169734,linear_activation,3.552713678800501e-15,0.688944935798645,0.9602184891700745,3.699901344194219e-15,True
linear_activation,0.75,2,4,1.0,4.482221685612751,0.2749309391017652,linear_activation,3.552713678800501e-15,0.8063222765922546,0.9602184891700745,3.699901344194219e-15,True
linear_activation,0.75,2,2,1.0,4.482221685612751,0.2749309391017652,linear_activation,3.552713678800501e-15,0.892842173576355,0.9602184891700745,3.699901344194219e-15,True
linear_activation,0.75,2,4,1.0,10.000000000000002,0.2749780317332473,linear_activation,3.552713678800501e-15,0.8063222765922546,0.9602184891700745,3.699901344194219e-15,True
linear_activation,0.75,2,8,1.0,3.000820366267417,0.2749881275299787,linear_activation,3.8596682544900923e-14,0.688944935798645,0.9602184891700745,4.01957293889023e-14,True
linear_activation,0.75,2,2,1.0,10.000000000000002,0.2749881412514646,linear_activation,0.0,0.892842173576355,0.9602184891700745,0.0,True
linear_activation,0.75,2,2,1.0,4.054431795277528,0.2751010120661294,linear_activation,3.1583624553714476e-15,0.892842173576355,0.9602184891700745,3.2892122896959095e-15,True
linear_activation,0.75,2,4,1.0,4.054431795277528,0.2751876682288248,linear_activation,3.552713678800501e-15,0.8063222765922546,0.9602184891700745,3.699901344194219e-15,True
linear_activation,0.75,2,2,1.0,0.900492287060531,0.2752031366126051,linear_activation,0.8608824610710144,0.892842173576355,0.9602184891700745,0.896548515552,True
linear_activation,0.75,2,8,1.0,2.714417616594908,0.2752031472296825,linear_activation,6.216254182407621e-13,0.688944935798645,0.9602184891700745,6.473791384479991e-13,True
linear_activation,0.75,2,8,1.0,2.221007363126434,0.2752621360642199,linear_activation,3.2154082174606913e-10,0.688944935798645,0.9602184891700745,3.348621437439512e-10,True
linear_activation,0.75,2,2,1.0,5.477974412378556,0.275262136467793,linear_activation,0.0,0.892842173576355,0.9602184891700745,0.0,True
linear_activation,0.75,2,4,1.0,1.817286211563076,0.2752645258736367,linear_activation,8.831477758299011e-13,0.8063222765922546,0.9602184891700745,9.197362743902315e-13,True
linear_activation,0.75,2,8,1.0,10.000000000000002,0.2752728956876929,linear_activation,3.552713678800501e-15,0.688944935798645,0.9602184891700745,3.699901344194219e-15,True
linear_activation,0.75,2,8,1.0,4.955148403871969,0.2752756843551978,linear_activation,0.0,0.688944935798645,0.9602184891700745,0.0,True
linear_activation,0.75,2,8,1.0,6.055964668833263,0.2752874605923151,linear_activation,3.552713678800501e-15,0.688944935798645,0.9602184891700745,3.699901344194219e-15,True
linear_activation,0.75,2,8,1.0,5.477974412378556,0.2752983686729461,linear_activation,0.0,0.688944935798645,0.9602184891700745,0.0,True
linear_activation,0.75,2,2,1.0,1.2166621504910964,0.2753288196722012,linear_activation,0.49316585063934326,0.892842173576355,0.9602184891700745,0.5135975366039774,True
linear_activation,0.75,2,2,1.0,1.1005421090383831,0.275448762531319,linear_activation,0.8318288326263428,0.892842173576355,0.9602184891700745,0.8662912056039453,True
linear_activation,0.75,2,2,1.0,0.3650984560060393,0.2754487648906695,linear_activation,0.5129066705703735,0.892842173576355,0.9602184891700745,0.5341562116906158,True
linear_activation,0.75,2,2,1.0,8.182261084470007,0.2754886052063107,linear_activation,0.0,0.892842173576355,0.9602184891700745,0.0,True
linear_activation,0.75,2,2,1.0,6.69493964544323,0.275497338421211,linear_activation,0.0,0.892842173576355,0.9602184891700745,0.0,True
linear_activation,0.75,2,2,1.0,4.955148403871969,0.2754978057435229,linear_activation,3.552713678800501e-15,0.892842173576355,0.9602184891700745,3.699901344194219e-15,True
linear_activation,0.75,2,4,1.0,3.000820366267417,0.2754978073267713,linear_activation,1.3500311545337518e-16,0.8063222765922546,0.9602184891700745,1.4059624655848859e-16,True
linear_activation,0.75,2,4,1.0,8.182261084470007,0.2755004542850608,linear_activation,3.552713678800501e-15,0.8063222765922546,0.9602184891700745,3.699901344194219e-15,True
linear_activation,0.75,2,4,1.0,0.9955047366910889,0.2755260559842983,linear_activation,8.99185259584101e-09,0.8063222765922546,0.9602184891700745,9.364381853980701e-09,True
linear_activation,0.75,2,4,1.0,6.055964668833263,0.2755261093180377,linear_activation,3.552713678800501e-15,0.8063222765922546,0.9602184891700745,3.699901344194219e-15,True
linear_activation,0.75,2,8,1.0,2.0090311238977194,0.2755275214061791,linear_activation,2.2783376962820512e-08,0.688944935798645,0.9602184891700745,2.3727284175200992e-08,True
linear_activation,0.75,2,2,1.0,1.643841718255735,0.2755326501434562,linear_activation,0.8046535849571228,0.892842173576355,0.9602184891700745,0.8379900970794597,True
linear_activation,0.75,2,4,1.0,2.455349570439492,0.2755729107919831,linear_activation,5.7447379610221696e-15,0.8063222765922546,0.9602184891700745,5.982740413577538e-15,True
linear_activation,0.75,2,2,1.0,1.4869510248216484,0.2755785058282829,linear_activation,0.7521520853042603,0.892842173576355,0.9602184891700745,0.7833134789503503,True
linear_activation,0.75,2,4,1.0,4.955148403871969,0.2756149257578703,linear_activation,0.0,0.8063222765922546,0.9602184891700745,0.0,True
linear_activation,0.75,2,8,1.0,3.667470807015676,0.2756149307870122,linear_activation,1.9397816821776007e-15,0.688944935798645,0.9602184891700745,2.020146148044047e-15,True
linear_activation,0.75,1,2,1.0,4.054431795277528,0.2756197430523785,linear_activation,0.6714601516723633,0.6602645516395569,0.9602184891700745,0.6992785071788321,True
linear_activation,0.75,2,2,1.0,7.4013339421880975,0.2756649363520992,linear_activation,0.0,0.892842173576355,0.9602184891700745,0.0,True
linear_activation,0.75,2,4,1.0,2.714417616594908,0.2756649365383637,linear_activation,1.2292388828900294e-15,0.8063222765922546,0.9602184891700745,1.2801658130458119e-15,True
linear_activation,0.75,2,2,1.0,0.5453349474995434,0.2757930513206375,linear_activation,0.7777731418609619,0.892842173576355,0.9602184891700745,0.8099960067767475,True
linear_activation,0.75,2,4,1.0,7.4013339421880975,0.2757930521277837,linear_activation,1.4210854715202004e-14,0.8063222765922546,0.9602184891700745,1.4799605376776878e-14,True
linear_activation,0.75,2,4,1.0,9.045585157672232,0.2757930521277837,linear_activation,3.552713678800501e-15,0.8063222765922546,0.9602184891700745,3.699901344194219e-15,True
linear_activation,0.75,1,4,1.0,3.000820366267417,0.2764168926166027,linear_activation,0.4446961581707001,0.9602184891700745,0.9602184891700745,0.46311976199818333,True
linear_activation,0.75,2,8,1.0,1.3450342120312204,0.2768850807483256,linear_activation,0.8148178458213806,0.688944935798645,0.9602184891700745,0.8485754596598479,True
linear_activation,0.75,1,2,1.0,3.667470807015676,0.2771579369965496,linear_activation,0.7103310227394104,0.6602645516395569,0.9602184891700745,0.7397597846229309,True
linear_activation,0.75,1,4,1.0,2.455349570439492,0.277319656667205,linear_activation,0.6703571081161499,0.9602184891700745,0.9602184891700745,0.6981297649200086,True
linear_activation,0.75,1,2,1.0,2.0090311238977194,0.2778841159817107,linear_activation,0.4529341459274292,0.6602645516395569,0.9602184891700745,0.4716990466606244,True
linear_activation,0.75,1,8,1.0,2.455349570439492,0.2780088654790061,linear_activation,0.8551379442214966,0.8886241316795349,0.9602184891700745,0.8905660054104978,True
linear_activation,0.75,1,8,1.0,3.667470807015676,0.2781078991561901,linear_activation,0.80867600440979,0.8886241316795349,0.9602184891700745,0.8421791639408402,True
linear_activation,0.75,1,8,1.0,3.000820366267417,0.2784934884057197,linear_activation,0.8676751852035522,0.8886241316795349,0.9602184891700745,0.9036226598318178,True
linear_activation,0.75,1,4,1.0,1.643841718255735,0.278562125163541,linear_activation,0.7575963139533997,0.9602184891700745,0.9602184891700745,0.7889832600580281,True
linear_activation,0.75,1,4,1.0,1.2166621504910964,0.2785680073786329,linear_activation,0.7220064401626587,0.9602184891700745,0.9602184891700745,0.7519189104416177,True
linear_activation,0.75,2,8,1.0,1.643841718255735,0.2790482454638428,linear_activation,0.35219451785087585,0.688944935798645,0.9602184891700745,0.3667858115867783,True
linear_activation,0.75,1,2,1.0,3.000820366267417,0.2791401983725572,linear_activation,0.739359438419342,0.6602645516395569,0.9602184891700745,0.7699908372503607,True
linear_activation,0.75,1,2,1.0,1.4869510248216484,0.2798811230892766,linear_activation,0.6099683046340942,0.6602645516395569,0.9602184891700745,0.63523907476651,True
linear_activation,0.75,1,8,1.0,2.714417616594908,0.2799144621722119,linear_activation,0.8768813610076904,0.8886241316795349,0.9602184891700745,0.913210244228464,True
linear_activation,0.75,1,2,1.0,3.317441949813717,0.2807198281449849,linear_activation,0.7425019145011902,0.6602645516395569,0.9602184891700745,0.7732635049997229,True
linear_activation,0.75,1,8,1.0,2.221007363126434,0.2808276538119751,linear_activation,0.7555482387542725,0.8886241316795349,0.9602184891700745,0.7868503338311051,True
linear_activation,0.75,1,4,1.0,2.221007363126434,0.2810466149397565,linear_activation,0.7154577374458313,0.9602184891700745,0.9602184891700745,0.7450988972980597,True
linear_activation,0.75,2,8,1.0,1.1005421090383831,0.2812004058194846,linear_activation,0.7100670337677002,0.688944935798645,0.9602184891700745,0.739484858681921,True
linear_activation,0.75,1,2,1.0,0.9955047366910889,0.2817500311655153,linear_activation,0.878211259841919,0.6602645516395569,0.9602184891700745,0.9145952402988666,True
linear_activation,0.75,1,4,1.0,1.4869510248216484,0.2819081205385659,linear_activation,0.8604284524917603,0.9602184891700745,0.9602184891700745,0.8960756975586216,True
linear_activation,0.75,1,2,1.0,1.817286211563076,0.2825621959997363,linear_activation,0.4636814296245575,0.6602645516395569,0.9602184891700745,0.48289158650269437,True
linear_activation,0.75,1,2,1.0,2.455349570439492,0.2827868512410865,linear_activation,0.5675333738327026,0.6602645516395569,0.9602184891700745,0.5910460798596233,True
linear_activation,0.75,1,8,1.0,1.643841718255735,0.2829718393631857,linear_activation,0.7586451172828674,0.8886241316795349,0.9602184891700745,0.7900755149367841,True
linear_activation,0.75,1,4,1.0,2.0090311238977194,0.282981602897932,linear_activation,0.5121845006942749,0.9602184891700745,0.9602184891700745,0.5334041225731454,True
linear_activation,0.75,1,2,1.0,2.714417616594908,0.2832506151133037,linear_activation,0.6886699199676514,0.6602645516395569,0.9602184891700745,0.7172012700597705,True
linear_activation,0.75,1,2,1.0,2.221007363126434,0.2835824311617628,linear_activation,0.8065129518508911,0.6602645516395569,0.9602184891700745,0.8399264968829829,True
linear_activation,0.75,2,8,1.0,0.9955047366910889,0.2844249604834765,linear_activation,0.46702489256858826,0.688944935798645,0.9602184891700745,0.48637356792852643,True
linear_activation,0.75,2,8,1.0,1.4869510248216484,0.2845515918415726,linear_activation,0.8138534426689148,0.688944935798645,0.9602184891700745,0.8475711016274387,True
linear_activation,0.75,1,4,1.0,1.1005421090383831,0.2848158135927507,linear_activation,0.8722283244132996,0.9602184891700745,0.9602184891700745,0.9083644339812436,True
linear_activation,0.75,2,4,1.0,1.3450342120312204,0.2848804315228911,linear_activation,1.0004003875296874e-10,0.8063222765922546,0.9602184891700745,1.0418466201315729e-10,True
linear_activation,0.75,1,8,1.0,1.4869510248216484,0.2851743444930749,linear_activation,0.7505258321762085,0.8886241316795349,0.9602184891700745,0.7816198507330293,True
linear_activation,0.75,2,4,1.0,1.2166621504910964,0.2853037117004793,linear_activation,3.6273459236291217e-10,0.8063222765922546,0.9602184891700745,3.777625576408417e-10,True
linear_activation,0.75,1,8,1.0,1.817286211563076,0.2853862441297282,linear_activation,0.8790009617805481,0.8886241316795349,0.9602184891700745,0.9154176593082233,True
linear_activation,0.75,1,4,1.0,1.3450342120312204,0.2854779523010503,linear_activation,0.7942231297492981,0.9602184891700745,0.9602184891700745,0.8271275118184325,True
linear_activation,0.75,1,2,1.0,1.643841718255735,0.2867161629176818,linear_activation,0.6007750630378723,0.6602645516395569,0.9602184891700745,0.6256649604374184,True
linear_activation,0.75,2,8,1.0,0.7368062997280775,0.2870955774936219,linear_activation,0.7873703837394714,0.688944935798645,0.9602184891700745,0.8199908589762761,True
linear_activation,0.75,2,4,1.0,1.4869510248216484,0.2875650912502014,linear_activation,1.874603250406892e-11,0.8063222765922546,0.9602184891700745,1.9522673970037056e-11,True
linear_activation,0.75,1,8,1.0,1.1005421090383831,0.2876410433051644,linear_activation,0.6357793211936951,0.8886241316795349,0.9602184891700745,0.6621194325712316,True
linear_activation,0.75,2,4,1.0,0.900492287060531,0.2876808061094052,linear_activation,4.886109294943708e-08,0.8063222765922546,0.9602184891700745,5.088539066943833e-08,True
linear_activation,0.75,2,4,1.0,0.7368062997280775,0.2878264893094764,linear_activation,1.6848867971930304e-06,0.8063222765922546,0.9602184891700745,1.7546910585415756e-06,True
linear_activation,0.75,1,2,1.0,1.1005421090383831,0.2879187013357633,linear_activation,0.9001744389533997,0.6602645516395569,0.9602184891700745,0.9374683461171723,True
linear_activation,0.75,1,8,1.0,0.900492287060531,0.2880039681626522,linear_activation,0.6649075746536255,0.8886241316795349,0.9602184891700745,0.6924544592224121,True
linear_activation,0.75,1,4,1.0,0.900492287060531,0.2881170073240435,linear_activation,0.8702393770217896,0.9602184891700745,0.9602184891700745,0.9062930852059986,True
linear_activation,0.75,2,4,1.0,1.1005421090383831,0.2882787321474857,linear_activation,2.0049091276064246e-09,0.8063222765922546,0.9602184891700745,2.0879718003964763e-09,True
linear_activation,0.75,2,8,1.0,0.5453349474995434,0.2884583110178532,linear_activation,0.6727644205093384,0.688944935798645,0.9602184891700745,0.7006368114103018,True
linear_activation,0.75,1,2,1.0,1.3450342120312204,0.2884955345997413,linear_activation,0.8230412602424622,0.6602645516395569,0.9602184891700745,0.8571395672185236,True
linear_activation,0.75,1,8,1.0,0.9955047366910889,0.288592509142533,linear_activation,0.5393819808959961,0.8886241316795349,0.9602184891700745,0.5617283847160544,True
linear_activation,0.75,2,8,1.0,1.817286211563076,0.2887535809509625,linear_activation,1.9499095287756063e-05,0.688944935798645,0.9602184891700745,2.030693587728071e-05,True
linear_activation,0.75,1,4,1.0,0.8145479666433055,0.2890372714183404,linear_activation,0.8600066304206848,0.9602184891700745,0.9602184891700745,0.8956363995490196,True
linear_activation,0.75,2,8,1.0,0.900492287060531,0.2893598433621114,linear_activation,0.8889775276184082,0.688944935798645,0.9602184891700745,0.9258075507239603,True
linear_activation,0.75,1,4,1.0,1.817286211563076,0.2894183849020003,linear_activation,0.9096634387969971,0.9602184891700745,0.9602184891700745,0.947350471852742,True
linear_activation,0.75,2,8,1.0,1.2166621504910964,0.2895656269258316,linear_activation,0.869990348815918,0.688944935798645,0.9602184891700745,0.9060337398500403,True
linear_activation,0.75,1,2,1.0,1.2166621504910964,0.2898202012066043,linear_activation,0.6003715991973877,0.6602645516395569,0.9602184891700745,0.6252447812333778,True
linear_activation,0.75,1,2,1.0,0.7368062997280775,0.2898744510781844,linear_activation,0.9378032088279724,0.6602645516395569,0.9602184891700745,0.976656062557725,True
linear_activation,0.75,1,8,1.0,2.0090311238977194,0.2899048091506069,linear_activation,0.9094783663749695,0.8886241316795349,0.9602184891700745,0.9471577319460281,True
linear_activation,0.75,1,4,1.0,2.714417616594908,0.2899655892486772,linear_activation,0.4698167145252228,0.9602184891700745,0.9602184891700745,0.48928105407685873,True
linear_activation,0.75,2,8,1.0,0.6028741513057392,0.2902012189133638,linear_activation,0.4686405062675476,0.688944935798645,0.9602184891700745,0.48805611592898807,True
linear_activation,0.75,2,4,1.0,0.6664844128899691,0.290223493823828,linear_activation,1.4463957995758392e-05,0.8063222765922546,0.9602184891700745,1.5063194636316285e-05,True
linear_activation,0.75,2,4,1.0,1.643841718255735,0.290227311683109,linear_activation,3.931166590170898e-12,0.8063222765922546,0.9602184891700745,4.0940334252141316e-12,True
linear_activation,0.75,2,8,1.0,0.8145479666433055,0.290518697409997,linear_activation,0.6617249846458435,0.688944935798645,0.9602184891700745,0.6891400156414176,True
linear_activation,0.75,1,8,1.0,1.2166621504910964,0.2907626073194318,linear_activation,0.9514358639717102,0.8886241316795349,0.9602184891700745,0.9908535137602327,True
linear_activation,0.75,2,8,1.0,0.6664844128899691,0.2916754107097336,linear_activation,0.8559830188751221,0.688944935798645,0.9602184891700745,0.8914460912067586,True
linear_activation,0.75,1,2,1.0,0.900492287060531,0.2920672999302628,linear_activation,0.9012641310691833,0.6602645516395569,0.9602184891700745,0.9386031837901331,True
linear_activation,0.75,2,2,1.0,0.6028741513057392,0.2921802919512651,linear_activation,0.45432665944099426,0.892842173576355,0.9602184891700745,0.4731492515142808,True
linear_activation,0.75,1,4,1.0,0.6664844128899691,0.2926968528440526,linear_activation,0.9081960320472717,0.9602184891700745,0.9602184891700745,0.9458222709627616,True
linear_activation,0.75,1,2,1.0,0.4932873707061831,0.2927785592025555,linear_activation,0.619125247001648,0.6602645516395569,0.9602184891700745,0.6447753860027873,True
linear_activation,0.75,1,8,1.0,0.8145479666433055,0.2929393337266565,linear_activation,0.5457302927970886,0.8886241316795349,0.9602184891700745,0.5683397049235828,True
linear_activation,0.75,2,8,1.0,0.3650984560060393,0.2930268402382701,linear_activation,0.6163026094436646,0.688944935798645,0.9602184891700745,0.6418358075736914,True
linear_activation,0.75,1,8,1.0,1.3450342120312204,0.2932334126478578,linear_activation,0.7441988587379456,0.8886241316795349,0.9602184891700745,0.7750307530332636,True
linear_activation,0.75,1,4,1.0,0.4462072918927006,0.2934362277661305,linear_activation,0.8322251439094543,0.9602184891700745,0.9602184891700745,0.8667039359227025,True
linear_activation,0.75,2,4,1.0,0.4932873707061831,0.2935737337887494,linear_activation,0.013764634728431702,0.8063222765922546,0.9602184891700745,0.014334898654501644,True
linear_activation,0.75,1,8,1.0,0.6028741513057392,0.2940727949372197,linear_activation,0.9051974415779114,0.8886241316795349,0.9602184891700745,0.9426994499556884,True
linear_activation,0.75,2,4,1.0,0.3650984560060393,0.2942281574547188,linear_activation,0.4001750349998474,0.8063222765922546,0.9602184891700745,0.4167541445132163,True
linear_activation,0.75,1,8,1.0,0.5453349474995434,0.2942832287562848,linear_activation,0.9711180925369263,0.8886241316795349,0.9602184891700745,1.0,True
linear_activation,0.75,2,4,1.0,0.6028741513057392,0.2947164097453955,linear_activation,9.591193520464003e-05,0.8063222765922546,0.9602184891700745,9.988553260158277e-05,True
linear_activation,0.75,1,4,1.0,0.9955047366910889,0.2947303429911275,linear_activation,0.7754169702529907,0.9602184891700745,0.9602184891700745,0.8075422198162323,True
linear_activation,0.75,1,2,1.0,0.6028741513057392,0.2948502093070805,linear_activation,0.48623350262641907,0.6602645516395569,0.9602184891700745,0.5063779838760187,True
linear_activation,0.75,1,4,1.0,0.6028741513057392,0.2949044495066228,linear_activation,0.8296948075294495,0.9602184891700745,0.9602184891700745,0.8640687686055308,True
linear_activation,0.75,1,8,1.0,0.6664844128899691,0.2949893942646901,linear_activation,0.7400439381599426,0.8886241316795349,0.9602184891700745,0.7707036955720039,True
linear_activation,0.75,1,4,1.0,0.4036206056789731,0.2951058845613606,linear_activation,0.531620979309082,0.9602184891700745,0.9602184891700745,0.5536458475909654,True
linear_activation,0.75,2,2,1.0,0.6664844128899691,0.2952707535157727,linear_activation,0.8515383005142212,0.892842173576355,0.9602184891700745,0.8868172297434238,True
linear_activation,0.75,1,2,1.0,0.4462072918927006,0.2956460376777365,linear_activation,0.6312198638916016,0.6602645516395569,0.9602184891700745,0.6573710785731387,True
linear_activation,0.75,1,4,1.0,0.7368062997280775,0.2959649676789154,linear_activation,0.872628927230835,0.9602184891700745,0.9602184891700745,0.9087816336311708,True
linear_activation,0.75,2,2,1.0,0.3302529174737275,0.2962754610393704,linear_activation,0.48836541175842285,0.892842173576355,0.9602184891700745,0.5085982172458703,True
linear_activation,0.75,2,8,1.0,0.4932873707061831,0.2962765061917816,linear_activation,0.5825076699256897,0.688944935798645,0.9602184891700745,0.6066407557192076,True
linear_activation,0.75,1,2,1.0,0.5453349474995434,0.2963360444167517,linear_activation,0.48654887080192566,0.6602645516395569,0.9602184891700745,0.5067064176429827,True
linear_activation,0.75,2,8,1.0,0.4462072918927006,0.2963588316260373,linear_activation,0.6608656048774719,0.688944935798645,0.9602184891700745,0.6882450320745896,True
linear_activation,0.75,1,4,1.0,0.5453349474995434,0.2963638727034554,linear_activation,0.675832986831665,0.9602184891700745,0.9602184891700745,0.7038325073450664,True
linear_activation,0.75,1,2,1.0,0.6664844128899691,0.2964398692215619,linear_activation,0.49354326725006104,0.6602645516395569,0.9602184891700745,0.5139905894507769,True
linear_activation,0.75,2,4,1.0,0.4036206056789731,0.2965958205045276,linear_activation,0.36297285556793213,0.8063222765922546,0.9602184891700745,0.378010692005788,True
linear_activation,0.75,2,2,1.0,0.4462072918927006,0.2970953666722149,linear_activation,0.47620025277137756,0.892842173576355,0.9602184891700745,0.495929060044409,True
linear_activation,0.75,2,4,1.0,0.4462072918927006,0.2972458884901094,linear_activation,0.22358208894729614,0.8063222765922546,0.9602184891700745,0.23284501545116068,True
linear_activation,0.75,1,4,1.0,0.3650984560060393,0.297447491679555,linear_activation,0.8620976805686951,0.9602184891700745,0.9602184891700745,0.8978140811616884,True
linear_activation,0.75,2,4,1.0,0.8145479666433055,0.2977837161664544,linear_activation,2.1585898934972647e-07,0.8063222765922546,0.9602184891700745,2.2480195058136753e-07,True
linear_activation,0.75,1,2,1.0,0.3650984560060393,0.297934194855204,linear_activation,0.5767433047294617,0.6602645516395569,0.9602184891700745,0.6006375749210434,True
linear_activation,0.75,1,8,1.0,0.4932873707061831,0.29797951941839,linear_activation,0.6116189956665039,0.8886241316795349,0.9602184891700745,0.6369581533418834,True
linear_activation,0.75,2,2,1.0,0.8145479666433055,0.2982178723832396,linear_activation,0.8368499875068665,0.892842173576355,0.9602184891700745,0.8715203851470965,True
linear_activation,0.75,1,8,1.0,0.4462072918927006,0.2986643469761542,linear_activation,0.8340069651603699,0.8886241316795349,0.9602184891700745,0.8685595773949423,True
linear_activation,0.75,1,8,1.0,0.7368062997280775,0.2988769548270449,linear_activation,0.9468406438827515,0.8886241316795349,0.9602184891700745,0.9860679153357216,True
linear_activation,0.75,2,4,1.0,0.3302529174737275,0.2989652455666463,linear_activation,0.45901569724082947,0.8063222765922546,0.9602184891700745,0.4780325544840955,True
linear_activation,0.75,2,8,1.0,0.4036206056789731,0.2993053280051678,linear_activation,0.5977305173873901,0.688944935798645,0.9602184891700745,0.622494280342398,True
linear_activation,0.75,2,2,1.0,0.4036206056789731,0.2993444095999572,linear_activation,0.9463909864425659,0.892842173576355,0.9602184891700745,0.9855996287475575,True
linear_activation,0.75,1,2,1.0,0.8145479666433055,0.2993981964483233,linear_activation,0.6966634392738342,0.6602645516395569,0.9602184891700745,0.7255259580306215,True
linear_activation,0.75,1,8,1.0,0.2987330888578299,0.2994014900268155,linear_activation,0.8255788683891296,0.8886241316795349,0.9602184891700745,0.8597823075690668,True
linear_activation,0.75,1,8,1.0,0.3650984560060393,0.2994087692263446,linear_activation,0.8783631324768066,0.8886241316795349,0.9602184891700745,0.9147534049630557,True
linear_activation,0.75,1,8,1.0,0.4036206056789731,0.2996501264462988,linear_activation,0.8727115392684937,0.8886241316795349,0.9602184891700745,0.9088676682561967,True
linear_activation,0.75,1,2,1.0,0.4036206056789731,0.2998059930299249,linear_activation,0.8033060431480408,0.6602645516395569,0.9602184891700745,0.8365867270920241,True
linear_activation,0.75,1,4,1.0,0.2444312127604942,0.300287364139315,linear_activation,0.7759732604026794,0.9602184891700745,0.9602184891700745,0.8081215568691664,True
linear_activation,0.75,1,2,1.0,0.3302529174737275,0.3003992384811797,linear_activation,0.5571123361587524,0.6602645516395569,0.9602184891700745,0.5801933022975528,True
linear_activation,0.75,1,8,1.0,0.3302529174737275,0.3004822933894202,linear_activation,0.9357393980026245,0.8886241316795349,0.9602184891700745,0.974506748783178,True
linear_activation,0.75,2,8,1.0,0.2702215594677964,0.3005679531367459,linear_activation,0.8670397996902466,0.688944935798645,0.9602184891700745,0.9029609505224555,True
linear_activation,0.75,2,8,1.0,0.2987330888578299,0.3006259748254135,linear_activation,0.5170391798019409,0.688944935798645,0.9602184891700745,0.5384599293113201,True
linear_activation,0.75,2,4,1.0,0.2987330888578299,0.3008235402041972,linear_activation,0.45591264963150024,0.8063222765922546,0.9602184891700745,0.47480094871485934,True
linear_activation,0.75,1,4,1.0,0.4932873707061831,0.300904854501899,linear_activation,0.5917423963546753,0.9602184891700745,0.9602184891700745,0.6162580735829443,True
linear_activation,0.75,1,4,1.0,0.2702215594677964,0.3012469373885362,linear_activation,0.876356303691864,0.9602184891700745,0.9602184891700745,0.9126634339746017,True
linear_activation,0.75,1,2,1.0,0.2987330888578299,0.3013012915389844,linear_activation,0.9018890261650085,0.6602645516395569,0.9602184891700745,0.9392539680677461,True
linear_activation,0.75,2,4,1.0,0.5453349474995434,0.301412862429232,linear_activation,0.0010819461895152926,0.8063222765922546,0.9602184891700745,0.0011267708357193043,True
linear_activation,0.75,1,4,1.0,0.2211023350218148,0.3016792235845056,linear_activation,0.7295485734939575,0.9602184891700745,0.9602184891700745,0.7597735116770278,True
linear_activation,0.75,2,2,1.0,0.2702215594677964,0.3017975503976787,linear_activation,0.6735672354698181,0.892842173576355,0.9602184891700745,0.701472886709345,True
linear_activation,0.75,1,4,1.0,0.3302529174737275,0.3018616364631287,linear_activation,0.9750556349754333,0.9602184891700745,0.9602184891700745,1.0,True
linear_activation,0.75,2,2,1.0,0.2,0.3020490340732959,linear_activation,0.49320167303085327,0.892842173576355,0.9602184891700745,0.5136348431044396,True
linear_activation,0.75,2,8,1.0,0.3302529174737275,0.3021207372010571,linear_activation,0.969153642654419,0.688944935798645,0.9602184891700745,1.0,True
linear_activation,0.75,2,8,1.0,0.2211023350218148,0.3023234824468144,linear_activation,0.67295241355896,0.688944935798645,0.9602184891700745,0.7008325929451732,True
linear_activation,0.75,2,4,1.0,0.2702215594677964,0.3023422153258963,linear_activation,0.6225773096084595,0.8063222765922546,0.9602184891700745,0.6483704663368425,True
linear_activation,0.75,2,4,1.0,0.2,0.3025143458290064,linear_activation,0.42864179611206055,0.8063222765922546,0.9602184891700745,0.44640027342374916,True
linear_activation,0.75,1,2,1.0,0.2211023350218148,0.3026615261681741,linear_activation,0.8755050897598267,0.6602645516395569,0.9602184891700745,0.9117769545518059,True
linear_activation,0.75,2,2,1.0,0.4932873707061831,0.3028414372033336,linear_activation,0.858056902885437,0.892842173576355,0.9602184891700745,0.8936058954947466,True
linear_activation,0.75,1,2,1.0,0.2444312127604942,0.3030045903396463,linear_activation,0.9071630835533142,0.6602645516395569,0.9602184891700745,0.9447465277797176,True
linear_activation,0.75,2,2,1.0,0.2211023350218148,0.3030537293315873,linear_activation,0.6613149642944336,0.892842173576355,0.9602184891700745,0.6887130082925336,True
linear_activation,0.75,1,4,1.0,0.2987330888578299,0.3031448352921626,linear_activation,0.9311213493347168,0.9602184891700745,0.9602184891700745,0.9696973759998033,True
linear_activation,0.75,2,2,1.0,0.2444312127604942,0.3032786082818231,linear_activation,0.5477879643440247,0.892842173576355,0.9602184891700745,0.5704826250715946,True
linear_activation,0.75,1,8,1.0,0.2702215594677964,0.3035335835471017,linear_activation,0.8960182070732117,0.8886241316795349,0.9602184891700745,0.9331399230269439,True
linear_activation,0.75,2,8,1.0,0.2444312127604942,0.3036491552774423,linear_activation,0.8146296143531799,0.688944935798645,0.9602184891700745,0.8483794298288004,True
linear_activation,0.75,1,4,1.0,0.2,0.3044864861335868,linear_activation,0.8624813556671143,0.9602184891700745,0.9602184891700745,0.8982136517831111,True
linear_activation,0.75,1,2,1.0,0.2,0.3046155270627027,linear_activation,0.664034903049469,0.6602645516395569,0.9602184891700745,0.6915456331437654,True
linear_activation,0.75,1,2,1.0,0.2702215594677964,0.3049519798766325,linear_activation,0.9280350804328918,0.6602645516395569,0.9602184891700745,0.9664832440739617,True
linear_activation,0.75,2,4,1.0,0.2444312127604942,0.3049948367000581,linear_activation,0.7076528072357178,0.8063222765922546,0.9602184891700745,0.7369706116025203,True
linear_activation,0.75,2,4,1.0,0.2211023350218148,0.3050165095229374,linear_activation,0.6568601131439209,0.8063222765922546,0.9602184891700745,0.6840735942417138,True
linear_activation,0.75,1,8,1.0,0.2444312127604942,0.3053694064454891,linear_activation,0.8905612826347351,0.8886241316795349,0.9602184891700745,0.9274569201478877,True
linear_activation,0.75,2,8,1.0,0.2,0.3056646708422762,linear_activation,0.8050863742828369,0.688944935798645,0.9602184891700745,0.8384408167131633,True
linear_activation,0.75,1,8,1.0,0.2211023350218148,0.306847308612237,linear_activation,0.6039563417434692,0.8886241316795349,0.9602184891700745,0.6289780383894442,True
linear_activation,0.75,2,2,1.0,0.2987330888578299,0.308179684863112,linear_activation,0.5778675079345703,0.892842173576355,0.9602184891700745,0.6018083534654977,True
linear_activation,0.75,1,8,1.0,0.2,0.3103364504284039,linear_activation,0.952570378780365,0.8886241316795349,0.9602184891700745,0.9920350311143042,True
linear_activation,0.75,0,0,1.0,4.955148403871969,0.3187296604059867,linear_activation,0.4331631362438202,0.6317809224128723,0.9602184891700745,0.4511089310706848,True
linear_activation,0.75,0,0,1.0,10.000000000000002,0.31992100758325,linear_activation,1.0658022165298462,0.6317809224128723,0.9602184891700745,1.0,True
linear_activation,0.75,0,0,1.0,7.4013339421880975,0.3229262758514346,linear_activation,0.4383270740509033,0.6317809224128723,0.9602184891700745,0.4564868089863104,True
linear_activation,0.75,0,0,1.0,1.643841718255735,0.3242981995369877,linear_activation,0.5020437836647034,0.6317809224128723,0.9602184891700745,0.5228432792401492,True
linear_activation,0.75,0,0,1.0,6.055964668833263,0.3244662024619157,linear_activation,0.39688897132873535,0.6317809224128723,0.9602184891700745,0.4133319403917853,True
linear_activation,0.75,0,0,1.0,3.000820366267417,0.3248957049011837,linear_activation,0.5475634336471558,0.6317809224128723,0.9602184891700745,0.5702487921477327,True
linear_activation,0.75,0,0,1.0,5.477974412378556,0.3297360162641984,linear_activation,0.47207245230674744,0.6317809224128723,0.9602184891700745,0.491630246273183,True
linear_activation,0.75,0,0,1.0,0.5453349474995434,0.3329808995048974,linear_activation,0.566476583480835,0.6317809224128723,0.9602184891700745,0.5899455070589672,True
linear_activation,0.75,0,0,1.0,4.482221685612751,0.3333818444749978,linear_activation,0.3912445902824402,0.6317809224128723,0.9602184891700745,0.40745371464425395,True
linear_activation,0.75,0,0,1.0,1.4869510248216484,0.3339663892038986,linear_activation,0.5163398385047913,0.6317809224128723,0.9602184891700745,0.5377316145527133,True
linear_activation,0.75,0,0,1.0,0.4932873707061831,0.3349297693298669,linear_activation,0.5081872940063477,0.6317809224128723,0.9602184891700745,0.5292413130323896,True
linear_activation,0.75,0,0,1.0,0.7368062997280775,0.3363277297793427,linear_activation,0.49986621737480164,0.6317809224128723,0.9602184891700745,0.5205754971525705,True
linear_activation,0.75,0,0,1.0,1.3450342120312204,0.3377658351524022,linear_activation,0.4677712023258209,0.6317809224128723,0.9602184891700745,0.4871507970338291,True
linear_activation,0.75,0,0,1.0,0.6664844128899691,0.3388505542004005,linear_activation,0.517940104007721,0.6317809224128723,0.9602184891700745,0.5393981784868371,True
linear_activation,0.75,0,0,1.0,0.9955047366910889,0.3401661781069569,linear_activation,0.4907080829143524,0.6317809224128723,0.9602184891700745,0.5110379444354126,True
linear_activation,0.75,0,0,1.0,1.2166621504910964,0.3411075012979916,linear_activation,0.6328768134117126,0.6317809224128723,0.9602184891700745,0.6590966749231353,True
linear_activation,0.75,0,0,1.0,0.3650984560060393,0.3412177653524192,linear_activation,0.6603853702545166,0.6317809224128723,0.9602184891700745,0.6877449015018381,True
linear_activation,0.75,0,0,1.0,0.2211023350218148,0.341857582258495,linear_activation,0.5337579250335693,0.6317809224128723,0.9602184891700745,0.5558713262175373,True
linear_activation,0.75,0,0,1.0,0.3302529174737275,0.3429294879532598,linear_activation,0.5512795448303223,0.6317809224128723,0.9602184891700745,0.5741188604968419,True
linear_activation,0.75,0,0,1.0,0.4036206056789731,0.3433811341998947,linear_activation,0.5129526853561401,0.6317809224128723,0.9602184891700745,0.5342041328526071,True
linear_activation,0.75,0,0,1.0,0.2,0.3445553642922274,linear_activation,0.5265962481498718,0.6317809224128723,0.9602184891700745,0.5484129436051723,True
linear_activation,0.75,0,0,1.0,2.455349570439492,0.3452811687081177,linear_activation,0.4287793040275574,0.6317809224128723,0.9602184891700745,0.4465434782433269,True
linear_activation,0.75,0,0,1.0,0.4462072918927006,0.3475055471598634,linear_activation,0.5086153745651245,0.6317809224128723,0.9602184891700745,0.5296871288166148,True
linear_activation,0.75,0,0,1.0,3.667470807015676,0.3483389476352997,linear_activation,0.40193742513656616,0.6317809224128723,0.9602184891700745,0.41858954984710234,True
linear_activation,0.75,0,0,1.0,0.8145479666433055,0.3486488153614789,linear_activation,0.49807459115982056,0.6317809224128723,0.9602184891700745,0.5187096445000876,True
linear_activation,0.75,0,0,1.0,0.2702215594677964,0.3506194247697356,linear_activation,0.6279891133308411,0.6317809224128723,0.9602184891700745,0.6540064791645678,True
linear_activation,0.75,0,0,1.0,2.0090311238977194,0.3528066229610344,linear_activation,0.4354862570762634,0.6317809224128723,0.9602184891700745,0.45352829797378524,True
linear_activation,0.75,0,0,1.0,9.045585157672232,0.3572337269815521,linear_activation,0.33691465854644775,0.6317809224128723,0.9602184891700745,0.35087291314047303,True
linear_activation,0.75,0,0,1.0,2.714417616594908,0.3595971229397857,linear_activation,0.4440302848815918,0.6317809224128723,0.9602184891700745,0.46242630181529953,True
linear_activation,0.75,0,0,1.0,8.182261084470007,0.3601512839081432,linear_activation,0.380887508392334,0.6317809224128723,0.9602184891700745,0.39666754253142794,True
linear_activation,0.75,0,0,1.0,4.054431795277528,0.3619235800222375,linear_activation,0.4212122857570648,0.6317809224128723,0.9602184891700745,0.43866296109453423,True
linear_activation,0.75,0,0,1.0,1.817286211563076,0.3648942269492167,linear_activation,0.4396129250526428,0.6317809224128723,0.9602184891700745,0.4578259323381747,True
linear_activation,0.75,0,0,1.0,6.69493964544323,0.3654772537939815,linear_activation,0.39342260360717773,0.6317809224128723,0.9602184891700745,0.40972196228716284,True
linear_activation,0.75,0,0,1.0,0.6028741513057392,0.3664261285758707,linear_activation,0.5072810649871826,0.6317809224128723,0.9602184891700745,0.528297539266954,True
linear_activation,0.75,0,0,1.0,0.900492287060531,0.3675090214406999,linear_activation,0.48124638199806213,0.6317809224128723,0.9602184891700745,0.5011842486120088,True
linear_activation,0.75,0,0,1.0,3.317441949813717,0.3683749255924083,linear_activation,0.41046789288520813,0.6317809224128723,0.9602184891700745,0.4274734318435997,True
linear_activation,0.75,0,0,1.0,2.221007363126434,0.3701236190616705,linear_activation,0.4859917461872101,0.6317809224128723,0.9602184891700745,0.5061262115534322,True
linear_activation,0.75,0,0,1.0,1.1005421090383831,0.3704889338561585,linear_activation,0.6212489008903503,0.6317809224128723,0.9602184891700745,0.6469870221175406,True
linear_activation,0.75,0,0,1.0,0.2987330888578299,0.3733507910219181,linear_activation,0.5525180697441101,0.6317809224128723,0.9602184891700745,0.5754086970577462,True
linear_activation,0.75,0,0,1.0,0.2444312127604942,0.3832135675503412,linear_activation,1.1544853448867798,0.6317809224128723,0.9602184891700745,1.0,True
linear_activation,0.9,1,4,1.0,7.4013339421880975,0.1548177153031029,linear_activation,0.5149086713790894,1.0570366382598877,1.0570366382598877,0.4871247152101947,True
linear_activation,0.9,1,2,1.0,10.000000000000002,0.1552414234076765,linear_activation,0.5360139012336731,0.7645724415779114,1.0570366382598877,0.5070911280010773,True
linear_activation,0.9,1,4,1.0,10.000000000000002,0.1553461795558171,linear_activation,0.5477525591850281,1.0570366382598877,1.0570366382598877,0.5181963797269582,True
linear_activation,0.9,1,4,1.0,9.045585157672232,0.1554957103528931,linear_activation,0.5201194882392883,1.0570366382598877,1.0570366382598877,0.4920543616118342,True
linear_activation,0.9,1,8,1.0,9.045585157672232,0.1555746601588551,linear_activation,0.4843267798423767,0.9077733159065247,1.0570366382598877,0.4581929919096125,True
linear_activation,0.9,1,2,1.0,9.045585157672232,0.1560069394744634,linear_activation,0.471003919839859,0.7645724415779114,1.0570366382598877,0.44558902008849377,True
linear_activation,0.9,1,8,1.0,8.182261084470007,0.1563951564910943,linear_activation,0.6093043088912964,0.9077733159065247,1.0570366382598877,0.5764268586700494,True
linear_activation,0.9,1,8,1.0,10.000000000000002,0.1565021352334326,linear_activation,0.46302881836891174,0.9077733159065247,1.0570366382598877,0.4380442471049612,True
linear_activation,0.9,1,8,1.0,7.4013339421880975,0.1590934796232115,linear_activation,0.6955740451812744,0.9077733159065247,1.0570366382598877,0.6580415663986261,True
linear_activation,0.9,1,4,1.0,8.182261084470007,0.1591099456142908,linear_activation,0.5361267328262329,1.0570366382598877,1.0570366382598877,0.507197871313916,True
linear_activation,0.9,1,2,1.0,7.4013339421880975,0.1591297864065046,linear_activation,0.6616878509521484,0.7645724415779114,1.0570366382598877,0.6259838372692839,True
linear_activation,0.9,1,2,1.0,8.182261084470007,0.159906397871541,linear_activation,0.695123553276062,0.7645724415779114,1.0570366382598877,0.6576153825854009,True
linear_activation,0.9,1,2,1.0,6.69493964544323,0.1605504300199337,linear_activation,0.6525593996047974,0.7645724415779114,1.0570366382598877,0.6173479480134691,True
linear_activation,0.9,1,8,1.0,6.69493964544323,0.1613211079175935,linear_activation,0.801730751991272,0.9077733159065247,1.0570366382598877,0.758470163636991,True
linear_activation,0.9,1,8,1.0,6.055964668833263,0.1616024952034341,linear_activation,0.5070897936820984,0.9077733159065247,1.0570366382598877,0.47972773632225135,True
linear_activation,0.9,1,4,1.0,6.69493964544323,0.1626191439931802,linear_activation,0.5733264088630676,1.0570366382598877,1.0570366382598877,0.5423902900914462,True
linear_activation,0.9,1,8,1.0,5.477974412378556,0.1626564420667967,linear_activation,0.5417685508728027,0.9077733159065247,1.0570366382598877,0.5125352625096058,True
linear_activation,0.9,1,4,1.0,5.477974412378556,0.1651212957173653,linear_activation,0.6746320724487305,1.0570366382598877,1.0570366382598877,0.6382296015389983,True
linear_activation,0.9,1,2,1.0,6.055964668833263,0.165320473723264,linear_activation,0.5624619126319885,0.7645724415779114,1.0570366382598877,0.5321120311949861,True
linear_activation,0.9,1,2,1.0,5.477974412378556,0.1663064431642248,linear_activation,0.8268242478370667,0.7645724415779114,1.0570366382598877,0.7822096395808941,True
linear_activation,0.9,2,2,1.0,3.667470807015676,0.1673693015846387,linear_activation,0.0,0.5784815549850464,1.0570366382598877,0.0,True
linear_activation,0.9,2,8,1.0,2.221007363126434,0.1673693151695306,linear_activation,1.3967564951866684e-11,0.7698096632957458,1.0570366382598877,1.3213889137145082e-11,True
linear_activation,0.9,2,2,1.0,2.221007363126434,0.167369316038765,linear_activation,3.0858756522311737e-11,0.5784815549850464,1.0570366382598877,2.919364892886964e-11,True
linear_activation,0.9,1,2,1.0,4.482221685612751,0.1673726480415282,linear_activation,0.8562732338905334,0.7645724415779114,1.0570366382598877,0.8100695878433746,True
linear_activation,0.9,1,4,1.0,6.055964668833263,0.1673893685799441,linear_activation,0.5387200713157654,1.0570366382598877,1.0570366382598877,0.5096512758560724,True
linear_activation,0.9,2,8,1.0,4.482221685612751,0.1674330550603842,linear_activation,1.4210854715202004e-14,0.7698096632957458,1.0570366382598877,1.344405122853278e-14,True
linear_activation,0.9,2,4,1.0,6.69493964544323,0.1674330742332116,linear_activation,1.4210854715202004e-14,0.4345591366291046,1.0570366382598877,1.344405122853278e-14,True
linear_activation,0.9,2,4,1.0,1.1005421090383831,0.1674504067535345,linear_activation,6.768415827806962e-10,0.4345591366291046,1.0570366382598877,6.403198889065233e-10,True
linear_activation,0.9,2,4,1.0,4.955148403871969,0.1674504635021234,linear_activation,1.4210854715202004e-14,0.4345591366291046,1.0570366382598877,1.344405122853278e-14,True
linear_activation,0.9,2,2,1.0,1.1005421090383831,0.1674505408143147,linear_activation,0.49445053935050964,0.5784815549850464,1.0570366382598877,0.4677704834947659,True
linear_activation,0.9,2,8,1.0,6.69493964544323,0.1674509280078534,linear_activation,0.0,0.7698096632957458,1.0570366382598877,0.0,True
linear_activation,0.9,2,4,1.0,2.0090311238977194,0.1674649166953796,linear_activation,1.803073207233552e-13,0.4345591366291046,1.0570366382598877,1.7057811829510498e-13,True
linear_activation,0.9,2,2,1.0,0.9955047366910889,0.1675163352953703,linear_activation,0.8599445819854736,0.5784815549850464,1.0570366382598877,0.8135428336723782,True
linear_activation,0.9,2,4,1.0,2.714417616594908,0.167516362912189,linear_activation,1.5518253457420805e-14,0.4345591366291046,1.0570366382598877,1.4680904044127767e-14,True
linear_activation,0.9,2,2,1.0,4.955148403871969,0.1675251415664875,linear_activation,0.0,0.5784815549850464,1.0570366382598877,0.0,True
linear_activation,0.9,2,8,1.0,3.317441949813717,0.1675400895096174,linear_activation,1.1084466271281748e-14,0.7698096632957458,1.0570366382598877,1.0486359573618179e-14,True
linear_activation,0.9,2,8,1.0,2.455349570439492,0.167540145587654,linear_activation,1.29256251969051e-12,0.7698096632957458,1.0570366382598877,1.2228171407741828e-12,True
linear_activation,0.9,2,2,1.0,1.3450342120312204,0.1675401518709769,linear_activation,0.1294446885585785,0.5784815549850464,1.0570366382598877,0.12245998281731522,True
linear_activation,0.9,2,4,1.0,0.9955047366910889,0.1675570828496298,linear_activation,2.159643130994482e-09,0.4345591366291046,1.0570366382598877,2.0431109507705658e-09,True
linear_activation,0.9,2,4,1.0,1.643841718255735,0.1675581092756852,linear_activation,3.560899188362332e-12,0.4345591366291046,1.0570366382598877,3.3687566347977746e-12,True
linear_activation,0.9,2,8,1.0,7.4013339421880975,0.167564436209387,linear_activation,0.0,0.7698096632957458,1.0570366382598877,0.0,True
linear_activation,0.9,2,4,1.0,0.8145479666433055,0.1675667299498434,linear_activation,2.9676941792899925e-08,0.4345591366291046,1.0570366382598877,2.8075603738537038e-08,True
linear_activation,0.9,2,8,1.0,2.714417616594908,0.1675667502402578,linear_activation,1.422222393023323e-13,0.7698096632957458,1.0570366382598877,1.3454806972108466e-13,True
linear_activation,0.9,2,2,1.0,1.817286211563076,0.1675667711267188,linear_activation,9.485786378604644e-09,0.5784815549850464,1.0570366382598877,8.973942846692913e-09,True
linear_activation,0.9,2,2,1.0,7.4013339421880975,0.1675772612261087,linear_activation,1.4210854715202004e-14,0.5784815549850464,1.0570366382598877,1.344405122853278e-14,True
linear_activation,0.9,2,8,1.0,2.0090311238977194,0.1675900290128898,linear_activation,1.6041133699129517e-10,0.7698096632957458,1.0570366382598877,1.5175570191717018e-10,True
linear_activation,0.9,2,4,1.0,7.4013339421880975,0.1675900910762261,linear_activation,0.0,0.4345591366291046,1.0570366382598877,0.0,True
linear_activation,0.9,2,2,1.0,1.2166621504910964,0.1675901265906603,linear_activation,0.42855939269065857,0.5784815549850464,1.0570366382598877,0.40543475711131505,True
linear_activation,0.9,2,2,1.0,0.5453349474995434,0.1675931878012284,linear_activation,0.9968003630638123,0.5784815549850464,1.0570366382598877,0.9430140138801267,True
linear_activation,0.9,2,8,1.0,1.3450342120312204,0.1676078217444133,linear_activation,0.00025950768031179905,0.7698096632957458,1.0570366382598877,0.00024550490580818954,True
linear_activation,0.9,2,2,1.0,0.3650984560060393,0.1676216978298933,linear_activation,1.0594679117202759,0.5784815549850464,1.0570366382598877,1.0,True
linear_activation,0.9,2,2,1.0,5.477974412378556,0.1676250798138533,linear_activation,0.0,0.5784815549850464,1.0570366382598877,0.0,True
linear_activation,0.9,2,2,1.0,0.7368062997280775,0.1676393421210161,linear_activation,0.9456608891487122,0.5784815549850464,1.0570366382598877,0.894633974755573,True
linear_activation,0.9,2,2,1.0,4.054431795277528,0.1676393750774176,linear_activation,1.4210854715202004e-14,0.5784815549850464,1.0570366382598877,1.344405122853278e-14,True
linear_activation,0.9,2,8,1.0,3.667470807015676,0.1676397099313449,linear_activation,1.4210854715202004e-14,0.7698096632957458,1.0570366382598877,1.344405122853278e-14,True
linear_activation,0.9,2,4,1.0,1.817286211563076,0.1676397167113732,linear_activation,8.496385561253261e-13,0.4345591366291046,1.0570366382598877,8.037929106450048e-13,True
linear_activation,0.9,2,2,1.0,6.69493964544323,0.1676422906137815,linear_activation,1.4210854715202004e-14,0.5784815549850464,1.0570366382598877,1.344405122853278e-14,True
linear_activation,0.9,2,8,1.0,8.182261084470007,0.1676422935940137,linear_activation,0.0,0.7698096632957458,1.0570366382598877,0.0,True
linear_activation,0.9,2,8,1.0,9.045585157672232,0.1676479409789489,linear_activation,1.4210854715202004e-14,0.7698096632957458,1.0570366382598877,1.344405122853278e-14,True
linear_activation,0.9,2,8,1.0,6.055964668833263,0.1676496603508109,linear_activation,1.4210854715202004e-14,0.7698096632957458,1.0570366382598877,1.344405122853278e-14,True
linear_activation,0.9,2,8,1.0,1.2166621504910964,0.167660139496251,linear_activation,0.34997981786727905,0.7698096632957458,1.0570366382598877,0.33109525743915746,True
linear_activation,0.9,2,2,1.0,0.900492287060531,0.16766024432592,linear_activation,0.59589684009552,0.5784815549850464,1.0570366382598877,0.563742843461411,True
linear_activation,0.9,2,4,1.0,8.182261084470007,0.167660252000018,linear_activation,1.4210854715202004e-14,0.4345591366291046,1.0570366382598877,1.344405122853278e-14,True
linear_activation,0.9,2,4,1.0,6.055964668833263,0.1676636846778759,linear_activation,1.4210854715202004e-14,0.4345591366291046,1.0570366382598877,1.344405122853278e-14,True
linear_activation,0.9,2,8,1.0,4.054431795277528,0.1676636896946002,linear_activation,1.4210854715202004e-14,0.7698096632957458,1.0570366382598877,1.344405122853278e-14,True
linear_activation,0.9,2,4,1.0,10.000000000000002,0.1676636946119834,linear_activation,1.4210854715202004e-14,0.4345591366291046,1.0570366382598877,1.344405122853278e-14,True
linear_activation,0.9,2,2,1.0,4.482221685612751,0.1676636970955102,linear_activation,1.4210854715202004e-14,0.5784815549850464,1.0570366382598877,1.344405122853278e-14,True
linear_activation,0.9,2,2,1.0,10.000000000000002,0.1676656933841418,linear_activation,0.0,0.5784815549850464,1.0570366382598877,0.0,True
linear_activation,0.9,2,2,1.0,2.455349570439492,0.1676745681863058,linear_activation,2.4464269585827703e-12,0.5784815549850464,1.0570366382598877,2.3144202102683227e-12,True
linear_activation,0.9,2,8,1.0,4.955148403871969,0.1676745737245707,linear_activation,1.4210854715202004e-14,0.7698096632957458,1.0570366382598877,1.344405122853278e-14,True
linear_activation,0.9,2,4,1.0,1.4869510248216484,0.1676753651997476,linear_activation,1.4290492400537147e-11,0.4345591366291046,1.0570366382598877,1.3519391744133304e-11,True
linear_activation,0.9,2,4,1.0,4.054431795277528,0.1676825675003285,linear_activation,1.4210854715202004e-14,0.4345591366291046,1.0570366382598877,1.344405122853278e-14,True
linear_activation,0.9,2,2,1.0,6.055964668833263,0.1676825699838554,linear_activation,0.0,0.5784815549850464,1.0570366382598877,0.0,True
linear_activation,0.9,2,8,1.0,5.477974412378556,0.1676845112965604,linear_activation,1.4210854715202004e-14,0.7698096632957458,1.0570366382598877,1.344405122853278e-14,True
linear_activation,0.9,2,8,1.0,3.000820366267417,0.1676845144754748,linear_activation,1.6370903927181296e-14,0.7698096632957458,1.0570366382598877,1.5487546348564952e-14,True
linear_activation,0.9,2,4,1.0,9.045585157672232,0.1676845192438464,linear_activation,1.4210854715202004e-14,0.4345591366291046,1.0570366382598877,1.344405122853278e-14,True
linear_activation,0.9,2,4,1.0,3.000820366267417,0.1676845272408028,linear_activation,1.4210854715202004e-14,0.4345591366291046,1.0570366382598877,1.344405122853278e-14,True
linear_activation,0.9,2,4,1.0,2.221007363126434,0.1677089409497689,linear_activation,4.08704171309289e-14,0.4345591366291046,1.0570366382598877,3.866509035884555e-14,True
linear_activation,0.9,2,4,1.0,2.455349570439492,0.1677089481768321,linear_activation,1.7791989737514675e-14,0.4345591366291046,1.0570366382598877,1.683195179194939e-14,True
linear_activation,0.9,2,2,1.0,1.643841718255735,0.1677182365485907,linear_activation,4.035963172555057e-07,0.5784815549850464,1.0570366382598877,3.818186642233263e-07,True
linear_activation,0.9,2,2,1.0,1.4869510248216484,0.1677182460604986,linear_activation,3.3234253351110965e-05,0.5784815549850464,1.0570366382598877,3.144096632811307e-05,True
linear_activation,0.9,2,2,1.0,3.317441949813717,0.167718306832401,linear_activation,1.1937117799833423e-15,0.5784815549850464,1.0570366382598877,1.1293002879715234e-15,True
linear_activation,0.9,2,4,1.0,4.482221685612751,0.1677216026712339,linear_activation,0.0,0.4345591366291046,1.0570366382598877,0.0,True
linear_activation,0.9,2,4,1.0,3.667470807015676,0.1677281373210064,linear_activation,1.4210854715202004e-14,0.4345591366291046,1.0570366382598877,1.344405122853278e-14,True
linear_activation,0.9,2,2,1.0,3.000820366267417,0.1677495590626082,linear_activation,2.830802236228943e-14,0.5784815549850464,1.0570366382598877,2.678054982927611e-14,True
linear_activation,0.9,2,2,1.0,9.045585157672232,0.1677495763976257,linear_activation,0.0,0.5784815549850464,1.0570366382598877,0.0,True
linear_activation,0.9,2,8,1.0,1.817286211563076,0.1677670977790038,linear_activation,1.234199298316696e-09,0.7698096632957458,1.0570366382598877,1.1676031403683951e-09,True
linear_activation,0.9,2,8,1.0,10.000000000000002,0.1678085607009442,linear_activation,0.0,0.7698096632957458,1.0570366382598877,0.0,True
linear_activation,0.9,2,2,1.0,8.182261084470007,0.1678185382901941,linear_activation,0.0,0.5784815549850464,1.0570366382598877,0.0,True
linear_activation,0.9,2,2,1.0,2.714417616594908,0.1678217923312698,linear_activation,2.0691005061645312e-13,0.5784815549850464,1.0570366382598877,1.9574539152878568e-13,True
linear_activation,0.9,2,2,1.0,2.0090311238977194,0.1678218668370758,linear_activation,4.5626513678342917e-10,0.5784815549850464,1.0570366382598877,4.3164552700324644e-10,True
linear_activation,0.9,2,4,1.0,5.477974412378556,0.1678218822597776,linear_activation,1.4210854715202004e-14,0.4345591366291046,1.0570366382598877,1.344405122853278e-14,True
linear_activation,0.9,2,2,1.0,0.8145479666433055,0.1679220967142143,linear_activation,0.8578646779060364,0.5784815549850464,1.0570366382598877,0.8115751591338104,True
linear_activation,0.9,2,4,1.0,3.317441949813717,0.1679221302418269,linear_activation,1.4210854715202004e-14,0.4345591366291046,1.0570366382598877,1.344405122853278e-14,True
linear_activation,0.9,1,8,1.0,4.955148403871969,0.1679748754950001,linear_activation,0.7063024640083313,0.9077733159065247,1.0570366382598877,0.6681910904914884,True
linear_activation,0.9,0,0,1.0,9.045585157672232,0.1687318883787968,linear_activation,0.5031615495681763,0.6545467376708984,1.0570366382598877,0.4760114563261399,True
linear_activation,0.9,0,0,1.0,7.4013339421880975,0.1688775271056052,linear_activation,0.4515382647514343,0.6545467376708984,1.0570366382598877,0.4271737122516061,True
linear_activation,0.9,1,4,1.0,4.955148403871969,0.1691179190490458,linear_activation,0.5945279002189636,1.0570366382598877,1.0570366382598877,0.5624477702094469,True
linear_activation,0.9,1,8,1.0,4.054431795277528,0.169757982335276,linear_activation,0.7355507016181946,0.9077733159065247,1.0570366382598877,0.6958611224953102,True
linear_activation,0.9,1,2,1.0,4.955148403871969,0.1698629909138621,linear_activation,0.7657599449157715,0.7645724415779114,1.0570366382598877,0.7244403052824914,True
linear_activation,0.9,0,0,1.0,8.182261084470007,0.17031268836286,linear_activation,1.016519546508789,0.6545467376708984,1.0570366382598877,0.961669169937384,True
linear_activation,0.9,1,4,1.0,4.054431795277528,0.1705747341290288,linear_activation,0.6841151118278503,1.0570366382598877,1.0570366382598877,0.6472009456115473,True
linear_activation,0.9,0,0,1.0,10.000000000000002,0.1708189316052217,linear_activation,0.8881356120109558,0.6545467376708984,1.0570366382598877,0.8402127039541603,True
linear_activation,0.9,1,2,1.0,3.667470807015676,0.1711273978815241,linear_activation,0.5261086225509644,0.7645724415779114,1.0570366382598877,0.49772032823484114,True
linear_activation,0.9,1,4,1.0,3.317441949813717,0.1711495734532615,linear_activation,0.8329346776008606,1.0570366382598877,1.0570366382598877,0.7879903566749137,True
linear_activation,0.9,0,0,1.0,6.69493964544323,0.1713254653544376,linear_activation,0.5484662055969238,0.6545467376708984,1.0570366382598877,0.5188715184932648,True
linear_activation,0.9,1,2,1.0,4.054431795277528,0.1713963295751813,linear_activation,0.7915576696395874,0.7645724415779114,1.0570366382598877,0.7488460106195217,True
linear_activation,0.9,0,0,1.0,5.477974412378556,0.1732798097446805,linear_activation,0.49799203872680664,0.6545467376708984,1.0570366382598877,0.4711208871119263,True
linear_activation,0.9,1,4,1.0,4.482221685612751,0.1736052216518861,linear_activation,0.5588573217391968,1.0570366382598877,1.0570366382598877,0.5287019404163678,True
linear_activation,0.9,1,8,1.0,4.482221685612751,0.1736319340642467,linear_activation,0.6693556308746338,0.9077733159065247,1.0570366382598877,0.6332378714672926,True
linear_activation,0.9,1,8,1.0,3.317441949813717,0.1739811947322311,linear_activation,0.7904354333877563,0.9077733159065247,1.0570366382598877,0.7477843291117942,True
linear_activation,0.9,1,4,1.0,3.667470807015676,0.1742515372985691,linear_activation,0.705322265625,1.0570366382598877,1.0570366382598877,0.6672637826311432,True
linear_activation,0.9,1,8,1.0,3.667470807015676,0.1744307741011966,linear_activation,0.6785227656364441,0.9077733159065247,1.0570366382598877,0.6419103568192681,True
linear_activation,0.9,1,4,1.0,2.0090311238977194,0.1751081687417247,linear_activation,0.6849212646484375,1.0570366382598877,1.0570366382598877,0.6479635992333879,True
linear_activation,0.9,0,0,1.0,3.000820366267417,0.1753935462881572,linear_activation,1.4217805862426758,0.6545467376708984,1.0570366382598877,1.0,True
linear_activation,0.9,1,4,1.0,3.000820366267417,0.175566617005537,linear_activation,0.8089156746864319,1.0570366382598877,1.0570366382598877,0.7652673951000252,True
linear_activation,0.9,1,2,1.0,3.000820366267417,0.1759208876302602,linear_activation,0.8526091575622559,0.7645724415779114,1.0570366382598877,0.8066032214037879,True
linear_activation,0.9,0,0,1.0,4.955148403871969,0.1759788878682367,linear_activation,1.2918000221252441,0.6545467376708984,1.0570366382598877,1.0,True
linear_activation,0.9,1,8,1.0,2.221007363126434,0.1759916616461637,linear_activation,0.8390613794326782,0.9077733159065247,1.0570366382598877,0.7937864678124646,True
linear_activation,0.9,0,0,1.0,2.714417616594908,0.1763946362988915,linear_activation,0.6112149953842163,0.6545467376708984,1.0570366382598877,0.5782344464335779,True
linear_activation,0.9,1,8,1.0,3.000820366267417,0.17665555924947,linear_activation,0.6488529443740845,0.9077733159065247,1.0570366382598877,0.6138414893945754,True
linear_activation,0.9,1,2,1.0,3.317441949813717,0.1776142620725598,linear_activation,0.6404820680618286,0.7645724415779114,1.0570366382598877,0.6059222971837585,True
linear_activation,0.9,0,0,1.0,2.455349570439492,0.177628697283778,linear_activation,1.278066635131836,0.6545467376708984,1.0570366382598877,1.0,True
linear_activation,0.9,1,4,1.0,2.221007363126434,0.1783439149769189,linear_activation,0.6978927254676819,1.0570366382598877,1.0570366382598877,0.6602351330191971,True
linear_activation,0.9,0,0,1.0,6.055964668833263,0.1786406176390698,linear_activation,0.5444391369819641,0.6545467376708984,1.0570366382598877,0.5150617464672079,True
linear_activation,0.9,1,4,1.0,2.714417616594908,0.1787205220013334,linear_activation,0.554774820804596,1.0570366382598877,1.0570366382598877,0.5248397271431159,True
linear_activation,0.9,1,8,1.0,2.714417616594908,0.1798884991313225,linear_activation,1.0118138790130615,0.9077733159065247,1.0570366382598877,0.9572174155464728,True
linear_activation,0.9,1,2,1.0,2.221007363126434,0.1804609251194667,linear_activation,0.6486462354660034,0.7645724415779114,1.0570366382598877,0.6136459342921322,True
linear_activation,0.9,1,2,1.0,2.714417616594908,0.1804926438637724,linear_activation,0.9669666886329651,0.7645724415779114,1.0570366382598877,0.9147901346398009,True
linear_activation,0.9,1,4,1.0,1.817286211563076,0.1806221030631678,linear_activation,0.8849244117736816,1.0570366382598877,1.0570366382598877,0.8371747768653126,True
linear_activation,0.9,1,2,1.0,2.455349570439492,0.1809152480711781,linear_activation,0.7989596128463745,0.7645724415779114,1.0570366382598877,0.755848552384746,True
linear_activation,0.9,1,2,1.0,2.0090311238977194,0.1809357468048996,linear_activation,1.0029747486114502,0.7645724415779114,1.0570366382598877,0.948855235767953,True
linear_activation,0.9,1,8,1.0,2.455349570439492,0.1811684195363064,linear_activation,0.6524710655212402,0.9077733159065247,1.0570366382598877,0.6172643803485843,True
linear_activation,0.9,1,2,1.0,1.817286211563076,0.1823811549627106,linear_activation,0.950787365436554,0.7645724415779114,1.0570366382598877,0.8994838315176632,True
linear_activation,0.9,0,0,1.0,3.317441949813717,0.1832198733703266,linear_activation,0.9843547344207764,0.6545467376708984,1.0570366382598877,0.9312399388929776,True
linear_activation,0.9,1,8,1.0,1.817286211563076,0.1838540551438506,linear_activation,0.6580784320831299,0.9077733159065247,1.0570366382598877,0.6225691790272002,True
linear_activation,0.9,1,8,1.0,2.0090311238977194,0.1841022766888629,linear_activation,0.5603806376457214,0.9077733159065247,1.0570366382598877,0.5301430597223479,True
linear_activation,0.9,1,2,1.0,1.4869510248216484,0.1844076623876594,linear_activation,0.9150233268737793,0.7645724415779114,1.0570366382598877,0.8656495846540445,True
linear_activation,0.9,1,8,1.0,1.1005421090383831,0.1845781798607055,linear_activation,0.700728178024292,0.9077733159065247,1.0570366382598877,0.6629175873958759,True
linear_activation,0.9,0,0,1.0,3.667470807015676,0.1846202124355893,linear_activation,0.6789605617523193,0.6545467376708984,1.0570366382598877,0.6423245298952326,True
linear_activation,0.9,2,8,1.0,1.1005421090383831,0.1848807369090653,linear_activation,0.5106065273284912,0.7698096632957458,1.0570366382598877,0.48305471054348753,True
linear_activation,0.9,1,4,1.0,2.455349570439492,0.1851937344860623,linear_activation,0.9603120684623718,1.0570366382598877,1.0570366382598877,0.9084945911082651,True
linear_activation,0.9,0,0,1.0,4.482221685612751,0.185350880365375,linear_activation,0.5643471479415894,0.6545467376708984,1.0570366382598877,0.5338955410955551,True
linear_activation,0.9,1,2,1.0,1.1005421090383831,0.1862694246810955,linear_activation,0.9027021527290344,0.7645724415779114,1.0570366382598877,0.8539932487251138,True
linear_activation,0.9,1,8,1.0,1.643841718255735,0.1863960270679188,linear_activation,0.8607778549194336,0.9077733159065247,1.0570366382598877,0.8143311440334379,True
linear_activation,0.9,1,4,1.0,1.643841718255735,0.1869770699488799,linear_activation,0.7232911586761475,1.0570366382598877,1.0570366382598877,0.6842630922111101,True
linear_activation,0.9,1,8,1.0,1.3450342120312204,0.187248210327446,linear_activation,0.6957510709762573,0.9077733159065247,1.0570366382598877,0.6582090400590229,True
linear_activation,0.9,2,8,1.0,0.900492287060531,0.1876052555775742,linear_activation,0.7631326913833618,0.7698096632957458,1.0570366382598877,0.7219548157192018,True
linear_activation,0.9,0,0,1.0,2.0090311238977194,0.1876924612654398,linear_activation,0.6839927434921265,0.6545467376708984,1.0570366382598877,0.6470851801486535,True
linear_activation,0.9,2,8,1.0,0.9955047366910889,0.1879575578583351,linear_activation,0.5196927785873413,0.7698096632957458,1.0570366382598877,0.4916506767853087,True
linear_activation,0.9,1,2,1.0,1.643841718255735,0.1880692439151486,linear_activation,0.642091691493988,0.7645724415779114,1.0570366382598877,0.6074450669477367,True
linear_activation,0.9,2,4,1.0,1.2166621504910964,0.1880756193585543,linear_activation,2.019450023871272e-10,0.4345591366291046,1.0570366382598877,1.9104825232886215e-10,True
linear_activation,0.9,1,4,1.0,1.3450342120312204,0.1881421722841042,linear_activation,0.705399215221405,1.0570366382598877,1.0570366382598877,0.6673365801043998,True
linear_activation,0.9,1,4,1.0,0.900492287060531,0.1892716484302694,linear_activation,0.7374051809310913,1.0570366382598877,1.0570366382598877,0.6976155359619518,True
linear_activation,0.9,1,4,1.0,0.9955047366910889,0.1897233528462692,linear_activation,0.7243891954421997,1.0570366382598877,1.0570366382598877,0.6853018800130731,True
linear_activation,0.9,1,2,1.0,0.9955047366910889,0.1897439585242485,linear_activation,1.0375384092330933,0.7645724415779114,1.0570366382598877,0.9815538758818306,True
linear_activation,0.9,1,2,1.0,1.2166621504910964,0.1897989309939836,linear_activation,0.8963503837585449,0.7645724415779114,1.0570366382598877,0.8479842148462637,True
linear_activation,0.9,2,4,1.0,0.900492287060531,0.1898814676316452,linear_activation,8.713150201344888e-09,0.4345591366291046,1.0570366382598877,8.242997343676402e-09,True
linear_activation,0.9,2,8,1.0,1.643841718255735,0.1902177828503734,linear_activation,2.988215896948532e-08,0.7698096632957458,1.0570366382598877,2.8269747601821875e-08,True
linear_activation,0.9,0,0,1.0,1.2166621504910964,0.190264785046567,linear_activation,0.9818774461746216,0.6545467376708984,1.0570366382598877,0.9288963226393037,True
linear_activation,0.9,2,4,1.0,0.7368062997280775,0.1904292713931688,linear_activation,1.0173279463288054e-07,0.4345591366291046,1.0570366382598877,9.624339493128153e-08,True
linear_activation,0.9,1,8,1.0,1.4869510248216484,0.1906546577964791,linear_activation,0.8540613055229187,0.9077733159065247,1.0570366382598877,0.8079770129149823,True
linear_activation,0.9,1,8,1.0,0.9955047366910889,0.1908110089378468,linear_activation,0.6570464968681335,0.9077733159065247,1.0570366382598877,0.6215929260028064,True
linear_activation,0.9,1,8,1.0,1.2166621504910964,0.1908160296074967,linear_activation,0.7244534492492676,0.9077733159065247,1.0570366382598877,0.685362666749069,True
linear_activation,0.9,1,2,1.0,1.3450342120312204,0.1913871077722509,linear_activation,0.8249135613441467,0.7645724415779114,1.0570366382598877,0.7804020518173655,True
linear_activation,0.9,1,8,1.0,0.900492287060531,0.191468099673828,linear_activation,0.6993148922920227,0.9077733159065247,1.0570366382598877,0.6615805611461559,True
linear_activation,0.9,1,8,1.0,0.8145479666433055,0.1914795510860352,linear_activation,0.6408364772796631,0.9077733159065247,1.0570366382598877,0.606257582835179,True
linear_activation,0.9,1,4,1.0,1.4869510248216484,0.1915503465056983,linear_activation,0.7275390028953552,1.0570366382598877,1.0570366382598877,0.6882817270109414,True
linear_activation,0.9,1,4,1.0,1.1005421090383831,0.1917722806520334,linear_activation,0.7045034766197205,1.0570366382598877,1.0570366382598877,0.6664891746604795,True
linear_activation,0.9,2,8,1.0,0.7368062997280775,0.1918065773848185,linear_activation,0.5449299216270447,0.7698096632957458,1.0570366382598877,0.5155260488644158,True
linear_activation,0.9,0,0,1.0,0.7368062997280775,0.19184915709091,linear_activation,0.789540708065033,0.6545467376708984,1.0570366382598877,0.7469378822713173,True
linear_activation,0.9,1,2,1.0,0.8145479666433055,0.1924040086738469,linear_activation,0.7142179012298584,0.7645724415779114,1.0570366382598877,0.675679418648739,True
linear_activation,0.9,1,4,1.0,1.2166621504910964,0.1925866376069991,linear_activation,0.7298213839530945,1.0570366382598877,1.0570366382598877,0.6904409530728653,True
linear_activation,0.9,1,8,1.0,0.7368062997280775,0.1927046491272032,linear_activation,0.7343164086341858,0.9077733159065247,1.0570366382598877,0.6946934307244358,True
linear_activation,0.9,2,8,1.0,0.6028741513057392,0.1932828005454809,linear_activation,0.8611960411071777,0.7698096632957458,1.0570366382598877,0.8147267653133516,True
linear_activation,0.9,2,8,1.0,1.4869510248216484,0.1934069457708708,linear_activation,1.6583875321884989e-06,0.7698096632957458,1.0570366382598877,1.5689026020125145e-06,True
linear_activation,0.9,2,8,1.0,0.6664844128899691,0.1935537383400338,linear_activation,0.8055040240287781,0.7698096632957458,1.0570366382598877,0.7620398336947081,True
linear_activation,0.9,1,4,1.0,0.8145479666433055,0.1937077307043514,linear_activation,0.8387988209724426,1.0570366382598877,1.0570366382598877,0.7935380767437616,True
linear_activation,0.9,1,2,1.0,0.7368062997280775,0.1938070808260574,linear_activation,0.701982319355011,0.7645724415779114,1.0570366382598877,0.6641040565165524,True
linear_activation,0.9,1,2,1.0,0.900492287060531,0.1941141822075724,linear_activation,0.6809056401252747,0.7645724415779114,1.0570366382598877,0.6441646537873971,True
linear_activation,0.9,1,8,1.0,0.6664844128899691,0.1944966725790912,linear_activation,0.7755481004714966,0.9077733159065247,1.0570366382598877,0.733700301768364,True
linear_activation,0.9,2,4,1.0,0.5453349474995434,0.1949164289980495,linear_activation,3.817677225015359e-06,0.4345591366291046,1.0570366382598877,3.6116791857849758e-06,True
linear_activation,0.9,0,0,1.0,2.221007363126434,0.1953918872534214,linear_activation,0.6427530646324158,0.6545467376708984,1.0570366382598877,0.6080707530540542,True
linear_activation,0.9,1,8,1.0,0.5453349474995434,0.195754344750827,linear_activation,0.7925284504890442,0.9077733159065247,1.0570366382598877,0.7497644091066876,True
linear_activation,0.9,0,0,1.0,4.054431795277528,0.1959552430716709,linear_activation,0.6091453433036804,0.6545467376708984,1.0570366382598877,0.5762764707063193,True
linear_activation,0.9,2,2,1.0,0.6028741513057392,0.1962091338275145,linear_activation,0.6151160597801208,0.5784815549850464,1.0570366382598877,0.5819250133020325,True
linear_activation,0.9,0,0,1.0,1.817286211563076,0.1962488686130016,linear_activation,1.1389482021331787,0.6545467376708984,1.0570366382598877,1.0,True
linear_activation,0.9,1,2,1.0,0.6028741513057392,0.196288888511547,linear_activation,0.7399622201919556,0.7645724415779114,1.0570366382598877,0.7000345999454611,True
linear_activation,0.9,1,4,1.0,0.7368062997280775,0.1964572644063602,linear_activation,0.8634796142578125,1.0570366382598877,1.0570366382598877,0.8168871191440326,True
linear_activation,0.9,1,4,1.0,0.3650984560060393,0.1967901104711312,linear_activation,0.763654351234436,1.0570366382598877,1.0570366382598877,0.7224483273272129,True
linear_activation,0.9,2,4,1.0,0.4932873707061831,0.1969767572954212,linear_activation,1.1970309060416184e-05,0.4345591366291046,1.0570366382598877,1.1324403173121716e-05,True
linear_activation,0.9,1,2,1.0,0.5453349474995434,0.1970068717125844,linear_activation,0.7449225783348083,0.7645724415779114,1.0570366382598877,0.70472730213128,True
linear_activation,0.9,0,0,1.0,0.4462072918927006,0.1971059692647281,linear_activation,1.093393087387085,0.6545467376708984,1.0570366382598877,1.0,True
linear_activation,0.9,2,4,1.0,0.4036206056789731,0.1971404671602666,linear_activation,0.00013566089910455048,0.4345591366291046,1.0570366382598877,0.00012834077286845785,True
linear_activation,0.9,1,8,1.0,0.3650984560060393,0.1971458544777437,linear_activation,0.7906882762908936,0.9077733159065247,1.0570366382598877,0.7480235288651286,True
linear_activation,0.9,1,2,1.0,0.4462072918927006,0.1972426130766852,linear_activation,0.6756124496459961,0.7645724415779114,1.0570366382598877,0.6391570785646571,True
linear_activation,0.9,2,4,1.0,1.3450342120312204,0.1974487783067308,linear_activation,5.619284551561243e-11,0.4345591366291046,1.0570366382598877,5.31607358550202e-11,True
linear_activation,0.9,0,0,1.0,1.4869510248216484,0.197601676588647,linear_activation,1.1481183767318726,0.6545467376708984,1.0570366382598877,1.0,True
linear_activation,0.9,1,2,1.0,0.4036206056789731,0.1977373023651403,linear_activation,0.7530108690261841,0.7645724415779114,1.0570366382598877,0.7123791567582783,True
linear_activation,0.9,2,8,1.0,0.2444312127604942,0.1978608911921996,linear_activation,0.8224551677703857,0.7698096632957458,1.0570366382598877,0.778076310698488,True
linear_activation,0.9,2,8,1.0,0.5453349474995434,0.1980406717319088,linear_activation,0.668456494808197,0.7698096632957458,1.0570366382598877,0.6323872518824152,True
linear_activation,0.9,1,4,1.0,0.6664844128899691,0.1981084047195375,linear_activation,1.0236575603485107,1.0570366382598877,1.0570366382598877,0.9684220236998349,True
linear_activation,0.9,1,2,1.0,0.4932873707061831,0.1981307672119021,linear_activation,0.7405818700790405,0.7645724415779114,1.0570366382598877,0.7006208141452878,True
linear_activation,0.9,1,4,1.0,0.4932873707061831,0.1981847767616627,linear_activation,0.7195716500282288,1.0570366382598877,1.0570366382598877,0.6807442845243286,True
linear_activation,0.9,2,8,1.0,0.3302529174737275,0.1983333774138104,linear_activation,0.5904793739318848,0.7698096632957458,1.0570366382598877,0.5586176983457662,True
linear_activation,0.9,1,4,1.0,0.5453349474995434,0.1984204856879915,linear_activation,0.9445328712463379,1.0570366382598877,1.0570366382598877,0.8935668235693746,True
linear_activation,0.9,0,0,1.0,1.643841718255735,0.1984607308823563,linear_activation,1.047970175743103,0.6545467376708984,1.0570366382598877,0.9914227547195431,True
linear_activation,0.9,2,2,1.0,0.3302529174737275,0.1984906731515588,linear_activation,0.8441213369369507,0.5784815549850464,1.0570366382598877,0.7985733950779209,True
linear_activation,0.9,1,4,1.0,0.4462072918927006,0.1986353182733031,linear_activation,0.7259607911109924,1.0570366382598877,1.0570366382598877,0.6867886739537069,True
linear_activation,0.9,0,0,1.0,0.8145479666433055,0.1986816834180123,linear_activation,0.9167585372924805,0.6545467376708984,1.0570366382598877,0.8672911648565602,True
linear_activation,0.9,2,8,1.0,0.4932873707061831,0.1988190730875105,linear_activation,0.872145414352417,0.7698096632957458,1.0570366382598877,0.8250853213453018,True
linear_activation,0.9,1,2,1.0,0.2987330888578299,0.1989607915645362,linear_activation,0.6822239756584167,0.7645724415779114,1.0570366382598877,0.6454118532556316,True
linear_activation,0.9,1,8,1.0,0.6028741513057392,0.1992038156327326,linear_activation,0.6728401780128479,0.9077733159065247,1.0570366382598877,0.6365343959320929,True
linear_activation,0.9,2,8,1.0,0.3650984560060393,0.1999389268521641,linear_activation,0.9282881617546082,0.7698096632957458,1.0570366382598877,0.8781986623309221,True
linear_activation,0.9,2,4,1.0,0.2211023350218148,0.1999568660435753,linear_activation,0.3102355897426605,0.4345591366291046,1.0570366382598877,0.2934955880558462,True
linear_activation,0.9,2,8,1.0,0.8145479666433055,0.2001577472298085,linear_activation,0.8873589038848877,0.7698096632957458,1.0570366382598877,0.8394779062206146,True
linear_activation,0.9,1,2,1.0,0.6664844128899691,0.2002211754825587,linear_activation,1.0542044639587402,0.7645724415779114,1.0570366382598877,0.9973206469874026,True
linear_activation,0.9,2,4,1.0,0.6664844128899691,0.2004838474650078,linear_activation,3.567537021353928e-07,0.4345591366291046,1.0570366382598877,3.3750362969696775e-07,True
linear_activation,0.9,2,8,1.0,0.4036206056789731,0.2005194776758066,linear_activation,0.6987701654434204,0.7698096632957458,1.0570366382598877,0.6610652272126992,True
linear_activation,0.9,0,0,1.0,0.6028741513057392,0.2005699004429671,linear_activation,1.3490078449249268,0.6545467376708984,1.0570366382598877,1.0,True
linear_activation,0.9,1,4,1.0,0.2987330888578299,0.2010878864597575,linear_activation,1.048691987991333,1.0570366382598877,1.0570366382598877,0.9921056187018344,True
linear_activation,0.9,1,8,1.0,0.2987330888578299,0.2011372378056563,linear_activation,0.7943457365036011,0.9077733159065247,1.0570366382598877,0.7514836361881145,True
linear_activation,0.9,2,8,1.0,0.4462072918927006,0.2012179442182357,linear_activation,0.5840106010437012,0.7698096632957458,1.0570366382598877,0.5524979739634283,True
linear_activation,0.9,1,4,1.0,0.2,0.2013907987675503,linear_activation,0.703561544418335,1.0570366382598877,1.0570366382598877,0.6655980681772302,True
linear_activation,0.9,1,4,1.0,0.4036206056789731,0.201525790829355,linear_activation,0.7733521461486816,1.0570366382598877,1.0570366382598877,0.7316228389413139,True
linear_activation,0.9,2,4,1.0,0.3650984560060393,0.2015945486994357,linear_activation,0.0004899291670881212,0.4345591366291046,1.0570366382598877,0.0004634930799509951,True
linear_activation,0.9,2,4,1.0,0.4462072918927006,0.2017027778105395,linear_activation,3.987098898505792e-05,0.4345591366291046,1.0570366382598877,3.771959035468652e-05,True
linear_activation,0.9,1,2,1.0,0.2211023350218148,0.2017253126374209,linear_activation,0.7552844285964966,0.7645724415779114,1.0570366382598877,0.7145300373314014,True
linear_activation,0.9,0,0,1.0,1.1005421090383831,0.20175622794526,linear_activation,0.7012302875518799,0.6545467376708984,1.0570366382598877,0.6633926035962742,True
linear_activation,0.9,1,8,1.0,0.4036206056789731,0.2019805852116856,linear_activation,0.9991231560707092,0.9077733159065247,1.0570366382598877,0.945211471302909,True
linear_activation,0.9,1,4,1.0,0.3302529174737275,0.2021264337819731,linear_activation,0.8086570501327515,1.0570366382598877,1.0570366382598877,0.7650227256682199,True
linear_activation,0.9,2,8,1.0,0.2702215594677964,0.2021571554526248,linear_activation,0.8455274105072021,0.7698096632957458,1.0570366382598877,0.7999035983266618,True
linear_activation,0.9,2,4,1.0,0.2987330888578299,0.2023142628229308,linear_activation,0.010059798136353493,0.4345591366291046,1.0570366382598877,0.009516981504930718,True
linear_activation,0.9,2,4,1.0,0.6028741513057392,0.2023383324235667,linear_activation,1.0968403785227565e-06,0.4345591366291046,1.0570366382598877,1.0376559703061897e-06,True
linear_activation,0.9,2,8,1.0,0.2211023350218148,0.20245492595224,linear_activation,0.8623260855674744,0.7698096632957458,1.0570366382598877,0.8157958337064368,True
linear_activation,0.9,1,2,1.0,0.3650984560060393,0.2024867537811788,linear_activation,0.7649698257446289,0.7645724415779114,1.0570366382598877,0.7236928201504308,True
linear_activation,0.9,1,8,1.0,0.4932873707061831,0.2026726750824996,linear_activation,0.6722406148910522,0.9077733159065247,1.0570366382598877,0.6359671846358198,True
linear_activation,0.9,1,8,1.0,0.2211023350218148,0.2027204278251003,linear_activation,0.7744823098182678,0.9077733159065247,1.0570366382598877,0.7326920201112747,True
linear_activation,0.9,1,8,1.0,0.2702215594677964,0.2027350538796186,linear_activation,0.8363741040229797,0.9077733159065247,1.0570366382598877,0.7912441950922662,True
linear_activation,0.9,1,8,1.0,0.4462072918927006,0.2028568293568207,linear_activation,1.0243560075759888,0.9077733159065247,1.0570366382598877,0.9690827834144913,True
linear_activation,0.9,1,8,1.0,0.3302529174737275,0.2030640700903451,linear_activation,0.9278281927108765,0.9077733159065247,1.0570366382598877,0.8777635127560797,True
linear_activation,0.9,2,8,1.0,0.2987330888578299,0.2031411314653726,linear_activation,1.0105994939804077,0.7698096632957458,1.0570366382598877,0.9560685575138382,True
linear_activation,0.9,1,4,1.0,0.2444312127604942,0.2033602072908192,linear_activation,0.9283198714256287,1.0570366382598877,1.0570366382598877,0.8782286609798551,True
linear_activation,0.9,1,2,1.0,0.2702215594677964,0.203367720974901,linear_activation,1.0296484231948853,0.7645724415779114,1.0570366382598877,0.9740896255875393,True
linear_activation,0.9,1,4,1.0,0.6028741513057392,0.203377479659588,linear_activation,0.770609974861145,1.0570366382598877,1.0570366382598877,0.7290286324698609,True
linear_activation,0.9,1,2,1.0,0.2,0.2035547221374419,linear_activation,0.6654168963432312,0.7645724415779114,1.0570366382598877,0.6295116671061206,True
linear_activation,0.9,0,0,1.0,1.3450342120312204,0.2042440497858174,linear_activation,0.7785999774932861,0.6545467376708984,1.0570366382598877,0.7365875025628545,True
linear_activation,0.9,2,2,1.0,0.4462072918927006,0.2042666863631852,linear_activation,0.7270309925079346,0.5784815549850464,1.0570366382598877,0.6878011283551967,True
linear_activation,0.9,1,2,1.0,0.2444312127604942,0.2042786322994912,linear_activation,0.9211628437042236,0.7645724415779114,1.0570366382598877,0.8714578193057321,True
linear_activation,0.9,1,4,1.0,0.2211023350218148,0.2043350678418926,linear_activation,0.7347090244293213,1.0570366382598877,1.0570366382598877,0.6950648613645145,True
linear_activation,0.9,2,4,1.0,0.2444312127604942,0.2044626023536589,linear_activation,0.23581640422344208,0.4345591366291046,1.0570366382598877,0.22309198724809312,True
linear_activation,0.9,2,2,1.0,0.2211023350218148,0.20463123441029,linear_activation,0.6968052387237549,0.5784815549850464,1.0570366382598877,0.6592063259707326,True
linear_activation,0.9,2,2,1.0,0.6664844128899691,0.204670107010703,linear_activation,0.9731082320213318,0.5784815549850464,1.0570366382598877,0.920600286498375,True
linear_activation,0.9,2,2,1.0,0.2702215594677964,0.2049439465410915,linear_activation,0.9005732536315918,0.5784815549850464,1.0570366382598877,0.8519792228906382,True
linear_activation,0.9,1,8,1.0,0.2444312127604942,0.2052200529419336,linear_activation,0.9190418720245361,0.9077733159065247,1.0570366382598877,0.8694512931334897,True
linear_activation,0.9,0,0,1.0,0.6664844128899691,0.2055601910032979,linear_activation,0.7785041332244873,0.6545467376708984,1.0570366382598877,0.7364968299548013,True
linear_activation,0.9,1,4,1.0,0.2702215594677964,0.2057821404633285,linear_activation,0.7787460088729858,1.0570366382598877,1.0570366382598877,0.7367256542355723,True
linear_activation,0.9,1,8,1.0,0.2,0.2058283239769276,linear_activation,0.776700496673584,0.9077733159065247,1.0570366382598877,0.7347905158256406,True
linear_activation,0.9,1,2,1.0,0.3302529174737275,0.2060512753130383,linear_activation,0.8308918476104736,0.7645724415779114,1.0570366382598877,0.7860577557446848,True
linear_activation,0.9,2,2,1.0,0.4036206056789731,0.2061508837862421,linear_activation,0.8626843094825745,0.5784815549850464,1.0570366382598877,0.8161347282178795,True
linear_activation,0.9,2,2,1.0,0.2444312127604942,0.2061543160709933,linear_activation,1.0535218715667725,0.5784815549850464,1.0570366382598877,0.9966748865972127,True
linear_activation,0.9,2,4,1.0,0.2,0.2062090181561983,linear_activation,0.3372296690940857,0.4345591366291046,1.0570366382598877,0.31903309392306317,True
linear_activation,0.9,2,4,1.0,0.2702215594677964,0.2067871118805948,linear_activation,0.04824326932430267,0.4345591366291046,1.0570366382598877,0.04564011083260235,True
linear_activation,0.9,2,2,1.0,0.4932873707061831,0.2069190197100879,linear_activation,0.893686056137085,0.5784815549850464,1.0570366382598877,0.8454636516746351,True
linear_activation,0.9,2,8,1.0,0.2,0.207836201213024,linear_activation,0.6738237142562866,0.7698096632957458,1.0570366382598877,0.6374648615449575,True
linear_activation,0.9,0,0,1.0,0.4932873707061831,0.2083422596204099,linear_activation,0.7196542024612427,0.6545467376708984,1.0570366382598877,0.6808223825107426,True
linear_activation,0.9,0,0,1.0,0.5453349474995434,0.2091947837804508,linear_activation,0.9226183891296387,0.6545467376708984,1.0570366382598877,0.8728348249578834,True
linear_activation,0.9,0,0,1.0,0.2987330888578299,0.2094246204415711,linear_activation,0.7456741333007812,0.6545467376708984,1.0570366382598877,0.7054383039440555,True
linear_activation,0.9,0,0,1.0,0.3650984560060393,0.2102504199291054,linear_activation,0.9368423819541931,0.6545467376708984,1.0570366382598877,0.8862913053765473,True
linear_activation,0.9,0,0,1.0,0.9955047366910889,0.2114601479705652,linear_activation,1.1654422283172607,0.6545467376708984,1.0570366382598877,1.0,True
linear_activation,0.9,2,2,1.0,0.2987330888578299,0.2118538099487451,linear_activation,0.9064666628837585,0.5784815549850464,1.0570366382598877,0.8575546296824677,True
linear_activation,0.9,2,2,1.0,0.2,0.2136931217878228,linear_activation,0.6734777688980103,0.5784815549850464,1.0570366382598877,0.6371375830517106,True
linear_activation,0.9,0,0,1.0,0.3302529174737275,0.2142253820645786,linear_activation,0.6648973822593689,0.6545467376708984,1.0570366382598877,0.6290201854818719,True
linear_activation,0.9,0,0,1.0,0.4036206056789731,0.2150778238357758,linear_activation,1.0165340900421143,0.6545467376708984,1.0570366382598877,0.961682928716218,True
linear_activation,0.9,2,4,1.0,0.3302529174737275,0.215219306074291,linear_activation,0.002008895855396986,0.4345591366291046,1.0570366382598877,0.0019004978471740257,True
linear_activation,0.9,0,0,1.0,0.2444312127604942,0.216997581059592,linear_activation,1.2256232500076294,0.6545467376708984,1.0570366382598877,1.0,True
linear_activation,0.9,0,0,1.0,0.2702215594677964,0.2192021908035941,linear_activation,0.7090438008308411,0.6545467376708984,1.0570366382598877,0.6707845075248114,True
linear_activation,0.9,0,0,1.0,0.900492287060531,0.2195386644280978,linear_activation,1.3111460208892822,0.6545467376708984,1.0570366382598877,1.0,True
linear_activation,0.9,0,0,1.0,0.2,0.2265221324032632,linear_activation,0.7330217361450195,0.6545467376708984,1.0570366382598877,0.6934686174660254,True
linear_activation,0.9,0,0,1.0,0.2211023350218148,0.2270700550124047,linear_activation,1.1366709470748901,0.6545467376708984,1.0570366382598877,1.0,True
linear_activation,0.95,1,4,1.0,10.000000000000002,0.0985872865952385,linear_activation,0.40488630533218384,0.7964547276496887,0.9806097149848938,0.4128924067802256,True
linear_activation,0.95,0,0,1.0,8.182261084470007,0.0988129429504895,linear_activation,1.162477970123291,0.8097120523452759,0.9806097149848938,1.0,True
linear_activation,0.95,1,8,1.0,10.000000000000002,0.099539264173617,linear_activation,0.5446785688400269,0.6391130685806274,0.9806097149848938,0.5554488809530279,True
linear_activation,0.95,1,2,1.0,10.000000000000002,0.0997652954347265,linear_activation,0.3894653618335724,0.9806097149848938,0.9806097149848938,0.39716653412879155,True
linear_activation,0.95,1,4,1.0,9.045585157672232,0.1000166448851653,linear_activation,0.5184610486030579,0.7964547276496887,0.9806097149848938,0.5287129432641249,True
linear_activation,0.95,1,8,1.0,8.182261084470007,0.1007199469271402,linear_activation,0.5000552535057068,0.6391130685806274,0.9806097149848938,0.5099431974456934,True
linear_activation,0.95,1,2,1.0,9.045585157672232,0.1010366620110802,linear_activation,0.5449194312095642,0.9806097149848938,0.9806097149848938,0.5556945060634634,True
linear_activation,0.95,2,4,1.0,4.955148403871969,0.1011341418989636,linear_activation,1.4210854715202004e-14,7.235066004795954e-05,0.9806097149848938,1.4491855932123742e-14,True
linear_activation,0.95,2,4,1.0,7.4013339421880975,0.1011467772888059,linear_activation,1.4210854715202004e-14,7.235066004795954e-05,0.9806097149848938,1.4491855932123742e-14,True
linear_activation,0.95,2,4,1.0,2.714417616594908,0.1011467798220033,linear_activation,1.5063505184962495e-14,7.235066004795954e-05,0.9806097149848938,1.5361366458820518e-14,True
linear_activation,0.95,2,4,1.0,3.317441949813717,0.1011467847642218,linear_activation,1.4210854715202004e-14,7.235066004795954e-05,0.9806097149848938,1.4491855932123742e-14,True
linear_activation,0.95,2,2,1.0,4.482221685612751,0.1011468046076014,linear_activation,1.4210854715202004e-14,0.4910132586956024,0.9806097149848938,1.4491855932123742e-14,True
linear_activation,0.95,2,2,1.0,0.9955047366910889,0.1011479221698557,linear_activation,3.7969377331137366e-07,0.4910132586956024,0.9806097149848938,3.872017251197871e-07,True
linear_activation,0.95,2,4,1.0,9.045585157672232,0.1011668972658568,linear_activation,1.4210854715202004e-14,7.235066004795954e-05,0.9806097149848938,1.4491855932123742e-14,True
linear_activation,0.95,2,2,1.0,2.714417616594908,0.1011668973155273,linear_activation,1.978150919435505e-14,0.4910132586956024,0.9806097149848938,2.0172662877054792e-14,True
linear_activation,0.95,2,2,1.0,8.182261084470007,0.1011668987559729,linear_activation,0.0,0.4910132586956024,0.9806097149848938,0.0,True
linear_activation,0.95,2,8,1.0,1.4869510248216484,0.101168410478776,linear_activation,1.0721552534675993e-09,0.6279029250144958,0.9806097149848938,1.093355732748493e-09,True
linear_activation,0.95,2,2,1.0,0.8145479666433055,0.1011685510960671,linear_activation,9.228183444065508e-06,0.4910132586956024,0.9806097149848938,9.410658800384888e-06,True
linear_activation,0.95,2,2,1.0,7.4013339421880975,0.1011788256981578,linear_activation,0.0,0.4910132586956024,0.9806097149848938,0.0,True
linear_activation,0.95,1,4,1.0,8.182261084470007,0.1011794841416445,linear_activation,0.47400641441345215,0.7964547276496887,0.9806097149848938,0.4833792763523194,True
linear_activation,0.95,2,8,1.0,1.643841718255735,0.1011861917012243,linear_activation,1.9300029630020532e-10,0.6279029250144958,0.9806097149848938,1.9681662678936285e-10,True
linear_activation,0.95,2,2,1.0,1.3450342120312204,0.1011890416511036,linear_activation,3.0076316992477814e-09,0.4910132586956024,0.9806097149848938,3.067103714441697e-09,True
linear_activation,0.95,2,2,1.0,6.055964668833263,0.1011901255534042,linear_activation,0.0,0.4910132586956024,0.9806097149848938,0.0,True
linear_activation,0.95,2,2,1.0,10.000000000000002,0.1011906472229271,linear_activation,0.0,0.4910132586956024,0.9806097149848938,0.0,True
linear_activation,0.95,2,2,1.0,6.69493964544323,0.1011907521432896,linear_activation,1.4210854715202004e-14,0.4910132586956024,0.9806097149848938,1.4491855932123742e-14,True
linear_activation,0.95,2,2,1.0,4.054431795277528,0.1011907879060765,linear_activation,0.0,0.4910132586956024,0.9806097149848938,0.0,True
linear_activation,0.95,2,8,1.0,9.045585157672232,0.1011907968467732,linear_activation,1.4210854715202004e-14,0.6279029250144958,0.9806097149848938,1.4491855932123742e-14,True
linear_activation,0.95,2,4,1.0,1.4869510248216484,0.1011910363829394,linear_activation,2.9672265079022653e-12,7.235066004795954e-05,0.9806097149848938,3.0258995628530716e-12,True
linear_activation,0.95,2,2,1.0,1.2166621504910964,0.1011911099450052,linear_activation,1.531029880652568e-08,0.4910132586956024,0.9806097149848938,1.561304010409639e-08,True
linear_activation,0.95,2,8,1.0,1.2166621504910964,0.1011990559476,linear_activation,3.339023990633905e-08,0.6279029250144958,0.9806097149848938,3.405048858490396e-08,True
linear_activation,0.95,2,2,1.0,1.4869510248216484,0.1011990924306097,linear_activation,5.922621282294926e-10,0.4910132586956024,0.9806097149848938,6.039733435015137e-10,True
linear_activation,0.95,2,8,1.0,6.69493964544323,0.1012002354986849,linear_activation,1.4210854715202004e-14,0.6279029250144958,0.9806097149848938,1.4491855932123742e-14,True
linear_activation,0.95,2,2,1.0,1.643841718255735,0.1012013319087543,linear_activation,1.1763842677758873e-10,0.4910132586956024,0.9806097149848938,1.1996457406033443e-10,True
linear_activation,0.95,2,4,1.0,4.054431795277528,0.1012024175670008,linear_activation,1.4210854715202004e-14,7.235066004795954e-05,0.9806097149848938,1.4491855932123742e-14,True
linear_activation,0.95,2,8,1.0,3.667470807015676,0.1012024682309488,linear_activation,0.0,0.6279029250144958,0.9806097149848938,0.0,True
linear_activation,0.95,2,4,1.0,1.3450342120312204,0.1012026753819247,linear_activation,8.542201668237936e-12,7.235066004795954e-05,0.9806097149848938,8.711112624832121e-12,True
linear_activation,0.95,2,8,1.0,3.317441949813717,0.1012089465725558,linear_activation,9.606537773924027e-15,0.6279029250144958,0.9806097149848938,9.796494596295138e-15,True
linear_activation,0.95,2,2,1.0,5.477974412378556,0.1012106201466833,linear_activation,0.0,0.4910132586956024,0.9806097149848938,0.0,True
linear_activation,0.95,2,2,1.0,0.4932873707061831,0.1012126709774638,linear_activation,0.3928122818470001,0.4910132586956024,0.9806097149848938,0.4005796351436834,True
linear_activation,0.95,2,4,1.0,1.817286211563076,0.1012142848315392,linear_activation,2.453930342347782e-13,7.235066004795954e-05,0.9806097149848938,2.5024536314996476e-13,True
linear_activation,0.95,2,8,1.0,1.3450342120312204,0.1012159637159367,linear_activation,5.896005017547168e-09,0.6279029250144958,0.9806097149848938,6.012590868160015e-09,True
linear_activation,0.95,2,8,1.0,6.055964668833263,0.1012165753837685,linear_activation,0.0,0.6279029250144958,0.9806097149848938,0.0,True
linear_activation,0.95,2,8,1.0,4.482221685612751,0.1012165873046974,linear_activation,1.4210854715202004e-14,0.6279029250144958,0.9806097149848938,1.4491855932123742e-14,True
linear_activation,0.95,2,4,1.0,6.69493964544323,0.1012222126917303,linear_activation,1.4210854715202004e-14,7.235066004795954e-05,0.9806097149848938,1.4491855932123742e-14,True
linear_activation,0.95,2,2,1.0,2.0090311238977194,0.1012288834945619,linear_activation,4.01598762925226e-12,0.4910132586956024,0.9806097149848938,4.0953985748694384e-12,True
linear_activation,0.95,2,8,1.0,5.477974412378556,0.101228925192978,linear_activation,1.4210854715202004e-14,0.6279029250144958,0.9806097149848938,1.4491855932123742e-14,True
linear_activation,0.95,2,4,1.0,2.0090311238977194,0.101228990832593,linear_activation,6.582467860713481e-14,7.235066004795954e-05,0.9806097149848938,6.712627623534083e-14,True
linear_activation,0.95,2,4,1.0,1.643841718255735,0.1012303439077,linear_activation,9.054020012021213e-13,7.235066004795954e-05,0.9806097149848938,9.23305151240592e-13,True
linear_activation,0.95,2,8,1.0,2.0090311238977194,0.1012312106337408,linear_activation,6.143693626753377e-12,0.6279029250144958,0.9806097149848938,6.26517719829853e-12,True
linear_activation,0.95,2,2,1.0,9.045585157672232,0.1012357491052409,linear_activation,1.4210854715202004e-14,0.4910132586956024,0.9806097149848938,1.4491855932123742e-14,True
linear_activation,0.95,2,4,1.0,3.667470807015676,0.1012541984315971,linear_activation,1.4210854715202004e-14,7.235066004795954e-05,0.9806097149848938,1.4491855932123742e-14,True
linear_activation,0.95,2,8,1.0,4.955148403871969,0.1012579598168626,linear_activation,0.0,0.6279029250144958,0.9806097149848938,0.0,True
linear_activation,0.95,2,8,1.0,3.000820366267417,0.10125798177124,linear_activation,3.4106050554155156e-15,0.6279029250144958,0.9806097149848938,3.4780453459693245e-15,True
linear_activation,0.95,2,4,1.0,4.482221685612751,0.1012580318391417,linear_activation,1.4210854715202004e-14,7.235066004795954e-05,0.9806097149848938,1.4491855932123742e-14,True
linear_activation,0.95,2,4,1.0,8.182261084470007,0.1012677340597008,linear_activation,1.4210854715202004e-14,7.235066004795954e-05,0.9806097149848938,1.4491855932123742e-14,True
linear_activation,0.95,2,8,1.0,2.714417616594908,0.1012677386542255,linear_activation,8.560619118962165e-14,0.6279029250144958,0.9806097149848938,8.729894256752331e-14,True
linear_activation,0.95,2,8,1.0,7.4013339421880975,0.1012677638620232,linear_activation,0.0,0.6279029250144958,0.9806097149848938,0.0,True
linear_activation,0.95,2,2,1.0,0.900492287060531,0.1012679922471537,linear_activation,1.7746003777574515e-06,0.4910132586956024,0.9806097149848938,1.809690798122257e-06,True
linear_activation,0.95,2,2,1.0,1.817286211563076,0.1012761641836425,linear_activation,2.235617593826511e-11,0.4910132586956024,0.9806097149848938,2.279824031583198e-11,True
linear_activation,0.95,2,8,1.0,10.000000000000002,0.1012761701192717,linear_activation,0.0,0.6279029250144958,0.9806097149848938,0.0,True
linear_activation,0.95,2,2,1.0,2.221007363126434,0.1012761999712646,linear_activation,7.097469313654958e-13,0.4910132586956024,0.9806097149848938,7.237812562120388e-13,True
linear_activation,0.95,2,2,1.0,0.7368062997280775,0.101276220162338,linear_activation,5.9289992350386456e-05,0.4910132586956024,0.9806097149848938,6.046237503500545e-05,True
linear_activation,0.95,2,4,1.0,5.477974412378556,0.101279110838598,linear_activation,0.0,7.235066004795954e-05,0.9806097149848938,0.0,True
linear_activation,0.95,2,4,1.0,6.055964668833263,0.101279110838598,linear_activation,1.4210854715202004e-14,7.235066004795954e-05,0.9806097149848938,1.4491855932123742e-14,True
linear_activation,0.95,2,2,1.0,4.955148403871969,0.1012880529509246,linear_activation,0.0,0.4910132586956024,0.9806097149848938,0.0,True
linear_activation,0.95,2,8,1.0,2.221007363126434,0.1012908115947318,linear_activation,1.0322764778386562e-12,0.6279029250144958,0.9806097149848938,1.0526884060643417e-12,True
linear_activation,0.95,2,4,1.0,3.000820366267417,0.1012930547243615,linear_activation,1.4210854715202004e-14,7.235066004795954e-05,0.9806097149848938,1.4491855932123742e-14,True
linear_activation,0.95,2,8,1.0,2.455349570439492,0.1012930952803552,linear_activation,1.6154899683609725e-13,0.6279029250144958,0.9806097149848938,1.6474341867863903e-13,True
linear_activation,0.95,2,8,1.0,8.182261084470007,0.1012943058506906,linear_activation,1.4210854715202004e-14,0.6279029250144958,0.9806097149848938,1.4491855932123742e-14,True
linear_activation,0.95,2,2,1.0,0.6664844128899691,0.1012944160847707,linear_activation,0.0004829376994166523,0.4910132586956024,0.9806097149848938,0.0004924871659303232,True
linear_activation,0.95,2,2,1.0,1.1005421090383831,0.1012944396037702,linear_activation,7.926509937306037e-08,0.4910132586956024,0.9806097149848938,8.083246388628879e-08,True
linear_activation,0.95,2,4,1.0,10.000000000000002,0.1012944440741185,linear_activation,0.0,7.235066004795954e-05,0.9806097149848938,0.0,True
linear_activation,0.95,2,4,1.0,2.221007363126434,0.1012944465824807,linear_activation,1.4892975429823575e-14,7.235066004795954e-05,0.9806097149848938,1.5187464698993933e-14,True
linear_activation,0.95,2,2,1.0,3.667470807015676,0.101294454008226,linear_activation,1.165290076482169e-14,0.4910132586956024,0.9806097149848938,1.1883321760687636e-14,True
linear_activation,0.95,2,2,1.0,0.5453349474995434,0.1012944700518095,linear_activation,0.10719358921051025,0.4910132586956024,0.9806097149848938,0.10931320337996199,True
linear_activation,0.95,2,4,1.0,1.1005421090383831,0.1012945398982624,linear_activation,6.003188224301681e-11,7.235066004795954e-05,0.9806097149848938,6.121893483784381e-11,True
linear_activation,0.95,2,4,1.0,0.8145479666433055,0.101314979821072,linear_activation,7.737547269570655e-10,7.235066004795954e-05,0.9806097149848938,7.890547229271384e-10,True
linear_activation,0.95,2,8,1.0,1.817286211563076,0.1013150002108276,linear_activation,3.5242805201951555e-11,0.6279029250144958,0.9806097149848938,3.593968595599164e-11,True
linear_activation,0.95,2,2,1.0,0.3650984560060393,0.1013150363461435,linear_activation,0.4261247515678406,0.4910132586956024,0.9806097149848938,0.43455081573855814,True
linear_activation,0.95,2,2,1.0,2.455349570439492,0.1013159098177,linear_activation,1.1181100533289023e-13,0.4910132586956024,0.9806097149848938,1.1402192291620595e-13,True
linear_activation,0.95,2,4,1.0,2.455349570439492,0.1013159417310202,linear_activation,1.3415046932465854e-14,7.235066004795954e-05,0.9806097149848938,1.3680312082847877e-14,True
linear_activation,0.95,2,8,1.0,4.054431795277528,0.1013159718810363,linear_activation,1.4210854715202004e-14,0.6279029250144958,0.9806097149848938,1.4491855932123742e-14,True
linear_activation,0.95,2,2,1.0,3.000820366267417,0.101316014100993,linear_activation,2.3305802376676326e-15,0.4910132586956024,0.9806097149848938,2.3766644385157198e-15,True
linear_activation,0.95,2,4,1.0,0.9955047366910889,0.1013162477263653,linear_activation,1.5187959223617042e-10,7.235066004795954e-05,0.9806097149848938,1.5488281414641107e-10,True
linear_activation,0.95,2,2,1.0,3.317441949813717,0.1013316058413446,linear_activation,1.4154011181144715e-14,0.4910132586956024,0.9806097149848938,1.4433888390920904e-14,True
linear_activation,0.95,1,8,1.0,9.045585157672232,0.1014806631093019,linear_activation,0.4936766028404236,0.6391130685806274,0.9806097149848938,0.5034384172382268,True
linear_activation,0.95,1,8,1.0,7.4013339421880975,0.1025423241555917,linear_activation,0.6291567087173462,0.6391130685806274,0.9806097149848938,0.6415974664569158,True
linear_activation,0.95,1,2,1.0,7.4013339421880975,0.1025934456575855,linear_activation,0.4958462715148926,0.9806097149848938,0.9806097149848938,0.5056509882961245,True
linear_activation,0.95,1,2,1.0,8.182261084470007,0.1032021861482307,linear_activation,0.5328095555305481,0.9806097149848938,0.9806097149848938,0.5433451733024651,True
linear_activation,0.95,1,4,1.0,6.69493964544323,0.1037700768788048,linear_activation,0.6058448553085327,0.7964547276496887,0.9806097149848938,0.6178246513883107,True
linear_activation,0.95,1,2,1.0,6.055964668833263,0.1037821492995412,linear_activation,0.5612884759902954,0.9806097149848938,0.9806097149848938,0.5723872274699441,True
linear_activation,0.95,1,8,1.0,6.055964668833263,0.1040412642792526,linear_activation,0.46396470069885254,0.6391130685806274,0.9806097149848938,0.47313900077565507,True
linear_activation,0.95,0,0,1.0,7.4013339421880975,0.1041308138536377,linear_activation,0.7701717615127563,0.8097120523452759,0.9806097149848938,0.78540090898918,True
linear_activation,0.95,1,4,1.0,7.4013339421880975,0.1042268617141347,linear_activation,0.4984455406665802,0.7964547276496887,0.9806097149848938,0.5083016546233776,True
linear_activation,0.95,1,2,1.0,6.69493964544323,0.104481315567298,linear_activation,0.4381575882434845,0.9806097149848938,0.9806097149848938,0.4468215861498316,True
linear_activation,0.95,1,2,1.0,5.477974412378556,0.1046539039295493,linear_activation,0.5163341760635376,0.9806097149848938,0.9806097149848938,0.5265440145792271,True
linear_activation,0.95,1,8,1.0,6.69493964544323,0.1051196822767526,linear_activation,0.4416694939136505,0.6391130685806274,0.9806097149848938,0.4504029351987956,True
linear_activation,0.95,1,8,1.0,5.477974412378556,0.1051402324589076,linear_activation,0.6463095545768738,0.6391130685806274,0.9806097149848938,0.6590894875917379,True
linear_activation,0.95,0,0,1.0,6.69493964544323,0.106448064283005,linear_activation,0.6638796329498291,0.8097120523452759,0.9806097149848938,0.6770069914716846,True
linear_activation,0.95,1,4,1.0,6.055964668833263,0.1065702113835846,linear_activation,0.6935024857521057,0.7964547276496887,0.9806097149848938,0.7072155977597969,True
linear_activation,0.95,1,2,1.0,4.955148403871969,0.1068920665516866,linear_activation,0.7082041501998901,0.9806097149848938,0.9806097149848938,0.7222079685502606,True
linear_activation,0.95,1,8,1.0,4.482221685612751,0.1069644595546803,linear_activation,0.5908694863319397,0.6391130685806274,0.9806097149848938,0.6025531639170452,True
linear_activation,0.95,1,8,1.0,4.955148403871969,0.1072354215984034,linear_activation,0.5436739325523376,0.6391130685806274,0.9806097149848938,0.5544243792860168,True
linear_activation,0.95,1,4,1.0,5.477974412378556,0.1072404036392036,linear_activation,0.5643768906593323,0.7964547276496887,0.9806097149848938,0.5755367115326064,True
linear_activation,0.95,0,0,1.0,10.000000000000002,0.1074134372353413,linear_activation,0.5476576685905457,0.8097120523452759,0.9806097149848938,0.5584868885364677,True
linear_activation,0.95,1,4,1.0,4.482221685612751,0.1081614184563235,linear_activation,0.669723629951477,0.7964547276496887,0.9806097149848938,0.6829665459328986,True
linear_activation,0.95,1,8,1.0,4.054431795277528,0.1085678859194587,linear_activation,0.5553708076477051,0.6391130685806274,0.9806097149848938,0.5663525449125909,True
linear_activation,0.95,0,0,1.0,4.054431795277528,0.1086869284779798,linear_activation,0.6645652651786804,0.8097120523452759,0.9806097149848938,0.6777061811884232,True
linear_activation,0.95,1,2,1.0,4.054431795277528,0.1091553467543076,linear_activation,0.7119227647781372,0.9806097149848938,0.9806097149848938,0.7260001139078092,True
linear_activation,0.95,1,4,1.0,4.955148403871969,0.1093431874702691,linear_activation,0.4924621880054474,0.7964547276496887,0.9806097149848938,0.5021999889252919,True
linear_activation,0.95,1,2,1.0,4.482221685612751,0.1096188496729543,linear_activation,0.5506110787391663,0.9806097149848938,0.9806097149848938,0.5614986985394576,True
linear_activation,0.95,1,4,1.0,4.054431795277528,0.1102377919991365,linear_activation,0.7530819177627563,0.7964547276496887,0.9806097149848938,0.7679731357488718,True
linear_activation,0.95,1,2,1.0,3.667470807015676,0.1114767925975624,linear_activation,0.7869867086410522,0.9806097149848938,0.9806097149848938,0.8025483498837004,True
linear_activation,0.95,1,2,1.0,3.317441949813717,0.1115121224172619,linear_activation,0.9219371676445007,0.9806097149848938,0.9806097149848938,0.9401672791490783,True
linear_activation,0.95,0,0,1.0,5.477974412378556,0.1116863329849724,linear_activation,0.6007959842681885,0.8097120523452759,0.9806097149848938,0.6126759454728058,True
linear_activation,0.95,0,0,1.0,9.045585157672232,0.1119006088840213,linear_activation,0.5339787006378174,0.8097120523452759,0.9806097149848938,0.544537436737554,True
linear_activation,0.95,1,4,1.0,3.667470807015676,0.1125400948532193,linear_activation,0.5255089402198792,0.7964547276496887,0.9806097149848938,0.5359001977947716,True
linear_activation,0.95,0,0,1.0,4.955148403871969,0.1127904255095275,linear_activation,0.5773873329162598,0.8097120523452759,0.9806097149848938,0.5888044184073318,True
linear_activation,0.95,1,8,1.0,3.667470807015676,0.1128176906128891,linear_activation,0.5921990871429443,0.6391130685806274,0.9806097149848938,0.603909055859259,True
linear_activation,0.95,1,8,1.0,3.317441949813717,0.1134493571408919,linear_activation,0.7384504675865173,0.6391130685806274,0.9806097149848938,0.7530523676260877,True
linear_activation,0.95,1,4,1.0,3.000820366267417,0.1134537236903756,linear_activation,0.752816915512085,0.7964547276496887,0.9806097149848938,0.7677028934224683,True
linear_activation,0.95,1,2,1.0,3.000820366267417,0.1143922273436242,linear_activation,0.5988037586212158,0.9806097149848938,0.9806097149848938,0.6106443261480846,True
linear_activation,0.95,1,8,1.0,2.714417616594908,0.1143953169446136,linear_activation,0.5852745175361633,0.6391130685806274,0.9806097149848938,0.5968475618714214,True
linear_activation,0.95,1,8,1.0,2.221007363126434,0.1152341175723328,linear_activation,0.7335740923881531,0.6391130685806274,0.9806097149848938,0.7480795684340673,True
linear_activation,0.95,0,0,1.0,6.055964668833263,0.1155044641335684,linear_activation,0.9956669211387634,0.8097120523452759,0.9806097149848938,1.0,True
linear_activation,0.95,1,4,1.0,3.317441949813717,0.1156062133309184,linear_activation,0.6642303466796875,0.7964547276496887,0.9806097149848938,0.6773646401105866,True
linear_activation,0.95,0,0,1.0,3.317441949813717,0.1160406936565301,linear_activation,0.6476560831069946,0.8097120523452759,0.9806097149848938,0.660462641976754,True
linear_activation,0.95,1,8,1.0,3.000820366267417,0.1168477512473715,linear_activation,0.6546989679336548,0.6391130685806274,0.9806097149848938,0.667644790714459,True
linear_activation,0.95,0,0,1.0,4.482221685612751,0.117266934698146,linear_activation,0.6978116631507874,0.8097120523452759,0.9806097149848938,0.7116099835514449,True
linear_activation,0.95,1,8,1.0,2.455349570439492,0.1178147788606039,linear_activation,0.924895703792572,0.6391130685806274,0.9806097149848938,0.9431843165115084,True
linear_activation,0.95,0,0,1.0,3.667470807015676,0.1182408602732758,linear_activation,1.0190507173538208,0.8097120523452759,0.9806097149848938,1.0,True
linear_activation,0.95,1,8,1.0,2.0090311238977194,0.1184060220110011,linear_activation,0.6782011389732361,0.6391130685806274,0.9806097149848938,0.6916116866980904,True
linear_activation,0.95,1,2,1.0,2.714417616594908,0.1187277248767605,linear_activation,0.653551459312439,0.9806097149848938,0.9806097149848938,0.6664745915988675,True
linear_activation,0.95,1,2,1.0,2.455349570439492,0.1189680772919826,linear_activation,0.6884244680404663,0.9806097149848938,0.9806097149848938,0.7020371688353826,True
linear_activation,0.95,1,4,1.0,2.714417616594908,0.1196373212721269,linear_activation,0.9071096181869507,0.7964547276496887,0.9806097149848938,0.9250465341360855,True
linear_activation,0.95,1,4,1.0,2.455349570439492,0.120350324450921,linear_activation,0.5862877368927002,0.7964547276496887,0.9806097149848938,0.5978808163263322,True
linear_activation,0.95,1,2,1.0,2.221007363126434,0.1204656227358685,linear_activation,0.6278692483901978,0.9806097149848938,0.9806097149848938,0.6402845482719596,True
linear_activation,0.95,1,2,1.0,2.0090311238977194,0.1206045268416566,linear_activation,0.8269235491752625,0.9806097149848938,0.9806097149848938,0.8432748896312955,True
linear_activation,0.95,0,0,1.0,2.455349570439492,0.1209194123384933,linear_activation,0.6652034521102905,0.8097120523452759,0.9806097149848938,0.6783569874387161,True
linear_activation,0.95,1,4,1.0,2.221007363126434,0.1221943377494198,linear_activation,0.6698657274246216,0.7964547276496887,0.9806097149848938,0.6831114531992382,True
linear_activation,0.95,1,4,1.0,1.3450342120312204,0.1225975324502216,linear_activation,0.6008244752883911,0.7964547276496887,0.9806097149848938,0.6127049998659729,True
linear_activation,0.95,0,0,1.0,2.221007363126434,0.1226198797249814,linear_activation,0.8250800967216492,0.8097120523452759,0.9806097149848938,0.8413949852968359,True
linear_activation,0.95,1,4,1.0,2.0090311238977194,0.1227696814815064,linear_activation,0.8133992552757263,0.7964547276496887,0.9806097149848938,0.8294831703643245,True
linear_activation,0.95,0,0,1.0,3.000820366267417,0.1230020387691706,linear_activation,0.8105429410934448,0.8097120523452759,0.9806097149848938,0.82657037627445,True
linear_activation,0.95,1,2,1.0,1.817286211563076,0.1234888892226618,linear_activation,0.7349115014076233,0.9806097149848938,0.9806097149848938,0.7494434229819399,True
linear_activation,0.95,1,2,1.0,1.4869510248216484,0.1239284238636594,linear_activation,0.7536269426345825,0.9806097149848938,0.9806097149848938,0.7685289377805034,True
linear_activation,0.95,1,8,1.0,1.643841718255735,0.1245614073090746,linear_activation,0.6300203800201416,0.6391130685806274,0.9806097149848938,0.642478215739324,True
linear_activation,0.95,0,0,1.0,1.4869510248216484,0.124686972843163,linear_activation,0.7193440198898315,0.8097120523452759,0.9806097149848938,0.7335681147120932,True
linear_activation,0.95,1,8,1.0,1.817286211563076,0.124836258920388,linear_activation,0.6440590023994446,0.6391130685806274,0.9806097149848938,0.6567944336645352,True
linear_activation,0.95,1,2,1.0,1.2166621504910964,0.1248373813988685,linear_activation,0.6902445554733276,0.9806097149848938,0.9806097149848938,0.7038932461361153,True
linear_activation,0.95,1,4,1.0,1.817286211563076,0.1248436886334243,linear_activation,0.6934041380882263,0.7964547276496887,0.9806097149848938,0.707115305398446,True
linear_activation,0.95,0,0,1.0,2.714417616594908,0.124886837094951,linear_activation,0.677242636680603,0.8097120523452759,0.9806097149848938,0.6906342312660403,True
linear_activation,0.95,0,0,1.0,1.1005421090383831,0.1253684464467711,linear_activation,0.6132941842079163,0.8097120523452759,0.9806097149848938,0.6254212811030166,True
linear_activation,0.95,0,0,1.0,2.0090311238977194,0.1253801581153588,linear_activation,0.5416257381439209,0.8097120523452759,0.9806097149848938,0.5523356844901997,True
linear_activation,0.95,1,2,1.0,1.1005421090383831,0.1256612329455463,linear_activation,0.6968516111373901,0.9806097149848938,0.9806097149848938,0.710630947754913,True
linear_activation,0.95,1,4,1.0,1.643841718255735,0.1259692753060183,linear_activation,0.6836411952972412,0.7964547276496887,0.9806097149848938,0.6971593130787743,True
linear_activation,0.95,1,2,1.0,1.3450342120312204,0.1261108325688781,linear_activation,0.7200980186462402,0.9806097149848938,0.9806097149848938,0.7343370228157828,True
linear_activation,0.95,1,4,1.0,1.1005421090383831,0.1263705981334948,linear_activation,0.71138995885849,0.7964547276496887,0.9806097149848938,0.7254567724422849,True
linear_activation,0.95,0,0,1.0,1.643841718255735,0.1266538641134859,linear_activation,0.765989363193512,0.8097120523452759,0.9806097149848938,0.7811358091688007,True
linear_activation,0.95,1,2,1.0,1.643841718255735,0.1267068491036433,linear_activation,0.7026827931404114,0.9806097149848938,0.9806097149848938,0.7165774338175266,True
linear_activation,0.95,1,8,1.0,1.4869510248216484,0.1272375884435004,linear_activation,0.7234108448028564,0.6391130685806274,0.9806097149848938,0.737715355812073,True
linear_activation,0.95,1,8,1.0,1.2166621504910964,0.1273255811654084,linear_activation,0.6630357503890991,0.6391130685806274,0.9806097149848938,0.6761464222280452,True
linear_activation,0.95,2,8,1.0,0.7368062997280775,0.1275225297630776,linear_activation,0.00036418501986190677,0.6279029250144958,0.9806097149848938,0.00037138630618963124,True
linear_activation,0.95,1,4,1.0,1.2166621504910964,0.1276161535514144,linear_activation,0.998475193977356,0.7964547276496887,0.9806097149848938,1.0,True
linear_activation,0.95,1,4,1.0,0.8145479666433055,0.1276553976205557,linear_activation,0.630297064781189,0.7964547276496887,0.9806097149848938,0.6427603715825909,True
linear_activation,0.95,1,8,1.0,1.3450342120312204,0.1277054238219784,linear_activation,0.6250181198120117,0.6391130685806274,0.9806097149848938,0.6373770423247745,True
linear_activation,0.95,1,4,1.0,1.4869510248216484,0.1278423600689757,linear_activation,0.7133981585502625,0.7964547276496887,0.9806097149848938,0.7275046816778195,True
linear_activation,0.95,2,8,1.0,0.6028741513057392,0.1280674961594199,linear_activation,0.15128323435783386,0.6279029250144958,0.9806097149848938,0.15427466406465734,True
linear_activation,0.95,1,8,1.0,1.1005421090383831,0.1288112679241657,linear_activation,0.8272135257720947,0.6391130685806274,0.9806097149848938,0.8435706001391572,True
linear_activation,0.95,1,2,1.0,0.6664844128899691,0.1289529845391439,linear_activation,0.726783812046051,0.9806097149848938,0.9806097149848938,0.7411550191069105,True
linear_activation,0.95,0,0,1.0,1.817286211563076,0.1294814087999825,linear_activation,0.5598242282867432,0.8097120523452759,0.9806097149848938,0.5708940261675535,True
linear_activation,0.95,2,8,1.0,0.9955047366910889,0.1299068832686427,linear_activation,1.10500900518673e-06,0.6279029250144958,0.9806097149848938,1.1268591247882473e-06,True
linear_activation,0.95,1,4,1.0,0.900492287060531,0.130057695578654,linear_activation,0.6701898574829102,0.7964547276496887,0.9806097149848938,0.6834419925089508,True
linear_activation,0.95,1,2,1.0,0.9955047366910889,0.1304774688364129,linear_activation,0.6821542978286743,0.9806097149848938,0.9806097149848938,0.6956430141416484,True
linear_activation,0.95,1,2,1.0,0.5453349474995434,0.1305046441851809,linear_activation,0.7402567267417908,0.9806097149848938,0.9806097149848938,0.7548943432129819,True
linear_activation,0.95,1,2,1.0,0.900492287060531,0.1315568675101387,linear_activation,0.7220284342765808,0.9806097149848938,0.9806097149848938,0.7363056099109763,True
linear_activation,0.95,0,0,1.0,1.2166621504910964,0.1319238285954858,linear_activation,0.7523775696754456,0.8097120523452759,0.9806097149848938,0.767254860091852,True
linear_activation,0.95,2,4,1.0,0.900492287060531,0.132053252720442,linear_activation,3.4751462818505274e-10,7.235066004795954e-05,0.9806097149848938,3.5438627914308005e-10,True
linear_activation,0.95,1,2,1.0,0.8145479666433055,0.1321665295406509,linear_activation,0.7410600781440735,0.9806097149848938,0.9806097149848938,0.7557135798470949,True
linear_activation,0.95,1,8,1.0,0.900492287060531,0.1323200236321393,linear_activation,0.6969581842422485,0.6391130685806274,0.9806097149848938,0.7107396282046676,True
linear_activation,0.95,1,8,1.0,0.9955047366910889,0.132481106807761,linear_activation,0.6878755688667297,0.6391130685806274,0.9806097149848938,0.7014774158925464,True
linear_activation,0.95,2,2,1.0,0.6028741513057392,0.1325012139246407,linear_activation,0.005206836853176355,0.4910132586956024,0.9806097149848938,0.005309795297364116,True
linear_activation,0.95,1,4,1.0,0.9955047366910889,0.1325387118871227,linear_activation,0.7351409792900085,0.7964547276496887,0.9806097149848938,0.7496774384917585,True
linear_activation,0.95,1,8,1.0,0.8145479666433055,0.1326000217701086,linear_activation,0.6230288147926331,0.6391130685806274,0.9806097149848938,0.6353484013792692,True
linear_activation,0.95,1,4,1.0,0.7368062997280775,0.1326753270514264,linear_activation,1.025661826133728,0.7964547276496887,0.9806097149848938,1.0,True
linear_activation,0.95,1,8,1.0,0.7368062997280775,0.1330751583749575,linear_activation,0.7133740782737732,0.6391130685806274,0.9806097149848938,0.7274801252451009,True
linear_activation,0.95,1,4,1.0,0.6664844128899691,0.1331837590747299,linear_activation,0.6631406545639038,0.7964547276496887,0.9806097149848938,0.6762534007468195,True
linear_activation,0.95,1,8,1.0,0.4462072918927006,0.1332506472674535,linear_activation,0.7482220530509949,0.6391130685806274,0.9806097149848938,0.7630171735169085,True
linear_activation,0.95,2,4,1.0,0.4932873707061831,0.1335007061297711,linear_activation,2.635840345988072e-08,7.235066004795954e-05,0.9806097149848938,2.6879606694786587e-08,True
linear_activation,0.95,1,2,1.0,0.4462072918927006,0.1340858130482671,linear_activation,0.7520532011985779,0.9806097149848938,0.9806097149848938,0.7669240776491422,True
linear_activation,0.95,2,8,1.0,0.6664844128899691,0.1342010468561777,linear_activation,0.006151105277240276,0.6279029250144958,0.9806097149848938,0.006272735404559023,True
linear_activation,0.95,1,4,1.0,0.6028741513057392,0.1345996651451511,linear_activation,0.7029430866241455,0.7964547276496887,0.9806097149848938,0.7168428742672351,True
linear_activation,0.95,2,8,1.0,0.3650984560060393,0.1346713406039415,linear_activation,0.41740748286247253,0.6279029250144958,0.9806097149848938,0.42566117435304285,True
linear_activation,0.95,2,8,1.0,0.2,0.1346942307544561,linear_activation,0.513175904750824,0.6279029250144958,0.9806097149848938,0.5233232925483808,True
linear_activation,0.95,1,4,1.0,0.5453349474995434,0.1348578509442558,linear_activation,0.9581407904624939,0.7964547276496887,0.9806097149848938,0.9770867816430454,True
linear_activation,0.95,1,2,1.0,0.4036206056789731,0.1350014270293956,linear_activation,1.0026551485061646,0.9806097149848938,0.9806097149848938,1.0,True
linear_activation,0.95,1,8,1.0,0.6664844128899691,0.1350237193902289,linear_activation,0.7563406825065613,0.6391130685806274,0.9806097149848938,0.7712963383380438,True
linear_activation,0.95,2,8,1.0,0.4462072918927006,0.1353654177478863,linear_activation,0.3949322998523712,0.6279029250144958,0.9806097149848938,0.4027415737549114,True
linear_activation,0.95,1,2,1.0,0.6028741513057392,0.1356856110747715,linear_activation,0.7903421521186829,0.9806097149848938,0.9806097149848938,0.8059701429032426,True
linear_activation,0.95,2,4,1.0,0.2702215594677964,0.1358234659647741,linear_activation,5.801546194561524e-07,7.235066004795954e-05,0.9806097149848938,5.916264244486806e-07,True
linear_activation,0.95,1,8,1.0,0.3650984560060393,0.1360299478949229,linear_activation,0.5909342765808105,0.6391130685806274,0.9806097149848938,0.6026192353090382,True
linear_activation,0.95,1,2,1.0,0.7368062997280775,0.1361112386683578,linear_activation,0.8763354420661926,0.9806097149848938,0.9806097149848938,0.8936638386044263,True
linear_activation,0.95,2,8,1.0,0.4036206056789731,0.1362865363524666,linear_activation,0.37771737575531006,0.6279029250144958,0.9806097149848938,0.38518624686593966,True
linear_activation,0.95,2,8,1.0,0.4932873707061831,0.136309834822387,linear_activation,0.40014174580574036,0.6279029250144958,0.9806097149848938,0.4080540297440399,True
linear_activation,0.95,1,4,1.0,0.3650984560060393,0.1367100616214264,linear_activation,0.7518686652183533,0.7964547276496887,0.9806097149848938,0.7667358927092984,True
linear_activation,0.95,1,2,1.0,0.4932873707061831,0.1367290130021626,linear_activation,0.7522713541984558,0.9806097149848938,0.9806097149848938,0.7671465443415931,True
linear_activation,0.95,0,0,1.0,0.9955047366910889,0.136769766216635,linear_activation,0.8313265442848206,0.8097120523452759,0.9806097149848938,0.8477649482573473,True
linear_activation,0.95,1,8,1.0,0.6028741513057392,0.1368266657503898,linear_activation,0.7394769191741943,0.6391130685806274,0.9806097149848938,0.7540991159623438,True
linear_activation,0.95,2,8,1.0,0.2987330888578299,0.1370720887785181,linear_activation,0.3923649787902832,0.6279029250144958,0.9806097149848938,0.40012348724928504,True
linear_activation,0.95,2,4,1.0,0.2211023350218148,0.1371869365679246,linear_activation,1.2099237665097462e-06,7.235066004795954e-05,0.9806097149848938,1.233848439415456e-06,True
linear_activation,0.95,2,8,1.0,0.3302529174737275,0.1372153622303953,linear_activation,0.42583513259887695,0.6279029250144958,0.9806097149848938,0.43425546993019226,True
linear_activation,0.95,1,4,1.0,0.4932873707061831,0.1373506942512612,linear_activation,0.7076295018196106,0.7964547276496887,0.9806097149848938,0.7216219572437252,True
linear_activation,0.95,0,0,1.0,0.900492287060531,0.1373948435312744,linear_activation,1.3008637428283691,0.8097120523452759,0.9806097149848938,1.0,True
linear_activation,0.95,2,2,1.0,0.2211023350218148,0.1376110493519165,linear_activation,0.40050074458122253,0.4910132586956024,0.9806097149848938,0.4084201272545951,True
linear_activation,0.95,2,8,1.0,1.1005421090383831,0.1376718711100904,linear_activation,1.9279445950814988e-07,0.6279029250144958,0.9806097149848938,1.9660671984176689e-07,True
linear_activation,0.95,2,8,1.0,0.2702215594677964,0.1376732380663391,linear_activation,0.43504926562309265,0.6279029250144958,0.9806097149848938,0.4436518004819018,True
linear_activation,0.95,1,8,1.0,0.4036206056789731,0.1377360523447194,linear_activation,0.6252318024635315,0.6391130685806274,0.9806097149848938,0.6375949502735276,True
linear_activation,0.95,0,0,1.0,0.6664844128899691,0.138068099907491,linear_activation,0.7761788368225098,0.8097120523452759,0.9806097149848938,0.7915267664204885,True
linear_activation,0.95,2,8,1.0,0.8145479666433055,0.1380825942338019,linear_activation,3.977170490543358e-05,0.6279029250144958,0.9806097149848938,4.055813877598211e-05,True
linear_activation,0.95,1,8,1.0,0.3302529174737275,0.1382097486612251,linear_activation,0.959443211555481,0.6391130685806274,0.9806097149848938,0.9784149564235768,True
linear_activation,0.95,0,0,1.0,0.6028741513057392,0.1385096195138671,linear_activation,0.9554772973060608,0.8097120523452759,0.9806097149848938,0.9743706213646678,True
linear_activation,0.95,1,2,1.0,0.3302529174737275,0.1385153560534023,linear_activation,0.7509162425994873,0.9806097149848938,0.9806097149848938,0.7657646371686774,True
linear_activation,0.95,2,4,1.0,0.6664844128899691,0.1385677987570738,linear_activation,3.6780036793970794e-09,7.235066004795954e-05,0.9806097149848938,3.750731430856504e-09,True
linear_activation,0.95,1,4,1.0,0.4036206056789731,0.1385760492589569,linear_activation,0.7897061705589294,0.7964547276496887,0.9806097149848938,0.8053215856331739,True
linear_activation,0.95,2,8,1.0,0.2211023350218148,0.1386801207251248,linear_activation,0.5137140154838562,0.6279029250144958,0.9806097149848938,0.5238720437230932,True
linear_activation,0.95,2,4,1.0,0.2,0.1387839610510172,linear_activation,1.7223148915945785e-06,7.235066004795954e-05,0.9806097149848938,1.7563714342980077e-06,True
linear_activation,0.95,2,4,1.0,1.2166621504910964,0.1388957793531359,linear_activation,2.4055112068932516e-11,7.235066004795954e-05,0.9806097149848938,2.4530770704533642e-11,True
linear_activation,0.95,2,4,1.0,0.2987330888578299,0.1390584713806818,linear_activation,3.660786944692518e-07,7.235066004795954e-05,0.9806097149848938,3.7331742575576175e-07,True
linear_activation,0.95,2,8,1.0,0.5453349474995434,0.1390781194027122,linear_activation,0.40860673785209656,0.6279029250144958,0.9806097149848938,0.416686406026878,True
linear_activation,0.95,1,8,1.0,0.2987330888578299,0.1392995960323787,linear_activation,0.7803142070770264,0.6391130685806274,0.9806097149848938,0.7957439082571673,True
linear_activation,0.95,1,8,1.0,0.5453349474995434,0.1393856823022122,linear_activation,0.9975854158401489,0.6391130685806274,0.9806097149848938,1.0,True
linear_activation,0.95,2,2,1.0,0.2702215594677964,0.1393906526860519,linear_activation,0.38381919264793396,0.4910132586956024,0.9806097149848938,0.39140871927201604,True
linear_activation,0.95,1,4,1.0,0.2987330888578299,0.1395172539285455,linear_activation,0.7899079322814941,0.7964547276496887,0.9806097149848938,0.8055273369320664,True
linear_activation,0.95,1,2,1.0,0.2702215594677964,0.1395475840088616,linear_activation,0.7962857484817505,0.9806097149848938,0.9806097149848938,0.8120312661740428,True
linear_activation,0.95,1,8,1.0,0.2444312127604942,0.1396947944993872,linear_activation,0.665465235710144,0.6391130685806274,0.9806097149848938,0.6786239474696572,True
linear_activation,0.95,2,8,1.0,0.2444312127604942,0.1396982347628101,linear_activation,0.4347940981388092,0.6279029250144958,0.9806097149848938,0.44339158739163337,True
linear_activation,0.95,0,0,1.0,1.3450342120312204,0.1398259735740501,linear_activation,0.6933149695396423,0.8097120523452759,0.9806097149848938,0.7070243736574879,True
linear_activation,0.95,1,4,1.0,0.4462072918927006,0.139892742651252,linear_activation,0.6764702200889587,0.7964547276496887,0.9806097149848938,0.6898465411383159,True
linear_activation,0.95,2,2,1.0,0.4036206056789731,0.1399378744428632,linear_activation,0.3943905532360077,0.4910132586956024,0.9806097149848938,0.4021891148019916,True
linear_activation,0.95,1,8,1.0,0.4932873707061831,0.1400207759668518,linear_activation,0.7477777004241943,0.6391130685806274,0.9806097149848938,0.7625640343933506,True
linear_activation,0.95,2,2,1.0,0.3302529174737275,0.1400447334898069,linear_activation,0.38405734300613403,0.4910132586956024,0.9806097149848938,0.3916515787446083,True
linear_activation,0.95,2,8,1.0,0.900492287060531,0.1402443306632713,linear_activation,6.096755896578543e-06,0.6279029250144958,0.9806097149848938,6.217311335399592e-06,True
linear_activation,0.95,2,4,1.0,0.7368062997280775,0.1402936443871203,linear_activation,1.7056295265049926e-09,7.235066004795954e-05,0.9806097149848938,1.7393561377589122e-09,True
linear_activation,0.95,1,4,1.0,0.3302529174737275,0.1405743522549757,linear_activation,0.7724396586418152,0.7964547276496887,0.9806097149848938,0.78771365084193,True
linear_activation,0.95,2,4,1.0,0.2444312127604942,0.140670928364492,linear_activation,8.585411137573828e-07,7.235066004795954e-05,0.9806097149848938,8.755176505370524e-07,True
linear_activation,0.95,1,2,1.0,0.2444312127604942,0.1407263642379667,linear_activation,0.7894430756568909,0.9806097149848938,0.9806097149848938,0.8050532883707482,True
linear_activation,0.95,1,2,1.0,0.2987330888578299,0.1407324495847003,linear_activation,0.7601454257965088,0.9806097149848938,0.9806097149848938,0.775176315490836,True
linear_activation,0.95,0,0,1.0,0.5453349474995434,0.1407932246588229,linear_activation,0.6826239228248596,0.8097120523452759,0.9806097149848938,0.696121925362911,True
linear_activation,0.95,1,4,1.0,0.2702215594677964,0.1410450337295841,linear_activation,0.685279369354248,0.7964547276496887,0.9806097149848938,0.6988298799026326,True
linear_activation,0.95,0,0,1.0,0.7368062997280775,0.1410874618390537,linear_activation,0.578262209892273,0.8097120523452759,0.9806097149848938,0.589696594940609,True
linear_activation,0.95,1,2,1.0,0.3650984560060393,0.1412470160768644,linear_activation,0.8506649732589722,0.9806097149848938,0.9806097149848938,0.8674857695776311,True
linear_activation,0.95,2,4,1.0,0.6028741513057392,0.1412872595840761,linear_activation,7.319588046783565e-09,7.235066004795954e-05,0.9806097149848938,7.464323405052461e-09,True
linear_activation,0.95,1,8,1.0,0.2,0.141367540226099,linear_activation,0.6416749358177185,0.6391130685806274,0.9806097149848938,0.6543632252588926,True
linear_activation,0.95,0,0,1.0,0.4462072918927006,0.141663594941703,linear_activation,0.6546782851219177,0.8097120523452759,0.9806097149848938,0.6676236989269507,True
linear_activation,0.95,1,8,1.0,0.2211023350218148,0.1419648215159964,linear_activation,0.7896966338157654,0.6391130685806274,0.9806097149848938,0.8053118603132854,True
linear_activation,0.95,2,4,1.0,0.5453349474995434,0.1420540007975231,linear_activation,1.4121321889604133e-08,7.235066004795954e-05,0.9806097149848938,1.4400552711046382e-08,True
linear_activation,0.95,0,0,1.0,0.3302529174737275,0.1424748644363173,linear_activation,0.8066542148590088,0.8097120523452759,0.9806097149848938,0.8226047555233891,True
linear_activation,0.95,1,2,1.0,0.2,0.142519623146145,linear_activation,0.7338736653327942,0.9806097149848938,0.9806097149848938,0.7483850650450669,True
linear_activation,0.95,0,0,1.0,0.2,0.1426350221527102,linear_activation,0.8692499399185181,0.8097120523452759,0.9806097149848938,0.8864382298434692,True
linear_activation,0.95,0,0,1.0,0.4932873707061831,0.1427956919342558,linear_activation,1.4857194423675537,0.8097120523452759,0.9806097149848938,1.0,True
linear_activation,0.95,1,4,1.0,0.2444312127604942,0.1428789070329306,linear_activation,0.7615794539451599,0.7964547276496887,0.9806097149848938,0.7766386996858297,True
linear_activation,0.95,0,0,1.0,0.3650984560060393,0.1429403467370275,linear_activation,0.7945790886878967,0.8097120523452759,0.9806097149848938,0.8102908593967347,True
linear_activation,0.95,1,4,1.0,0.2211023350218148,0.1435994219360179,linear_activation,0.7431281805038452,0.7964547276496887,0.9806097149848938,0.7578225762481795,True
linear_activation,0.95,1,4,1.0,0.2,0.1439314015531256,linear_activation,0.8842183947563171,0.7964547276496887,0.9806097149848938,0.9017026664578154,True
linear_activation,0.95,2,4,1.0,0.4036206056789731,0.144590407083521,linear_activation,8.553652008913559e-08,7.235066004795954e-05,0.9806097149848938,8.722789381140617e-08,True
linear_activation,0.95,0,0,1.0,0.2987330888578299,0.1448142550728898,linear_activation,0.7332525849342346,0.8097120523452759,0.9806097149848938,0.747751703587324,True
linear_activation,0.95,0,0,1.0,0.2211023350218148,0.145188861378527,linear_activation,0.8193963170051575,0.8097120523452759,0.9806097149848938,0.8355988162097499,True
linear_activation,0.95,1,8,1.0,0.2702215594677964,0.1451941375518937,linear_activation,0.7796303629875183,0.6391130685806274,0.9806097149848938,0.7950465420379079,True
linear_activation,0.95,2,2,1.0,0.4462072918927006,0.1453505162522308,linear_activation,0.3982526659965515,0.4910132586956024,0.9806097149848938,0.40612759583223845,True
linear_activation,0.95,2,4,1.0,0.4462072918927006,0.1454678327794467,linear_activation,4.8007379405135e-08,7.235066004795954e-05,0.9806097149848938,4.895666305516313e-08,True
linear_activation,0.95,0,0,1.0,0.8145479666433055,0.1455095599583112,linear_activation,0.9595575332641602,0.8097120523452759,0.9806097149848938,0.9785315386957409,True
linear_activation,0.95,1,2,1.0,0.2211023350218148,0.1455749150188808,linear_activation,0.848236083984375,0.9806097149848938,0.9806097149848938,0.8650088521685123,True
linear_activation,0.95,2,4,1.0,0.3302529174737275,0.1472011228983031,linear_activation,2.3788734893059882e-07,7.235066004795954e-05,0.9806097149848938,2.425912626556667e-07,True
linear_activation,0.95,0,0,1.0,0.4036206056789731,0.147230485185434,linear_activation,0.8251953721046448,0.8097120523452759,0.9806097149848938,0.841512540100989,True
linear_activation,0.95,2,4,1.0,0.3650984560060393,0.1472468507949992,linear_activation,1.4357947009102645e-07,7.235066004795954e-05,0.9806097149848938,1.4641856785320374e-07,True
linear_activation,0.95,2,2,1.0,0.2987330888578299,0.1473102293224852,linear_activation,0.4219798147678375,0.4910132586956024,0.9806097149848938,0.430323918190366,True
linear_activation,0.95,0,0,1.0,0.2702215594677964,0.1487473324555779,linear_activation,1.3434453010559082,0.8097120523452759,0.9806097149848938,1.0,True
linear_activation,0.95,2,2,1.0,0.2,0.1489774589053069,linear_activation,0.41160526871681213,0.4910132586956024,0.9806097149848938,0.4197442289495907,True
linear_activation,0.95,2,2,1.0,0.2444312127604942,0.1507441629703124,linear_activation,0.4271789789199829,0.4910132586956024,0.9806097149848938,0.43562588906898964,True
linear_activation,0.95,0,0,1.0,0.2444312127604942,0.1549049367014118,linear_activation,1.4767180681228638,0.8097120523452759,0.9806097149848938,1.0,True
