tau,best_nonlinear_layers,best_hidden_dim,best_alpha,best_lambda,test_loss
0.05,2,4,1.0,1.0,0.03902894504342525
0.1,2,8,0.0,1.0,0.051763236097811006
0.25,2,4,0.0,10.0,0.07830655700349888
0.5,1,8,0.5,10.0,0.09465916827248542
0.75,1,8,0.0,10.0,0.08416546509052532
0.9,1,8,0.5,10.0,0.06098294277917142
0.95,1,2,0.0,10.0,0.052862866486851325
