tau,best_nonlinear_layers,best_hidden_dim,best_alpha,best_lambda,best_validation_loss
0.05,1,4,0.0,0.1,0.0178553972107668
0.1,1,2,1.0,0.1,0.0292641483762611
0.25,1,4,0.5,0.1,0.0502332072596376
0.5,1,4,1.0,0.1,0.0609741649027273
0.75,1,2,1.0,0.1,0.0476304897332253
0.9,1,8,1.0,0.1,0.0278192231009403
0.95,1,4,1.0,0.1,0.0169862424588451
