tau,best_nonlinear_layers,best_hidden_dim,best_alpha,best_lambda,test_loss
0.05,2,4,0.5,1.0,0.038860334295096284
0.1,1,8,1.0,0.1,0.05085543436162612
0.25,1,4,0.0,0.1,0.07165502148670719
0.5,1,2,1.0,0.1,0.08529031997237185
0.75,1,8,1.0,0.1,0.07756929547690293
0.9,1,4,1.0,0.1,0.05957319098876009
0.95,1,4,1.0,0.1,0.05013124696936163
