tau,best_nonlinear_layers,best_hidden_dim,best_alpha,best_lambda,test_loss
0.05,2,8,1.0,0.1,0.038859942843138554
0.1,1,2,1.0,0.1,0.050844335507562836
0.25,0,0,1.0,10.0,0.07135623923944352
0.5,1,8,1.0,0.1,0.08525528009786755
0.75,1,8,1.0,0.1,0.07760818412392094
0.9,1,8,1.0,0.1,0.05953766932485424
0.95,1,2,1.0,0.1,0.050119699902291134
