tau,best_nonlinear_layers,best_hidden_dim,best_alpha,best_lambda,test_loss
0.05,2,4,1.0,0.9955047366910887,0.03889242241436222
0.1,2,4,1.0,8.182261084470007,0.05112216068695987
0.25,2,2,1.0,0.6664844128899691,0.07572414036711297
0.5,1,8,1.0,8.182261084470007,0.09404421372010424
0.75,1,2,1.0,9.045585157672232,0.08091270819364378
0.9,1,4,1.0,10.000000000000002,0.060606628918833366
0.95,1,8,1.0,10.000000000000002,0.05365786132953778
