lambda,validation_loss
0.1,0.06397101967213235
1.0,0.062039185778689256
10.0,0.06301118528889219
