tau,best_nonlinear_layers,best_hidden_dim,best_alpha,best_lambda,test_loss
0.05,2,2,1.0,10.0,0.03885897255067595
0.1,1,8,1.0,0.1,0.05081401948697839
0.25,0,0,1.0,10.0,0.07139314282749967
0.5,1,2,1.0,0.1,0.08520785198135261
0.75,1,2,1.0,0.1,0.07753973113031329
0.9,1,2,1.0,0.1,0.059582544102182035
0.95,1,2,1.0,0.1,0.05013138623076741
