tau,best_nonlinear_layers,best_hidden_dim,best_alpha,best_lambda,test_loss
0.05,2,2,1.0,10.0,0.03889242257935777
0.1,2,8,1.0,10.0,0.05189671668833103
0.25,2,4,1.0,1.0,0.07739334941574186
0.5,2,2,1.0,10.0,0.09769028483188684
0.75,1,2,1.0,10.0,0.08007348102282177
0.9,1,4,1.0,10.0,0.060692073695593624
0.95,1,8,1.0,10.0,0.05383631717065627
