tau,lambda,validation_loss
0.05,0.1,0.025043897334796682
0.05,1.0,0.019598053770760692
0.05,10.0,0.018105921235556398
