tau,lambda,validation_loss
0.9,0.1,0.035593388438845665
0.9,1.0,0.028665718030805375
0.9,10.0,0.028556673503170402
