tau,lambda,validation_loss
0.5,0.1,0.06355657507569341
0.5,1.0,0.06355108403331072
0.5,10.0,0.06355821160269716
