tau,lambda,validation_loss
0.25,0.1,0.057116607159841806
0.25,1.0,0.05137011520254116
0.25,10.0,0.0497868789670368
