tau,lambda,validation_loss
0.1,0.1,0.035789687998592855
0.1,1.0,0.030583906715735784
0.1,10.0,0.029887282043074576
