tau,lambda,validation_loss
0.95,0.1,0.023270994354039447
0.95,1.0,0.01756794066696118
0.95,10.0,0.017883417063703153
