tau,lambda,validation_loss
0.75,0.1,0.056357423383742576
0.75,1.0,0.04877947949028263
0.75,10.0,0.04948756908687451
